{
"type": "FeatureCollection",
"name": "Intervencion_de_mejoramiento_de_barrios",
"features": [
{ "type": "Feature", "properties": { "OBJECTID_1": 1, "id_interve": "19003945", "nomenclatu": "KR 69 ENTRE CL 76 BIS A SUR Y CL 76A SUR", "tipo_inter": 1, "loccodigo": "19", "barrio_leg": "CARACOLI", "numero_con": 720, "año_contr": 2022, "numero_c_1": 0, "año_con_1": 0, "tipo_contr": 1, "estado_con": 1, "entidad_co": 1, "enlace_con": "https:\/\/community.secop.gov.co\/Public\/Tendering\/OpportunityDetail\/Index?noticeUID=CO1.NTC.3403953&isFromPublicArea=True&isModal=False", "id_element": 448439, "tipo_eleme": 2, "funcion_el": 4, "area_eleme": 66.763683717000006, "SHAPE_Leng": 0.00081446715103799996, "Shape_Area": 5.4363622035300002e-09 }, "geometry": { "type": "Polygon", "coordinates": [ [ [ -74.168904450080277, 4.572932465760744 ], [ -74.168904699192467, 4.572931702236303 ], [ -74.168917864367927, 4.572936090028577 ], [ -74.168916662873642, 4.572939755665232 ], [ -74.168800947105979, 4.573294298093458 ], [ -74.168794600590331, 4.573313741436039 ], [ -74.168792132850626, 4.573311458956709 ], [ -74.168790051819371, 4.573308817647842 ], [ -74.168788410556658, 4.573305884059323 ], [ -74.168787248632555, 4.573302729237639 ], [ -74.168786595724782, 4.573299431423663 ], [ -74.16878646712172, 4.573296072455832 ], [ -74.168786866420703, 4.573292734172412 ], [ -74.168788433039708, 4.573287930893343 ], [ -74.168904450080277, 4.572932465760744 ] ] ] } },
{ "type": "Feature", "properties": { "OBJECTID_1": 2, "id_interve": "19003927", "nomenclatu": "KR 70 ENTRE CL 76 BIS A SUR Y CL 76A SUR", "tipo_inter": 1, "loccodigo": "19", "barrio_leg": "CARACOLI", "numero_con": 720, "año_contr": 2022, "numero_c_1": 0, "año_con_1": 0, "tipo_contr": 1, "estado_con": 1, "entidad_co": 1, "enlace_con": "https:\/\/community.secop.gov.co\/Public\/Tendering\/OpportunityDetail\/Index?noticeUID=CO1.NTC.3403953&isFromPublicArea=True&isModal=False", "id_element": 92071163, "tipo_eleme": 2, "funcion_el": 4, "area_eleme": 50.516131912, "SHAPE_Leng": 0.00079147836498700001, "Shape_Area": 4.1134281212600002e-09 }, "geometry": { "type": "Polygon", "coordinates": [ [ [ -74.169122170551702, 4.573004196586453 ], [ -74.169134092864056, 4.573008170690571 ], [ -74.169021138914388, 4.573376380115917 ], [ -74.169012872346116, 4.573373298139245 ], [ -74.169122170551702, 4.573004196586453 ] ] ] } },
{ "type": "Feature", "properties": { "OBJECTID_1": 3, "id_interve": "19003945", "nomenclatu": "KR 69 ENTRE CL 76 BIS A SUR Y CL 76A SUR", "tipo_inter": 1, "loccodigo": "19", "barrio_leg": "CARACOLI", "numero_con": 720, "año_contr": 2022, "numero_c_1": 0, "año_con_1": 0, "tipo_contr": 1, "estado_con": 1, "entidad_co": 1, "enlace_con": "https:\/\/community.secop.gov.co\/Public\/Tendering\/OpportunityDetail\/Index?noticeUID=CO1.NTC.3403953&isFromPublicArea=True&isModal=False", "id_element": 448441, "tipo_eleme": 2, "funcion_el": 4, "area_eleme": 43.856507612199998, "SHAPE_Leng": 0.00075171336343799995, "Shape_Area": 3.57097038179e-09 }, "geometry": { "type": "Polygon", "coordinates": [ [ [ -74.168756263390776, 4.573271563232083 ], [ -74.168854147400964, 4.57291887880325 ], [ -74.168863810616301, 4.57292210557074 ], [ -74.168765080344144, 4.573274695570774 ], [ -74.168756263390776, 4.573271563232083 ] ] ] } },
{ "type": "Feature", "properties": { "OBJECTID_1": 4, "id_interve": "19003960", "nomenclatu": "KR 68 ENTRE CL 76 BIS A SUR Y CL 76A SUR", "tipo_inter": 1, "loccodigo": "19", "barrio_leg": "CARACOLI", "numero_con": 720, "año_contr": 2022, "numero_c_1": 0, "año_con_1": 0, "tipo_contr": 1, "estado_con": 1, "entidad_co": 1, "enlace_con": "https:\/\/community.secop.gov.co\/Public\/Tendering\/OpportunityDetail\/Index?noticeUID=CO1.NTC.3403953&isFromPublicArea=True&isModal=False", "id_element": 448475, "tipo_eleme": 2, "funcion_el": 4, "area_eleme": 57.026960657099998, "SHAPE_Leng": 0.00074760089684800001, "Shape_Area": 4.6434389139700001e-09 }, "geometry": { "type": "Polygon", "coordinates": [ [ [ -74.168513218909879, 4.573185218423134 ], [ -74.168615842347208, 4.572839739362507 ], [ -74.168615956561098, 4.572839351754737 ], [ -74.16862823770299, 4.572843452663278 ], [ -74.168525288711066, 4.573189506390634 ], [ -74.168513218909879, 4.573185218423134 ] ] ] } },
{ "type": "Feature", "properties": { "OBJECTID_1": 5, "id_interve": "19003913", "nomenclatu": "KR 71 ENTRE CL 76 BIS A SUR Y CL 76A SUR", "tipo_inter": 1, "loccodigo": "19", "barrio_leg": "CARACOLI", "numero_con": 720, "año_contr": 2022, "numero_c_1": 0, "año_con_1": 0, "tipo_contr": 1, "estado_con": 1, "entidad_co": 1, "enlace_con": "https:\/\/community.secop.gov.co\/Public\/Tendering\/OpportunityDetail\/Index?noticeUID=CO1.NTC.3403953&isFromPublicArea=True&isModal=False", "id_element": 92071162, "tipo_eleme": 2, "funcion_el": 4, "area_eleme": 49.980505578299997, "SHAPE_Leng": 0.0007703854498, "Shape_Area": 4.0698374295799999e-09 }, "geometry": { "type": "Polygon", "coordinates": [ [ [ -74.169417380207904, 4.573078507567118 ], [ -74.169427957134474, 4.573081118299001 ], [ -74.169361009802742, 4.573449136168733 ], [ -74.169350343843234, 4.573447020063952 ], [ -74.169417380207904, 4.573078507567118 ] ] ] } },
{ "type": "Feature", "properties": { "OBJECTID_1": 6, "id_interve": "19003913", "nomenclatu": "KR 71 ENTRE CL 76 BIS A SUR Y CL 76A SUR", "tipo_inter": 1, "loccodigo": "19", "barrio_leg": "CARACOLI", "numero_con": 720, "año_contr": 2022, "numero_c_1": 0, "año_con_1": 0, "tipo_contr": 1, "estado_con": 1, "entidad_co": 1, "enlace_con": "https:\/\/community.secop.gov.co\/Public\/Tendering\/OpportunityDetail\/Index?noticeUID=CO1.NTC.3403953&isFromPublicArea=True&isModal=False", "id_element": 92071160, "tipo_eleme": 2, "funcion_el": 4, "area_eleme": 33.723176420900003, "SHAPE_Leng": 0.00067244239628200004, "Shape_Area": 2.7459639606600001e-09 }, "geometry": { "type": "Polygon", "coordinates": [ [ [ -74.169407528134855, 4.573402193356571 ], [ -74.16946602723533, 4.573080615578021 ], [ -74.169466224186863, 4.573079534592921 ], [ -74.169474472768684, 4.573080981602061 ], [ -74.169415818984817, 4.573403422729825 ], [ -74.169407528134855, 4.573402193356571 ] ] ] } },
{ "type": "Feature", "properties": { "OBJECTID_1": 7, "id_interve": "19003927", "nomenclatu": "KR 70 ENTRE CL 76 BIS A SUR Y CL 76A SUR", "tipo_inter": 1, "loccodigo": "19", "barrio_leg": "CARACOLI", "numero_con": 720, "año_contr": 2022, "numero_c_1": 0, "año_con_1": 0, "tipo_contr": 1, "estado_con": 1, "entidad_co": 1, "enlace_con": "https:\/\/community.secop.gov.co\/Public\/Tendering\/OpportunityDetail\/Index?noticeUID=CO1.NTC.3403953&isFromPublicArea=True&isModal=False", "id_element": 92071152, "tipo_eleme": 2, "funcion_el": 4, "area_eleme": 55.477920973000003, "SHAPE_Leng": 0.00079822595680799997, "Shape_Area": 4.5173777349800003e-09 }, "geometry": { "type": "Polygon", "coordinates": [ [ [ -74.169063709222769, 4.573389343843189 ], [ -74.169177237839222, 4.573019258432055 ], [ -74.169188575592273, 4.573022056222953 ], [ -74.169074849124968, 4.573392784649343 ], [ -74.169063709222769, 4.573389343843189 ] ] ] } },
{ "type": "Feature", "properties": { "OBJECTID_1": 8, "id_interve": "19003960", "nomenclatu": "KR 68 ENTRE CL 76 BIS A SUR Y CL 76A SUR", "tipo_inter": 1, "loccodigo": "19", "barrio_leg": "CARACOLI", "numero_con": 720, "año_contr": 2022, "numero_c_1": 0, "año_con_1": 0, "tipo_contr": 1, "estado_con": 1, "entidad_co": 1, "enlace_con": "https:\/\/community.secop.gov.co\/Public\/Tendering\/OpportunityDetail\/Index?noticeUID=CO1.NTC.3403953&isFromPublicArea=True&isModal=False", "id_element": 448477, "tipo_eleme": 2, "funcion_el": 4, "area_eleme": 46.837089611099998, "SHAPE_Leng": 0.00078231596212299998, "Shape_Area": 3.8137864642699997e-09 }, "geometry": { "type": "Polygon", "coordinates": [ [ [ -74.168454111867732, 4.573191797863217 ], [ -74.168460684113256, 4.573172419271771 ], [ -74.168577399027697, 4.572828221745112 ], [ -74.16858688507665, 4.572831479988849 ], [ -74.168470557769979, 4.573174533577912 ], [ -74.168468090929593, 4.573181809093285 ], [ -74.168467857105895, 4.57318249707464 ], [ -74.168466935300785, 4.573184509757368 ], [ -74.168465712222826, 4.573186354266909 ], [ -74.16846421754957, 4.573187986536425 ], [ -74.168462486354599, 4.573189366995734 ], [ -74.168460561805432, 4.573190460571368 ], [ -74.168458490666751, 4.573191241182883 ], [ -74.168456323300632, 4.573191690843885 ], [ -74.168454111867732, 4.573191797863217 ] ] ] } },
{ "type": "Feature", "properties": { "OBJECTID_1": 9, "id_interve": "19003945", "nomenclatu": "KR 69 ENTRE CL 76 BIS A SUR Y CL 76A SUR", "tipo_inter": 1, "loccodigo": "19", "barrio_leg": "CARACOLI", "numero_con": 720, "año_contr": 2022, "numero_c_1": 0, "año_con_1": 0, "tipo_contr": 1, "estado_con": 1, "entidad_co": 1, "enlace_con": "https:\/\/community.secop.gov.co\/Public\/Tendering\/OpportunityDetail\/Index?noticeUID=CO1.NTC.3403953&isFromPublicArea=True&isModal=False", "id_element": 448440, "tipo_eleme": 3, "funcion_el": 2, "area_eleme": 163.653079776, "SHAPE_Leng": 0.000897141227342, "Shape_Area": 1.3328288894899999e-08 }, "geometry": { "type": "Polygon", "coordinates": [ [ [ -74.1687582329061, 4.57329914813721 ], [ -74.168751714619873, 4.573296583270746 ], [ -74.168749531965261, 4.573295814350388 ], [ -74.168744856389992, 4.573294166792436 ], [ -74.168747062426974, 4.573294627245275 ], [ -74.168749314329375, 4.573294733365287 ], [ -74.168751553641243, 4.573294482454457 ], [ -74.168753726403338, 4.573293880808023 ], [ -74.168755775958232, 4.573292943714421 ], [ -74.16875765194402, 4.573291694556133 ], [ -74.168759307595906, 4.573290164809293 ], [ -74.168760700645805, 4.573288393144878 ], [ -74.168761796020021, 4.573286422730291 ], [ -74.168764749393631, 4.573275879977928 ], [ -74.168765080344144, 4.573274695570774 ], [ -74.168863810616301, 4.57292210557074 ], [ -74.168863984185464, 4.57292153629993 ], [ -74.168904450080277, 4.572932465760744 ], [ -74.168788433039708, 4.573287930893343 ], [ -74.168786866420703, 4.573292734172412 ], [ -74.16878646712172, 4.573296072455832 ], [ -74.168786595724782, 4.573299431423663 ], [ -74.168787248632555, 4.573302729237639 ], [ -74.168788410556658, 4.573305884059323 ], [ -74.168790051819371, 4.573308817647842 ], [ -74.168792132850626, 4.573311458956709 ], [ -74.168794600590331, 4.573313741436039 ], [ -74.168781716003366, 4.573308511878395 ], [ -74.1687582329061, 4.57329914813721 ] ] ] } },
{ "type": "Feature", "properties": { "OBJECTID_1": 10, "id_interve": "19003927", "nomenclatu": "KR 70 ENTRE CL 76 BIS A SUR Y CL 76A SUR", "tipo_inter": 1, "loccodigo": "19", "barrio_leg": "CARACOLI", "numero_con": 720, "año_contr": 2022, "numero_c_1": 0, "año_con_1": 0, "tipo_contr": 1, "estado_con": 1, "entidad_co": 1, "enlace_con": "https:\/\/community.secop.gov.co\/Public\/Tendering\/OpportunityDetail\/Index?noticeUID=CO1.NTC.3403953&isFromPublicArea=True&isModal=False", "id_element": 809387, "tipo_eleme": 3, "funcion_el": 2, "area_eleme": 228.62390136600001, "SHAPE_Leng": 0.00092582707430399996, "Shape_Area": 1.86165238476e-08 }, "geometry": { "type": "Polygon", "coordinates": [ [ [ -74.169134309600679, 4.573007462024805 ], [ -74.169177328670742, 4.573019030903595 ], [ -74.169177237839222, 4.573019258432055 ], [ -74.169063709222769, 4.573389343843189 ], [ -74.169054002839914, 4.573420985590076 ], [ -74.169031363306715, 4.573412541855362 ], [ -74.169012232928196, 4.573405408432905 ], [ -74.169021138914388, 4.573376380115917 ], [ -74.169134092864056, 4.573008170690571 ], [ -74.169134309600679, 4.573007462024805 ] ] ] } },
{ "type": "Feature", "properties": { "OBJECTID_1": 11, "id_interve": "19003960", "nomenclatu": "KR 68 ENTRE CL 76 BIS A SUR Y CL 76A SUR", "tipo_inter": 1, "loccodigo": "19", "barrio_leg": "CARACOLI", "numero_con": 720, "año_contr": 2022, "numero_c_1": 0, "año_con_1": 0, "tipo_contr": 1, "estado_con": 1, "entidad_co": 1, "enlace_con": "https:\/\/community.secop.gov.co\/Public\/Tendering\/OpportunityDetail\/Index?noticeUID=CO1.NTC.3403953&isFromPublicArea=True&isModal=False", "id_element": 448476, "tipo_eleme": 3, "funcion_el": 2, "area_eleme": 178.065447, "SHAPE_Leng": 0.00088011112996100001, "Shape_Area": 1.4500825826500001e-08 }, "geometry": { "type": "Polygon", "coordinates": [ [ [ -74.168485065633206, 4.573202696747103 ], [ -74.168463573634995, 4.573195129851399 ], [ -74.168454111867732, 4.573191797863217 ], [ -74.168456323300632, 4.573191690843885 ], [ -74.168458490666751, 4.573191241182883 ], [ -74.168460561805432, 4.573190460571368 ], [ -74.168462486354599, 4.573189366995734 ], [ -74.16846421754957, 4.573187986536425 ], [ -74.168465712222826, 4.573186354266909 ], [ -74.168466935300785, 4.573184509757368 ], [ -74.168467857105895, 4.57318249707464 ], [ -74.168468090929593, 4.573181809093285 ], [ -74.168470557769979, 4.573174533577912 ], [ -74.16858688507665, 4.572831479988849 ], [ -74.168587012780392, 4.572831102273597 ], [ -74.168615842347208, 4.572839739362507 ], [ -74.168513218909879, 4.573185218423134 ], [ -74.168509710654575, 4.573197030118877 ], [ -74.168509507407805, 4.573197718100232 ], [ -74.168509099115568, 4.573199927734549 ], [ -74.168509053250148, 4.573202175140295 ], [ -74.168509371610185, 4.573204400063048 ], [ -74.168510046101687, 4.573206544046798 ], [ -74.168511057838998, 4.573208550434288 ], [ -74.168512379842412, 4.57321036796418 ], [ -74.168513978837041, 4.573211946274341 ], [ -74.168515812554688, 4.573213246694024 ], [ -74.168517832431974, 4.573214233250326 ], [ -74.168505852562987, 4.573210016329256 ], [ -74.168485065633206, 4.573202696747103 ] ] ] } },
{ "type": "Feature", "properties": { "OBJECTID_1": 12, "id_interve": "19003913", "nomenclatu": "KR 71 ENTRE CL 76 BIS A SUR Y CL 76A SUR", "tipo_inter": 1, "loccodigo": "19", "barrio_leg": "CARACOLI", "numero_con": 720, "año_contr": 2022, "numero_c_1": 0, "año_con_1": 0, "tipo_contr": 1, "estado_con": 1, "entidad_co": 1, "enlace_con": "https:\/\/community.secop.gov.co\/Public\/Tendering\/OpportunityDetail\/Index?noticeUID=CO1.NTC.3403953&isFromPublicArea=True&isModal=False", "id_element": 809389, "tipo_eleme": 3, "funcion_el": 2, "area_eleme": 196.40727127, "SHAPE_Leng": 0.00093145011412800003, "Shape_Area": 1.5993325899000001e-08 }, "geometry": { "type": "Polygon", "coordinates": [ [ [ -74.169369278169597, 4.573500482061661 ], [ -74.169352596644956, 4.573495391898859 ], [ -74.169353854796498, 4.573488474313706 ], [ -74.169361009802742, 4.573449136168733 ], [ -74.169427957134474, 4.573081118299001 ], [ -74.1694283447423, 4.573078983308505 ], [ -74.16946602723533, 4.573080615578021 ], [ -74.169407528134855, 4.573402193356571 ], [ -74.169388556936326, 4.573506485036319 ], [ -74.169370591179813, 4.573500890353841 ], [ -74.169369278169597, 4.573500482061661 ] ] ] } },
{ "type": "Feature", "properties": { "OBJECTID_1": 13, "id_interve": "4008788", "nomenclatu": "KR 22A E ENTRE CL 9 S Y CL 10 S", "tipo_inter": 1, "loccodigo": "04", "barrio_leg": "LA GRAN COLOMBIA", "numero_con": 416, "año_contr": 2021, "numero_c_1": 421, "año_con_1": 2021, "tipo_contr": 1, "estado_con": 1, "entidad_co": 1, "enlace_con": "https:\/\/community.secop.gov.co\/Public\/Tendering\/OpportunityDetail\/Index?noticeUID=CO1.NTC.1892050&isFromPublicArea=True&isModal=False", "id_element": 91062845, "tipo_eleme": 3, "funcion_el": 2, "area_eleme": 90.4932432194, "SHAPE_Leng": 0.00057561510569400002, "Shape_Area": 7.3686878972500003e-09 }, "geometry": { "type": "Polygon", "coordinates": [ [ [ -74.069380008180815, 4.568290991835852 ], [ -74.06947114187966, 4.56817960270655 ], [ -74.069481666645572, 4.568164493196832 ], [ -74.069486194732065, 4.568157568417121 ], [ -74.069495070141329, 4.568142778166703 ], [ -74.069505972622494, 4.568121716044402 ], [ -74.069508830667985, 4.568115520614811 ], [ -74.069523897909505, 4.568081323894035 ], [ -74.069550257038713, 4.568093019577248 ], [ -74.069547426872191, 4.56809944073666 ], [ -74.069534312958126, 4.568129203799742 ], [ -74.069528210158751, 4.56814192021352 ], [ -74.069518867101976, 4.568159294216116 ], [ -74.069505873697096, 4.568180198957066 ], [ -74.06949434888503, 4.568196855300698 ], [ -74.069400679997329, 4.568308462965263 ], [ -74.069380008180815, 4.568290991835852 ] ] ] } },
{ "type": "Feature", "properties": { "OBJECTID_1": 14, "id_interve": "4008777", "nomenclatu": "KR 23 E  ENTRE CL 11 S Y CL 11A S", "tipo_inter": 1, "loccodigo": "04", "barrio_leg": "LOS LAURELES SUR ORIENTAL I SEC.", "numero_con": 416, "año_contr": 2021, "numero_c_1": 421, "año_con_1": 2021, "tipo_contr": 1, "estado_con": 1, "entidad_co": 1, "enlace_con": "https:\/\/community.secop.gov.co\/Public\/Tendering\/OpportunityDetail\/Index?noticeUID=CO1.NTC.1892050&isFromPublicArea=True&isModal=False", "id_element": 91062848, "tipo_eleme": 3, "funcion_el": 2, "area_eleme": 86.741489033199997, "SHAPE_Leng": 0.000553981065027, "Shape_Area": 7.0632293793899997e-09 }, "geometry": { "type": "Polygon", "coordinates": [ [ [ -74.068556345199113, 4.56757589681024 ], [ -74.06864217109927, 4.567351149935689 ], [ -74.068645578630537, 4.567342225962989 ], [ -74.068671476407474, 4.567352918902145 ], [ -74.068584168424593, 4.567583860306968 ], [ -74.068556345199113, 4.56757589681024 ] ] ] } },
{ "type": "Feature", "properties": { "OBJECTID_1": 15, "id_interve": "4008776", "nomenclatu": "KR 23 E  ENTRE CL 11A S Y CL 11B S", "tipo_inter": 1, "loccodigo": "04", "barrio_leg": "LOS LAURELES SUR ORIENTAL I SEC.", "numero_con": 416, "año_contr": 2021, "numero_c_1": 421, "año_con_1": 2021, "tipo_contr": 1, "estado_con": 1, "entidad_co": 1, "enlace_con": "https:\/\/community.secop.gov.co\/Public\/Tendering\/OpportunityDetail\/Index?noticeUID=CO1.NTC.1892050&isFromPublicArea=True&isModal=False", "id_element": 91062849, "tipo_eleme": 1, "funcion_el": 2, "area_eleme": 92.365890811100002, "SHAPE_Leng": 0.00060115864527499996, "Shape_Area": 7.5211859202399992e-09 }, "geometry": { "type": "Polygon", "coordinates": [ [ [ -74.068645578630537, 4.567342225962989 ], [ -74.068651847804517, 4.56732580883903 ], [ -74.068736232990716, 4.567104836419105 ], [ -74.068743122696901, 4.567086826595812 ], [ -74.068767881032841, 4.567097910740017 ], [ -74.068671476407474, 4.567352918902145 ], [ -74.068645578630537, 4.567342225962989 ] ] ] } },
{ "type": "Feature", "properties": { "OBJECTID_1": 16, "id_interve": "4008775", "nomenclatu": "KR 23 E  ENTRE CL 11B S Y CL 11C S", "tipo_inter": 1, "loccodigo": "04", "barrio_leg": "LOS LAURELES SUR ORIENTAL I SEC.", "numero_con": 416, "año_contr": 2021, "numero_c_1": 421, "año_con_1": 2021, "tipo_contr": 1, "estado_con": 1, "entidad_co": 1, "enlace_con": "https:\/\/community.secop.gov.co\/Public\/Tendering\/OpportunityDetail\/Index?noticeUID=CO1.NTC.1892050&isFromPublicArea=True&isModal=False", "id_element": 91062850, "tipo_eleme": 1, "funcion_el": 2, "area_eleme": 88.883439787200004, "SHAPE_Leng": 0.00059032971150700002, "Shape_Area": 7.2375763761700001e-09 }, "geometry": { "type": "Polygon", "coordinates": [ [ [ -74.068767881032841, 4.567097910740017 ], [ -74.068743122696901, 4.567086826595812 ], [ -74.068746318887463, 4.567079684180101 ], [ -74.068758073925949, 4.567053366419771 ], [ -74.068765825182652, 4.567037101281244 ], [ -74.068775765389205, 4.567017441201983 ], [ -74.068786794674793, 4.566996978028158 ], [ -74.068859522848641, 4.566865269616528 ], [ -74.068867553794519, 4.566850723082439 ], [ -74.068868140152517, 4.566850959604153 ], [ -74.068892790569805, 4.566860642604638 ], [ -74.068892906582334, 4.566860689369378 ], [ -74.068812615110062, 4.56700616999882 ], [ -74.068803655164515, 4.567022518774252 ], [ -74.068794633165737, 4.567039894575544 ], [ -74.068784522987301, 4.567060639237184 ], [ -74.068776770831278, 4.567077615739436 ], [ -74.06877173462783, 4.567089057813803 ], [ -74.068768461095544, 4.567098170644101 ], [ -74.068767881032841, 4.567097910740017 ] ] ] } },
{ "type": "Feature", "properties": { "OBJECTID_1": 17, "id_interve": "4008774", "nomenclatu": "KR 23 E  ENTRE CL 11C S Y TV 22C BIS E", "tipo_inter": 1, "loccodigo": "04", "barrio_leg": "LOS LAURELES SUR ORIENTAL I SEC.", "numero_con": 416, "año_contr": 2021, "numero_c_1": 421, "año_con_1": 2021, "tipo_contr": 1, "estado_con": 1, "entidad_co": 1, "enlace_con": "https:\/\/community.secop.gov.co\/Public\/Tendering\/OpportunityDetail\/Index?noticeUID=CO1.NTC.1892050&isFromPublicArea=True&isModal=False", "id_element": 91062851, "tipo_eleme": 1, "funcion_el": 2, "area_eleme": 43.722914644500001, "SHAPE_Leng": 0.00031224304255999998, "Shape_Area": 3.5602766328100001e-09 }, "geometry": { "type": "Polygon", "coordinates": [ [ [ -74.068868140152517, 4.566850959604153 ], [ -74.068872879579715, 4.566841437582355 ], [ -74.068926919841431, 4.566732864230346 ], [ -74.068928604271605, 4.566734155656832 ], [ -74.068950624171919, 4.56675087135568 ], [ -74.068936313260224, 4.566777984116698 ], [ -74.068892790569805, 4.566860642604638 ], [ -74.068868140152517, 4.566850959604153 ] ] ] } },
{ "type": "Feature", "properties": { "OBJECTID_1": 18, "id_interve": "4008773", "nomenclatu": "KR 23 E  ENTRE TV 22C BIS E Y CL 12 S", "tipo_inter": 1, "loccodigo": "04", "barrio_leg": "LOS LAURELES SUR ORIENTAL I SEC.", "numero_con": 416, "año_contr": 2021, "numero_c_1": 421, "año_con_1": 2021, "tipo_contr": 1, "estado_con": 1, "entidad_co": 1, "enlace_con": "https:\/\/community.secop.gov.co\/Public\/Tendering\/OpportunityDetail\/Index?noticeUID=CO1.NTC.1892050&isFromPublicArea=True&isModal=False", "id_element": 91062852, "tipo_eleme": 1, "funcion_el": 2, "area_eleme": 57.242583417100001, "SHAPE_Leng": 0.00039937833277499998, "Shape_Area": 4.6611246325000002e-09 }, "geometry": { "type": "Polygon", "coordinates": [ [ [ -74.068928604271605, 4.566734155656832 ], [ -74.06900255102687, 4.566591796574187 ], [ -74.069006964000152, 4.566583299779495 ], [ -74.069030971402185, 4.566595752691853 ], [ -74.068953656685892, 4.566744594987142 ], [ -74.068950624171919, 4.56675087135568 ], [ -74.068928604271605, 4.566734155656832 ] ] ] } },
{ "type": "Feature", "properties": { "OBJECTID_1": 19, "id_interve": "4008772", "nomenclatu": "KR 23 E  ENTRE CL 12 S Y CL 12A S", "tipo_inter": 1, "loccodigo": "04", "barrio_leg": "LOS LAURELES SUR ORIENTAL I SEC.", "numero_con": 416, "año_contr": 2021, "numero_c_1": 421, "año_con_1": 2021, "tipo_contr": 1, "estado_con": 1, "entidad_co": 1, "enlace_con": "https:\/\/community.secop.gov.co\/Public\/Tendering\/OpportunityDetail\/Index?noticeUID=CO1.NTC.1892050&isFromPublicArea=True&isModal=False", "id_element": 91062853, "tipo_eleme": 1, "funcion_el": 2, "area_eleme": 66.031851162199999, "SHAPE_Leng": 0.00045172046156200001, "Shape_Area": 5.3768436082200003e-09 }, "geometry": { "type": "Polygon", "coordinates": [ [ [ -74.069015067791099, 4.566567700139274 ], [ -74.069098631896281, 4.566406825814397 ], [ -74.069122596130853, 4.566419360565078 ], [ -74.069030971402185, 4.566595752691853 ], [ -74.069006964000152, 4.566583299779495 ], [ -74.069015067791099, 4.566567700139274 ] ] ] } },
{ "type": "Feature", "properties": { "OBJECTID_1": 20, "id_interve": "4008779", "nomenclatu": "KR 23 BIS E ENTRE CL 9 S Y CL 11 S", "tipo_inter": 1, "loccodigo": "04", "barrio_leg": "LOS LAURELES SUR ORIENTAL I SEC.", "numero_con": 416, "año_contr": 2021, "numero_c_1": 421, "año_con_1": 2021, "tipo_contr": 1, "estado_con": 1, "entidad_co": 1, "enlace_con": "https:\/\/community.secop.gov.co\/Public\/Tendering\/OpportunityDetail\/Index?noticeUID=CO1.NTC.1892050&isFromPublicArea=True&isModal=False", "id_element": 91062854, "tipo_eleme": 3, "funcion_el": 2, "area_eleme": 147.23800774200001, "SHAPE_Leng": 0.00084421039726699997, "Shape_Area": 1.19893614306e-08 }, "geometry": { "type": "Polygon", "coordinates": [ [ [ -74.068037484042634, 4.567791974220256 ], [ -74.068160821564618, 4.567495947979637 ], [ -74.06814313459796, 4.567484281074769 ], [ -74.068153093690285, 4.567460366302896 ], [ -74.068219586864416, 4.567488244386993 ], [ -74.068206944195083, 4.567518633378256 ], [ -74.068193346445753, 4.567511035905625 ], [ -74.068190888598565, 4.56751578162806 ], [ -74.06818679128736, 4.567513078266018 ], [ -74.068065744338583, 4.567803821888901 ], [ -74.068037484042634, 4.567791974220256 ] ] ] } },
{ "type": "Feature", "properties": { "OBJECTID_1": 21, "id_interve": "4008780", "nomenclatu": "KR 23A E ENTRE CL 9 S Y CL 11 S", "tipo_inter": 1, "loccodigo": "04", "barrio_leg": "LOS LAURELES SUR ORIENTAL I SEC.", "numero_con": 416, "año_contr": 2021, "numero_c_1": 421, "año_con_1": 2021, "tipo_contr": 1, "estado_con": 1, "entidad_co": 1, "enlace_con": "https:\/\/community.secop.gov.co\/Public\/Tendering\/OpportunityDetail\/Index?noticeUID=CO1.NTC.1892050&isFromPublicArea=True&isModal=False", "id_element": 91062855, "tipo_eleme": 1, "funcion_el": 2, "area_eleme": 83.689827413399996, "SHAPE_Leng": 0.00050625564881000003, "Shape_Area": 6.8146925712999998e-09 }, "geometry": { "type": "Polygon", "coordinates": [ [ [ -74.067851141816675, 4.567553660173303 ], [ -74.0679367257992, 4.56734630258984 ], [ -74.067963514804319, 4.567361717869005 ], [ -74.06787944887742, 4.567565423305666 ], [ -74.067851141816675, 4.567553660173303 ] ] ] } },
{ "type": "Feature", "properties": { "OBJECTID_1": 22, "id_interve": "4008782", "nomenclatu": "KR 23B E ENTRE CL 9 S Y DG 10 S", "tipo_inter": 1, "loccodigo": "04", "barrio_leg": "LOS LAURELES SUR ORIENTAL I SEC.", "numero_con": 416, "año_contr": 2021, "numero_c_1": 421, "año_con_1": 2021, "tipo_contr": 1, "estado_con": 1, "entidad_co": 1, "enlace_con": "https:\/\/community.secop.gov.co\/Public\/Tendering\/OpportunityDetail\/Index?noticeUID=CO1.NTC.1892050&isFromPublicArea=True&isModal=False", "id_element": 91062856, "tipo_eleme": 1, "funcion_el": 2, "area_eleme": 116.863855938, "SHAPE_Leng": 0.00071973823056699999, "Shape_Area": 9.5159343611e-09 }, "geometry": { "type": "Polygon", "coordinates": [ [ [ -74.067613558019275, 4.567454753634024 ], [ -74.067671007610898, 4.56730163326381 ], [ -74.067686289790402, 4.567268686600642 ], [ -74.067706815017459, 4.567238725686707 ], [ -74.067732017618482, 4.567212576099564 ], [ -74.0677612024175, 4.567190959994832 ], [ -74.067788582277217, 4.567174899002453 ], [ -74.067803295185911, 4.567199742773937 ], [ -74.067774016857356, 4.567217105984696 ], [ -74.067749330467166, 4.567235682380897 ], [ -74.067728055205521, 4.567258085392382 ], [ -74.06771077743042, 4.567283697184905 ], [ -74.067697971983762, 4.567311813589356 ], [ -74.067640516996221, 4.567464945650784 ], [ -74.067613558019275, 4.567454753634024 ] ] ] } },
{ "type": "Feature", "properties": { "OBJECTID_1": 23, "id_interve": "4008784", "nomenclatu": "KR 23B BIS E ENTRE DG 10 S Y CL 11 S", "tipo_inter": 1, "loccodigo": "04", "barrio_leg": "LOS LAURELES SUR ORIENTAL I SEC.", "numero_con": 416, "año_contr": 2021, "numero_c_1": 421, "año_con_1": 2021, "tipo_contr": 1, "estado_con": 1, "entidad_co": 1, "enlace_con": "https:\/\/community.secop.gov.co\/Public\/Tendering\/OpportunityDetail\/Index?noticeUID=CO1.NTC.1892050&isFromPublicArea=True&isModal=False", "id_element": 91062858, "tipo_eleme": 1, "funcion_el": 1, "area_eleme": 65.993445097899993, "SHAPE_Leng": 0.00041247973344800003, "Shape_Area": 5.3737848375100003e-09 }, "geometry": { "type": "Polygon", "coordinates": [ [ [ -74.067560464743622, 4.567089887888073 ], [ -74.067689396948083, 4.566966163657582 ], [ -74.067705436356789, 4.566993297103011 ], [ -74.067581632086615, 4.567112100243264 ], [ -74.067560464743622, 4.567089887888073 ] ] ] } },
{ "type": "Feature", "properties": { "OBJECTID_1": 24, "id_interve": "4008786", "nomenclatu": "KR 23C E ENTRE CL 9 S Y CL 11 S", "tipo_inter": 1, "loccodigo": "04", "barrio_leg": "LOS LAURELES SUR ORIENTAL I SEC.", "numero_con": 416, "año_contr": 2021, "numero_c_1": 421, "año_con_1": 2021, "tipo_contr": 1, "estado_con": 1, "entidad_co": 1, "enlace_con": "https:\/\/community.secop.gov.co\/Public\/Tendering\/OpportunityDetail\/Index?noticeUID=CO1.NTC.1892050&isFromPublicArea=True&isModal=False", "id_element": 91062859, "tipo_eleme": 1, "funcion_el": 1, "area_eleme": 112.02176712799999, "SHAPE_Leng": 0.00068968171159199999, "Shape_Area": 9.1217099071499994e-09 }, "geometry": { "type": "Polygon", "coordinates": [ [ [ -74.067336367179564, 4.566977118299405 ], [ -74.067566628696909, 4.5667603897802 ], [ -74.06758631125922, 4.566781523848306 ], [ -74.067586292373448, 4.566781541834757 ], [ -74.067356388786266, 4.566997903430547 ], [ -74.067336367179564, 4.566977118299405 ] ] ] } },
{ "type": "Feature", "properties": { "OBJECTID_1": 25, "id_interve": "4008771", "nomenclatu": "KR 23C E  ENTRE CL 12A BIS S Y CL 11D S", "tipo_inter": 1, "loccodigo": "04", "barrio_leg": "LOS LAURELES SUR ORIENTAL I SEC.", "numero_con": 416, "año_contr": 2021, "numero_c_1": 421, "año_con_1": 2021, "tipo_contr": 1, "estado_con": 1, "entidad_co": 1, "enlace_con": "https:\/\/community.secop.gov.co\/Public\/Tendering\/OpportunityDetail\/Index?noticeUID=CO1.NTC.1892050&isFromPublicArea=True&isModal=False", "id_element": 91062860, "tipo_eleme": 1, "funcion_el": 1, "area_eleme": 129.0604191, "SHAPE_Leng": 0.00084316317205499999, "Shape_Area": 1.0509050581200001e-08 }, "geometry": { "type": "Polygon", "coordinates": [ [ [ -74.067858678135451, 4.565944498739668 ], [ -74.068000645113671, 4.565637615883304 ], [ -74.068008051030688, 4.565653866632715 ], [ -74.068018070377605, 4.565668648789142 ], [ -74.067854098787564, 4.566023094989873 ], [ -74.067854222894027, 4.566018655936261 ], [ -74.067854946848286, 4.566000945587234 ], [ -74.067856008947615, 4.565981145213755 ], [ -74.067857079140879, 4.565964898960942 ], [ -74.067858678135451, 4.565944498739668 ] ] ] } },
{ "type": "Feature", "properties": { "OBJECTID_1": 26, "id_interve": "4008778", "nomenclatu": "KR 23 E  ENTRE CL 9 S Y CL 11 S", "tipo_inter": 1, "loccodigo": "04", "barrio_leg": "LOS LAURELES SUR ORIENTAL I SEC.", "numero_con": 416, "año_contr": 2021, "numero_c_1": 421, "año_con_1": 2021, "tipo_contr": 1, "estado_con": 1, "entidad_co": 1, "enlace_con": "https:\/\/community.secop.gov.co\/Public\/Tendering\/OpportunityDetail\/Index?noticeUID=CO1.NTC.1892050&isFromPublicArea=True&isModal=False", "id_element": 91062861, "tipo_eleme": 3, "funcion_el": 2, "area_eleme": 79.008766015999996, "SHAPE_Leng": 0.000530205716995, "Shape_Area": 6.43349804382e-09 }, "geometry": { "type": "Polygon", "coordinates": [ [ [ -74.068299506017354, 4.567838121132411 ], [ -74.068299862148876, 4.567837290158877 ], [ -74.068392730639971, 4.567620528364728 ], [ -74.068396084211884, 4.567621701979988 ], [ -74.068398962042409, 4.567622636375631 ], [ -74.068401945993003, 4.56762363282445 ], [ -74.068405092720809, 4.56762469222582 ], [ -74.068406855392027, 4.567625345133592 ], [ -74.068410898743934, 4.567626616774987 ], [ -74.068418512404378, 4.567629010770304 ], [ -74.068324627679374, 4.567848143177287 ], [ -74.068324272447171, 4.567848973251557 ], [ -74.068299506017354, 4.567838121132411 ] ] ] } },
{ "type": "Feature", "properties": { "OBJECTID_1": 27, "id_interve": "4008787", "nomenclatu": "KR 22B E ENTRE CL 9 S Y CL 11 S", "tipo_inter": 1, "loccodigo": "04", "barrio_leg": "LA GRAN COLOMBIA", "numero_con": 416, "año_contr": 2021, "numero_c_1": 421, "año_con_1": 2021, "tipo_contr": 1, "estado_con": 1, "entidad_co": 1, "enlace_con": "https:\/\/community.secop.gov.co\/Public\/Tendering\/OpportunityDetail\/Index?noticeUID=CO1.NTC.1892050&isFromPublicArea=True&isModal=False", "id_element": 91062862, "tipo_eleme": 1, "funcion_el": 1, "area_eleme": 221.71292753, "SHAPE_Leng": 0.0013303390206800001, "Shape_Area": 1.805353263e-08 }, "geometry": { "type": "Polygon", "coordinates": [ [ [ -74.069239846141954, 4.567989702762645 ], [ -74.069492944144031, 4.567799204769528 ], [ -74.069495172664062, 4.567800287553268 ], [ -74.06949785983835, 4.56780161405328 ], [ -74.069500538918703, 4.567802954942465 ], [ -74.069503210804498, 4.567804312019405 ], [ -74.069505873697096, 4.567805684384894 ], [ -74.069508530294399, 4.567807071139498 ], [ -74.069511176999185, 4.567808474081858 ], [ -74.069513817408733, 4.567809893212029 ], [ -74.069516447925707, 4.567811325832054 ], [ -74.069519071248124, 4.56781277463989 ], [ -74.069519323957593, 4.567812916732748 ], [ -74.069256195816763, 4.568013631024314 ], [ -74.069215341414861, 4.568046683807438 ], [ -74.069175665124817, 4.568082169256741 ], [ -74.069030614371343, 4.56822510570413 ], [ -74.069010349048312, 4.568204440182797 ], [ -74.069156477189608, 4.568060563044583 ], [ -74.069197434114244, 4.56802403977764 ], [ -74.069239846141954, 4.567989702762645 ] ] ] } },
{ "type": "Feature", "properties": { "OBJECTID_1": 28, "id_interve": "4008789", "nomenclatu": "KR 22 BIS E ENTRE CL 9 S Y CL 11 S", "tipo_inter": 1, "loccodigo": "04", "barrio_leg": "LA GRAN COLOMBIA", "numero_con": 416, "año_contr": 2021, "numero_c_1": 421, "año_con_1": 2021, "tipo_contr": 1, "estado_con": 1, "entidad_co": 1, "enlace_con": "https:\/\/community.secop.gov.co\/Public\/Tendering\/OpportunityDetail\/Index?noticeUID=CO1.NTC.1892050&isFromPublicArea=True&isModal=False", "id_element": 91062863, "tipo_eleme": 1, "funcion_el": 1, "area_eleme": 179.70266924699999, "SHAPE_Leng": 0.0010450173837399999, "Shape_Area": 1.46329304256e-08 }, "geometry": { "type": "Polygon", "coordinates": [ [ [ -74.069683925073036, 4.568545062005057 ], [ -74.069881052868254, 4.568089240626023 ], [ -74.069905490146198, 4.568109853087321 ], [ -74.069710327369648, 4.568556674950628 ], [ -74.069683925073036, 4.568545062005057 ] ] ] } },
{ "type": "Feature", "properties": { "OBJECTID_1": 29, "id_interve": "4000766", "nomenclatu": "CL 8 S ENTRE KR 21 E Y KR 21A E", "tipo_inter": 1, "loccodigo": "04", "barrio_leg": "MONTECARLO", "numero_con": 416, "año_contr": 2021, "numero_c_1": 421, "año_con_1": 2021, "tipo_contr": 1, "estado_con": 1, "entidad_co": 1, "enlace_con": "https:\/\/community.secop.gov.co\/Public\/Tendering\/OpportunityDetail\/Index?noticeUID=CO1.NTC.1892050&isFromPublicArea=True&isModal=False", "id_element": 202167, "tipo_eleme": 1, "funcion_el": 1, "area_eleme": 147.46143105, "SHAPE_Leng": 0.00068313920595000003, "Shape_Area": 1.200750384e-08 }, "geometry": { "type": "Polygon", "coordinates": [ [ [ -74.070212411673424, 4.569799718782065 ], [ -74.070227355707857, 4.569772891106084 ], [ -74.07036893327961, 4.569852146559356 ], [ -74.070381841248945, 4.569828928762092 ], [ -74.07041529243179, 4.569848310051498 ], [ -74.070420715343687, 4.569837384187963 ], [ -74.070429657302782, 4.569841736007334 ], [ -74.07045721432894, 4.569855147597025 ], [ -74.070467709417244, 4.569860256645597 ], [ -74.070467751685328, 4.569860277330008 ], [ -74.070465033934113, 4.569865744308686 ], [ -74.070480515763165, 4.569873852596288 ], [ -74.070448518784076, 4.569931893042451 ], [ -74.070212411673424, 4.569799718782065 ] ] ] } },
{ "type": "Feature", "properties": { "OBJECTID_1": 30, "id_interve": "4000791", "nomenclatu": "KR 21 E ENTRE CL 8 A S Y CL 9 S", "tipo_inter": 1, "loccodigo": "04", "barrio_leg": "MANILA", "numero_con": 416, "año_contr": 2021, "numero_c_1": 421, "año_con_1": 2021, "tipo_contr": 1, "estado_con": 1, "entidad_co": 1, "enlace_con": "https:\/\/community.secop.gov.co\/Public\/Tendering\/OpportunityDetail\/Index?noticeUID=CO1.NTC.1892050&isFromPublicArea=True&isModal=False", "id_element": 202226, "tipo_eleme": 1, "funcion_el": 1, "area_eleme": 172.040986909, "SHAPE_Leng": 0.00097548499883800004, "Shape_Area": 1.40089373306e-08 }, "geometry": { "type": "Polygon", "coordinates": [ [ [ -74.070429657302782, 4.569841736007334 ], [ -74.070505134704149, 4.569685577727284 ], [ -74.070580613004836, 4.569529419447178 ], [ -74.070628572950227, 4.569430191849904 ], [ -74.070656129976385, 4.569443605238234 ], [ -74.070586156425918, 4.56958837810123 ], [ -74.070540553603621, 4.569682724178449 ], [ -74.070494952579963, 4.569777070255611 ], [ -74.07045721432894, 4.569855147597025 ], [ -74.070429657302782, 4.569841736007334 ] ] ] } },
{ "type": "Feature", "properties": { "OBJECTID_1": 31, "id_interve": "4000804", "nomenclatu": "KR 21A E ENTRE CL 8 S Y CL 9 S", "tipo_inter": 1, "loccodigo": "04", "barrio_leg": "MANILA", "numero_con": 416, "año_contr": 2021, "numero_c_1": 421, "año_con_1": 2021, "tipo_contr": 1, "estado_con": 1, "entidad_co": 1, "enlace_con": "https:\/\/community.secop.gov.co\/Public\/Tendering\/OpportunityDetail\/Index?noticeUID=CO1.NTC.1892050&isFromPublicArea=True&isModal=False", "id_element": 202256, "tipo_eleme": 1, "funcion_el": 1, "area_eleme": 145.289813643, "SHAPE_Leng": 0.00089183983091900001, "Shape_Area": 1.1830510830400001e-08 }, "geometry": { "type": "Polygon", "coordinates": [ [ [ -74.070195820080983, 4.569698944350876 ], [ -74.070219017193835, 4.569649957379681 ], [ -74.070289381949351, 4.569501362398 ], [ -74.070311805645304, 4.569454006797002 ], [ -74.070313434317484, 4.569454782911976 ], [ -74.070335858013379, 4.569407429109617 ], [ -74.070345621053548, 4.569412084000533 ], [ -74.070364178563977, 4.569372894243713 ], [ -74.07034510124538, 4.569363731950716 ], [ -74.070344651584378, 4.569363582663243 ], [ -74.070351611437673, 4.569348886841681 ], [ -74.070394572051839, 4.569369373397933 ], [ -74.070394356214535, 4.569369830253493 ], [ -74.070381110100129, 4.569407341875376 ], [ -74.070373560291557, 4.569422185185772 ], [ -74.070356787935395, 4.569460445043546 ], [ -74.070343397030115, 4.569454058957717 ], [ -74.070341199087011, 4.569459016020801 ], [ -74.070338615334776, 4.569464788769039 ], [ -74.070314644804967, 4.569515409808389 ], [ -74.070291446792794, 4.569564396779526 ], [ -74.070268249679941, 4.56961338375072 ], [ -74.070221854554916, 4.569711358592372 ], [ -74.070195820080983, 4.569698944350876 ] ] ] } },
{ "type": "Feature", "properties": { "OBJECTID_1": 32, "id_interve": "4000976", "nomenclatu": "KR 21 E ENTRE CL 9 S Y CL 12B S", "tipo_inter": 1, "loccodigo": "04", "barrio_leg": "MANILA", "numero_con": 416, "año_contr": 2021, "numero_c_1": 421, "año_con_1": 2021, "tipo_contr": 1, "estado_con": 1, "entidad_co": 1, "enlace_con": "https:\/\/community.secop.gov.co\/Public\/Tendering\/OpportunityDetail\/Index?noticeUID=CO1.NTC.1892050&isFromPublicArea=True&isModal=False", "id_element": 202683, "tipo_eleme": 1, "funcion_el": 1, "area_eleme": 311.204085588, "SHAPE_Leng": 0.00174737854173, "Shape_Area": 2.53406757513e-08 }, "geometry": { "type": "Polygon", "coordinates": [ [ [ -74.071153391216001, 4.56842297723864 ], [ -74.07112633511224, 4.568480131852652 ], [ -74.071100052425436, 4.568535655096468 ], [ -74.071076860708501, 4.568584645664941 ], [ -74.071030040204164, 4.568683555801499 ], [ -74.071005084017372, 4.568736266865244 ], [ -74.07098492841169, 4.568776685995317 ], [ -74.070959933554036, 4.56882680611227 ], [ -74.070934133803178, 4.568878542310927 ], [ -74.070884146785886, 4.568978780746193 ], [ -74.070851897097327, 4.569043450994513 ], [ -74.070824483962724, 4.569098421155275 ], [ -74.070801103388192, 4.569145307310123 ], [ -74.07081166412695, 4.569150610612212 ], [ -74.070809698208961, 4.569154503777384 ], [ -74.070809953616447, 4.569154635078405 ], [ -74.070812811661881, 4.569156165724507 ], [ -74.070809154119104, 4.569163500595153 ], [ -74.070757597784848, 4.569137610912037 ], [ -74.070763241930024, 4.569126293843453 ], [ -74.070773713635958, 4.569131553078762 ], [ -74.070797900902392, 4.569083049942833 ], [ -74.070857563725554, 4.568963410433071 ], [ -74.070932544701122, 4.568813051880909 ], [ -74.070979625109544, 4.568718429711794 ], [ -74.071026779262411, 4.568618816305388 ], [ -74.07107316089764, 4.568520835168442 ], [ -74.071099443584387, 4.568465311924626 ], [ -74.071125727170511, 4.568409788680867 ], [ -74.071153391216001, 4.56842297723864 ] ] ] } },
{ "type": "Feature", "properties": { "OBJECTID_1": 33, "id_interve": "4001007", "nomenclatu": "KR 21A E ENTRE CL 9 S Y CL 12B S", "tipo_inter": 1, "loccodigo": "04", "barrio_leg": "MANILA", "numero_con": 416, "año_contr": 2021, "numero_c_1": 421, "año_con_1": 2021, "tipo_contr": 1, "estado_con": 1, "entidad_co": 1, "enlace_con": "https:\/\/community.secop.gov.co\/Public\/Tendering\/OpportunityDetail\/Index?noticeUID=CO1.NTC.1892050&isFromPublicArea=True&isModal=False", "id_element": 202767, "tipo_eleme": 1, "funcion_el": 1, "area_eleme": 318.87960037300002, "SHAPE_Leng": 0.0018401307581399999, "Shape_Area": 2.5965425068100001e-08 }, "geometry": { "type": "Polygon", "coordinates": [ [ [ -74.070568645726382, 4.568871642712168 ], [ -74.070590110745002, 4.568881991210958 ], [ -74.070661407198145, 4.568733843192376 ], [ -74.070731919442494, 4.568587323845975 ], [ -74.070778927005847, 4.568489643981934 ], [ -74.070849439250196, 4.568343123736213 ], [ -74.070898014331874, 4.568242188326394 ], [ -74.070878686102446, 4.56823282188725 ], [ -74.07087947031124, 4.56823119321507 ], [ -74.070898693319975, 4.568191531314142 ], [ -74.07089146187144, 4.568186140777811 ], [ -74.070895236326066, 4.568182404994047 ], [ -74.070964451748011, 4.568248141838296 ], [ -74.070958343552661, 4.568254750956044 ], [ -74.070952821715309, 4.568250679725111 ], [ -74.070945782721651, 4.568265337775188 ], [ -74.070925593841025, 4.568255554050609 ], [ -74.070876234550553, 4.568358118132721 ], [ -74.070828443677669, 4.568457424870303 ], [ -74.070781435214997, 4.568555104734344 ], [ -74.070735994270706, 4.56864952905255 ], [ -74.070687419189028, 4.568750465361745 ], [ -74.070641194935149, 4.568846516553549 ], [ -74.070617690254153, 4.56889535603591 ], [ -74.070622718363722, 4.56889779319863 ], [ -74.070631976884215, 4.568902358157345 ], [ -74.070630822154669, 4.568904778232991 ], [ -74.070644506238921, 4.568911675133734 ], [ -74.070640218271421, 4.568920584717262 ], [ -74.070553195373634, 4.568878920925499 ], [ -74.070558869196418, 4.568866851124312 ], [ -74.070568645726382, 4.568871642712168 ] ] ] } },
{ "type": "Feature", "properties": { "OBJECTID_1": 34, "id_interve": "4001039", "nomenclatu": "KR 21B E ENTRE CL 10 S Y CL 12B S", "tipo_inter": 1, "loccodigo": "04", "barrio_leg": "MANILA", "numero_con": 416, "año_contr": 2021, "numero_c_1": 421, "año_con_1": 2021, "tipo_contr": 1, "estado_con": 1, "entidad_co": 1, "enlace_con": "https:\/\/community.secop.gov.co\/Public\/Tendering\/OpportunityDetail\/Index?noticeUID=CO1.NTC.1892050&isFromPublicArea=True&isModal=False", "id_element": 202844, "tipo_eleme": 1, "funcion_el": 1, "area_eleme": 301.21852120599999, "SHAPE_Leng": 0.00138063630463, "Shape_Area": 2.4527493465800001e-08 }, "geometry": { "type": "Polygon", "coordinates": [ [ [ -74.070413110676498, 4.568570125211181 ], [ -74.070441431227039, 4.56851197414835 ], [ -74.070488894746632, 4.568414516416851 ], [ -74.070536358266281, 4.568317057786032 ], [ -74.070560088677098, 4.568268328920283 ], [ -74.070552805967168, 4.568264756813107 ], [ -74.070599478083409, 4.568168924156566 ], [ -74.070641799279599, 4.568082023566603 ], [ -74.070650105417997, 4.568064967923988 ], [ -74.070684121375052, 4.567995123875903 ], [ -74.070726205150208, 4.568015763316851 ], [ -74.070725092688861, 4.568018045796236 ], [ -74.070726712367843, 4.568018839897604 ], [ -74.070721099698972, 4.568030362910974 ], [ -74.070719480919252, 4.568029569708926 ], [ -74.070689816781567, 4.568090480791113 ], [ -74.070666480273815, 4.568138397569044 ], [ -74.070642748963678, 4.568187127334113 ], [ -74.070619413355189, 4.568235043212724 ], [ -74.070594889742324, 4.568285397153431 ], [ -74.070587607931714, 4.568281819650281 ], [ -74.070540934016833, 4.568377657702797 ], [ -74.07049347139656, 4.568475116333616 ], [ -74.07044600787691, 4.568572574065115 ], [ -74.070436091052727, 4.568592937414166 ], [ -74.070413110676498, 4.568570125211181 ] ] ] } },
{ "type": "Feature", "properties": { "OBJECTID_1": 35, "id_interve": "4001068", "nomenclatu": "KR 21C E ENTRE CL 11 S Y CL 12B S", "tipo_inter": 1, "loccodigo": "04", "barrio_leg": "MANILA", "numero_con": 416, "año_contr": 2021, "numero_c_1": 421, "año_con_1": 2021, "tipo_contr": 1, "estado_con": 1, "entidad_co": 1, "enlace_con": "https:\/\/community.secop.gov.co\/Public\/Tendering\/OpportunityDetail\/Index?noticeUID=CO1.NTC.1892050&isFromPublicArea=True&isModal=False", "id_element": 91016375, "tipo_eleme": 1, "funcion_el": 1, "area_eleme": 61.629443637800001, "SHAPE_Leng": 0.00032644981082699997, "Shape_Area": 5.0182713089299998e-09 }, "geometry": { "type": "Polygon", "coordinates": [ [ [ -74.070227856630254, 4.568264479821948 ], [ -74.070269479053195, 4.568285496978149 ], [ -74.070240983134852, 4.568342323339607 ], [ -74.070209050007634, 4.568402606694974 ], [ -74.070201771794302, 4.568388105126985 ], [ -74.070197036863703, 4.568372584627127 ], [ -74.070194981013515, 4.568356489460484 ], [ -74.070195662699632, 4.568340277381935 ], [ -74.070199062136965, 4.568324411542392 ], [ -74.070205083098074, 4.568309344300872 ], [ -74.070227637195671, 4.568264369205338 ], [ -74.070227856630254, 4.568264479821948 ] ] ] } },
{ "type": "Feature", "properties": { "OBJECTID_1": 36, "id_interve": "4008268", "nomenclatu": "KR 21C E ENTRE CL 11 S Y CL 12B S", "tipo_inter": 1, "loccodigo": "04", "barrio_leg": "MANILA", "numero_con": 416, "año_contr": 2021, "numero_c_1": 421, "año_con_1": 2021, "tipo_contr": 1, "estado_con": 1, "entidad_co": 1, "enlace_con": "https:\/\/community.secop.gov.co\/Public\/Tendering\/OpportunityDetail\/Index?noticeUID=CO1.NTC.1892050&isFromPublicArea=True&isModal=False", "id_element": 701270, "tipo_eleme": 1, "funcion_el": 1, "area_eleme": 258.98028212000003, "SHAPE_Leng": 0.0013215443087200001, "Shape_Area": 2.1088252115799999e-08 }, "geometry": { "type": "Polygon", "coordinates": [ [ [ -74.070269479053195, 4.568285496978149 ], [ -74.070227856630254, 4.568264479821948 ], [ -74.070261599193429, 4.568198540630192 ], [ -74.070273711262701, 4.568204662315338 ], [ -74.070284577771019, 4.568182991351989 ], [ -74.070313600692089, 4.568125114582415 ], [ -74.070339539837846, 4.568073387376955 ], [ -74.070342975248082, 4.568066537240952 ], [ -74.070407537577751, 4.567937786699531 ], [ -74.07043354057538, 4.567885931790386 ], [ -74.070440915915526, 4.56787122607625 ], [ -74.070481978960117, 4.567789339206684 ], [ -74.070461281962537, 4.567778888185217 ], [ -74.070461630899501, 4.567778151640425 ], [ -74.070457029068621, 4.567775951898682 ], [ -74.070467838919569, 4.567754512061128 ], [ -74.07050542608448, 4.567780077088912 ], [ -74.070541336913152, 4.567807947978451 ], [ -74.070534093773347, 4.567816762233861 ], [ -74.070525730977636, 4.567809446248987 ], [ -74.070524910795939, 4.56781101826391 ], [ -74.070512555010339, 4.567804779666915 ], [ -74.070459626310651, 4.567910331296787 ], [ -74.070406798335057, 4.568015679679945 ], [ -74.07039421502094, 4.568040771664357 ], [ -74.070363378167315, 4.568102268205166 ], [ -74.070361541751709, 4.568105929345222 ], [ -74.070314422672425, 4.568199892311213 ], [ -74.070271087940341, 4.568286309065968 ], [ -74.070269479053195, 4.568285496978149 ] ] ] } },
{ "type": "Feature", "properties": { "OBJECTID_1": 37, "id_interve": "4001156", "nomenclatu": "KR 22C E ENTRE CL 11 S Y CL 11A S", "tipo_inter": 1, "loccodigo": "04", "barrio_leg": "LA GRAN COLOMBIA", "numero_con": 416, "año_contr": 2021, "numero_c_1": 421, "año_con_1": 2021, "tipo_contr": 1, "estado_con": 1, "entidad_co": 1, "enlace_con": "https:\/\/community.secop.gov.co\/Public\/Tendering\/OpportunityDetail\/Index?noticeUID=CO1.NTC.1892050&isFromPublicArea=True&isModal=False", "id_element": 91032699, "tipo_eleme": 1, "funcion_el": 1, "area_eleme": 146.53494969799999, "SHAPE_Leng": 0.00094119598528599995, "Shape_Area": 1.19319777666e-08 }, "geometry": { "type": "Polygon", "coordinates": [ [ [ -74.069336359585293, 4.567263847348727 ], [ -74.069355232757744, 4.567232245172022 ], [ -74.069378460447581, 4.567246426581391 ], [ -74.069325613586159, 4.567333571786946 ], [ -74.069319428948461, 4.567344135223721 ], [ -74.069314072586337, 4.567354989141506 ], [ -74.069307694594386, 4.567371429647835 ], [ -74.069304596429959, 4.567382085714712 ], [ -74.069301411930553, 4.567397367894273 ], [ -74.069299803043464, 4.567411159897176 ], [ -74.06929873105156, 4.567433889362576 ], [ -74.069297123063734, 4.56747600371466 ], [ -74.069297709421733, 4.567499485912606 ], [ -74.069298987358366, 4.56751539581893 ], [ -74.069300380408208, 4.567526756954294 ], [ -74.069303589189246, 4.56754606719727 ], [ -74.06930590224556, 4.567556993060805 ], [ -74.069311567974466, 4.567578637044505 ], [ -74.069317658183365, 4.567597235923756 ], [ -74.069324978664781, 4.567615940922963 ], [ -74.069342123340277, 4.567655415764875 ], [ -74.069335790314426, 4.567654670226887 ], [ -74.069328109204832, 4.567653862635723 ], [ -74.069320425397279, 4.5676531539699 ], [ -74.069311327855473, 4.567652371559745 ], [ -74.069296781321384, 4.567618452729448 ], [ -74.069290123640258, 4.567600356571234 ], [ -74.069283170082201, 4.567577594730267 ], [ -74.069277855988219, 4.56755519801402 ], [ -74.06927483066886, 4.567538817762284 ], [ -74.069272139897294, 4.567518502077235 ], [ -74.069270509426417, 4.56749686259019 ], [ -74.069270077751867, 4.567476375134675 ], [ -74.069272244218666, 4.567420972399987 ], [ -74.06927282518069, 4.56740945927919 ], [ -74.069273415135967, 4.567403042616377 ], [ -74.069275174209906, 4.567390467396194 ], [ -74.069276819069898, 4.567382080318794 ], [ -74.069279346164876, 4.567371871214959 ], [ -74.069282332813373, 4.567362072201945 ], [ -74.069284566729323, 4.567355746370652 ], [ -74.069288375358212, 4.567346286402028 ], [ -74.069294433191487, 4.567333518726969 ], [ -74.069302270783112, 4.567319900293228 ], [ -74.069320252727437, 4.56729024694738 ], [ -74.069336359585293, 4.567263847348727 ] ] ] } },
{ "type": "Feature", "properties": { "OBJECTID_1": 38, "id_interve": "4001163", "nomenclatu": "CL 11A S ENTRE KR 22C E Y  TV 22C BIS E", "tipo_inter": 1, "loccodigo": "04", "barrio_leg": "LA GRAN COLOMBIA", "numero_con": 416, "año_contr": 2021, "numero_c_1": 421, "año_con_1": 2021, "tipo_contr": 1, "estado_con": 1, "entidad_co": 1, "enlace_con": "https:\/\/community.secop.gov.co\/Public\/Tendering\/OpportunityDetail\/Index?noticeUID=CO1.NTC.1892050&isFromPublicArea=True&isModal=False", "id_element": 475416, "tipo_eleme": 1, "funcion_el": 1, "area_eleme": 135.853803064, "SHAPE_Leng": 0.00085303961726100001, "Shape_Area": 1.10622668456e-08 }, "geometry": { "type": "Polygon", "coordinates": [ [ [ -74.068971518121032, 4.567275525045488 ], [ -74.068987677139546, 4.567264357264321 ], [ -74.069005218416066, 4.567255517827959 ], [ -74.069023809201383, 4.567249174909534 ], [ -74.069043095162669, 4.567245448118967 ], [ -74.069089591911109, 4.567239759007748 ], [ -74.06912025879285, 4.567236007036172 ], [ -74.069117884582681, 4.567216495345008 ], [ -74.069125215855991, 4.567215310937911 ], [ -74.069125762643807, 4.56722167364137 ], [ -74.069148192634941, 4.567218929809826 ], [ -74.069170485929135, 4.567216203065357 ], [ -74.06917212089661, 4.567229662319107 ], [ -74.069324351837338, 4.567211035560888 ], [ -74.069324135100715, 4.567209241413423 ], [ -74.069348950093911, 4.56720620530217 ], [ -74.069351863897339, 4.567230188422513 ], [ -74.069342626960633, 4.567236156323588 ], [ -74.06924334900134, 4.567248265694957 ], [ -74.06917539173088, 4.567256580826609 ], [ -74.069123526929161, 4.567262927342256 ], [ -74.06904636599694, 4.567272368425108 ], [ -74.069030742075029, 4.567275386549909 ], [ -74.069015681128747, 4.56728052347745 ], [ -74.069001469142449, 4.567287681181597 ], [ -74.068988375912795, 4.567296724764105 ], [ -74.068971518121032, 4.567275525045488 ] ] ] } },
{ "type": "Feature", "properties": { "OBJECTID_1": 39, "id_interve": "4001155", "nomenclatu": "KR 22D ESTE ENTRE CL 11 SUR Y CL 11A SUR", "tipo_inter": 1, "loccodigo": "04", "barrio_leg": "LA GRAN COLOMBIA", "numero_con": 416, "año_contr": 2021, "numero_c_1": 421, "año_con_1": 2021, "tipo_contr": 1, "estado_con": 1, "entidad_co": 1, "enlace_con": "https:\/\/community.secop.gov.co\/Public\/Tendering\/OpportunityDetail\/Index?noticeUID=CO1.NTC.1892050&isFromPublicArea=True&isModal=False", "id_element": 203147, "tipo_eleme": 1, "funcion_el": 1, "area_eleme": 109.43907417600001, "SHAPE_Leng": 0.00072545351806599997, "Shape_Area": 8.9113736638699994e-09 }, "geometry": { "type": "Polygon", "coordinates": [ [ [ -74.068836442647694, 4.567587418024971 ], [ -74.068845572565067, 4.567561894366008 ], [ -74.06886946575321, 4.567495786101688 ], [ -74.068904480857043, 4.567398912030228 ], [ -74.068925059144135, 4.567341975951479 ], [ -74.068932960587631, 4.567323023638664 ], [ -74.068943489850142, 4.567305395127903 ], [ -74.068956431094364, 4.567289453745332 ], [ -74.068971518121032, 4.567275525045488 ], [ -74.068988375912795, 4.567296724764105 ], [ -74.068976180206505, 4.56730797168558 ], [ -74.068965712097906, 4.567320841883372 ], [ -74.06895718382691, 4.567335072755441 ], [ -74.068950770761433, 4.567350372921396 ], [ -74.068929884906197, 4.567408157960188 ], [ -74.068909614187305, 4.567464244179575 ], [ -74.068894870701683, 4.567505032930967 ], [ -74.068883814436447, 4.567535625169 ], [ -74.068866062718598, 4.567584735347282 ], [ -74.06885429329094, 4.567580450077742 ], [ -74.068850592580759, 4.567590687060601 ], [ -74.068850415414317, 4.567591178090424 ], [ -74.068849991833645, 4.567592349007725 ], [ -74.068836442647694, 4.567587418024971 ] ] ] } },
{ "type": "Feature", "properties": { "OBJECTID_1": 40, "id_interve": "4001165", "nomenclatu": "CL 12B S ENTRE KR 22 E Y KR 22B E", "tipo_inter": 1, "loccodigo": "04", "barrio_leg": "LA GRAN COLOMBIA", "numero_con": 416, "año_contr": 2021, "numero_c_1": 421, "año_con_1": 2021, "tipo_contr": 1, "estado_con": 1, "entidad_co": 1, "enlace_con": "https:\/\/community.secop.gov.co\/Public\/Tendering\/OpportunityDetail\/Index?noticeUID=CO1.NTC.1892050&isFromPublicArea=True&isModal=False", "id_element": 203165, "tipo_eleme": 1, "funcion_el": 1, "area_eleme": 174.97453321500001, "SHAPE_Leng": 0.00099261856080100005, "Shape_Area": 1.42476831132e-08 }, "geometry": { "type": "Polygon", "coordinates": [ [ [ -74.069916122830762, 4.567294346956601 ], [ -74.06993675777511, 4.567271636376972 ], [ -74.069964982997533, 4.56729746220816 ], [ -74.0700049209903, 4.567334005260193 ], [ -74.07004485898301, 4.567370548312226 ], [ -74.070084796975777, 4.567407091364203 ], [ -74.070124735867807, 4.567443634416236 ], [ -74.070164673860575, 4.567480176568949 ], [ -74.070204611853342, 4.567516719620983 ], [ -74.07026318110087, 4.567570310221697 ], [ -74.070279400373977, 4.567585149934757 ], [ -74.070272568224425, 4.567591254532829 ], [ -74.070266691154814, 4.567598282734593 ], [ -74.070261890573761, 4.567606086152011 ], [ -74.070260259203565, 4.567609228383219 ], [ -74.070242520076192, 4.567593020801326 ], [ -74.070222583905093, 4.567574755570547 ], [ -74.070144038016906, 4.567502888047898 ], [ -74.070130726251989, 4.56749070673078 ], [ -74.070104100024139, 4.567466344995864 ], [ -74.070064165628708, 4.567429798346552 ], [ -74.069984285146631, 4.567356715839821 ], [ -74.069916122830762, 4.567294346956601 ] ] ] } },
{ "type": "Feature", "properties": { "OBJECTID_1": 41, "id_interve": "4008459", "nomenclatu": "CL 11D S ENTRE KR 23B BIS E Y KR 23C E", "tipo_inter": 1, "loccodigo": "04", "barrio_leg": "LOS LAURELES SUR ORIENTAL I SEC.", "numero_con": 416, "año_contr": 2021, "numero_c_1": 421, "año_con_1": 2021, "tipo_contr": 1, "estado_con": 1, "entidad_co": 1, "enlace_con": "https:\/\/community.secop.gov.co\/Public\/Tendering\/OpportunityDetail\/Index?noticeUID=CO1.NTC.1892050&isFromPublicArea=True&isModal=False", "id_element": 91031191, "tipo_eleme": 1, "funcion_el": 1, "area_eleme": 42.063100832700002, "SHAPE_Leng": 0.00031765831537200001, "Shape_Area": 3.4251505988200001e-09 }, "geometry": { "type": "Polygon", "coordinates": [ [ [ -74.067842802403391, 4.566330698203217 ], [ -74.067845114560328, 4.566325536993986 ], [ -74.067846941982737, 4.566321300287825 ], [ -74.067848985242449, 4.566316003280974 ], [ -74.067850282064853, 4.566312340342279 ], [ -74.067852130171616, 4.566306593674426 ], [ -74.067852396370938, 4.566305681761833 ], [ -74.067960384264268, 4.566326254653006 ], [ -74.06796425224843, 4.566316935877921 ], [ -74.067964499561981, 4.566317040199294 ], [ -74.067976007286859, 4.566321856068839 ], [ -74.06796249677177, 4.566354260440789 ], [ -74.067908818936814, 4.566344036947783 ], [ -74.067842460660984, 4.56633139337913 ], [ -74.067842802403391, 4.566330698203217 ] ] ] } },
{ "type": "Feature", "properties": { "OBJECTID_1": 42, "id_interve": "4008460", "nomenclatu": "CL 11D S ENTRE KR 23B E Y KR 23B BIS E", "tipo_inter": 1, "loccodigo": "04", "barrio_leg": "LOS LAURELES SUR ORIENTAL I SEC.", "numero_con": 416, "año_contr": 2021, "numero_c_1": 421, "año_con_1": 2021, "tipo_contr": 1, "estado_con": 1, "entidad_co": 1, "enlace_con": "https:\/\/community.secop.gov.co\/Public\/Tendering\/OpportunityDetail\/Index?noticeUID=CO1.NTC.1892050&isFromPublicArea=True&isModal=False", "id_element": 91031190, "tipo_eleme": 1, "funcion_el": 1, "area_eleme": 74.061755312599999, "SHAPE_Leng": 0.000503997802113, "Shape_Area": 6.0307435130600003e-09 }, "geometry": { "type": "Polygon", "coordinates": [ [ [ -74.06796249677177, 4.566354260440789 ], [ -74.067976007286859, 4.566321856068839 ], [ -74.06799250714846, 4.566328762862156 ], [ -74.067992728381682, 4.566328856391635 ], [ -74.067991102407404, 4.566332105642232 ], [ -74.068139849374518, 4.56636043698461 ], [ -74.06818817084735, 4.566369640646428 ], [ -74.068188427154155, 4.566369691907823 ], [ -74.068177006663461, 4.566395132829143 ], [ -74.068176755752631, 4.566395068977272 ], [ -74.067965076926725, 4.566354752369989 ], [ -74.06796249677177, 4.566354260440789 ] ] ] } },
{ "type": "Feature", "properties": { "OBJECTID_1": 43, "id_interve": "4006953", "nomenclatu": "CL 12D S ENTRE KR 24B E Y KR 24C E", "tipo_inter": 1, "loccodigo": "04", "barrio_leg": "LA CECILIA", "numero_con": 416, "año_contr": 2021, "numero_c_1": 421, "año_con_1": 2021, "tipo_contr": 1, "estado_con": 1, "entidad_co": 1, "enlace_con": "https:\/\/community.secop.gov.co\/Public\/Tendering\/OpportunityDetail\/Index?noticeUID=CO1.NTC.1892050&isFromPublicArea=True&isModal=False", "id_element": 214604, "tipo_eleme": 1, "funcion_el": 1, "area_eleme": 225.05603459, "SHAPE_Leng": 0.0012756193383300001, "Shape_Area": 1.83258281449e-08 }, "geometry": { "type": "Polygon", "coordinates": [ [ [ -74.067745100955619, 4.564261662146066 ], [ -74.067319020156617, 4.564129796353086 ], [ -74.067319108290178, 4.564127271056748 ], [ -74.067318805218633, 4.564124761948278 ], [ -74.067318117237278, 4.564122331080739 ], [ -74.067317061433187, 4.564120035111557 ], [ -74.067315663886745, 4.564117930697989 ], [ -74.067313956074202, 4.564116067302734 ], [ -74.067311982062279, 4.564114490791155 ], [ -74.067309786817191, 4.564113238934851 ], [ -74.06720642863371, 4.564064628779647 ], [ -74.067191997212888, 4.564060160048371 ], [ -74.067199082971285, 4.564037101431154 ], [ -74.067213534177199, 4.564041651101377 ], [ -74.067212294012108, 4.564045683661448 ], [ -74.067351702419103, 4.564088828636557 ], [ -74.067346391922399, 4.564106104613074 ], [ -74.067756684223582, 4.5642330843894 ], [ -74.067761292349701, 4.56423450981481 ], [ -74.067758708597466, 4.564242913979342 ], [ -74.067753666998101, 4.564259321210727 ], [ -74.067752265854324, 4.564263878974884 ], [ -74.067745100955619, 4.564261662146066 ] ] ] } },
{ "type": "Feature", "properties": { "OBJECTID_1": 44, "id_interve": "4006965", "nomenclatu": "KR 24C E ENTRE CL 12D S Y CL 13 S", "tipo_inter": 1, "loccodigo": "04", "barrio_leg": "LA CECILIA", "numero_con": 416, "año_contr": 2021, "numero_c_1": 421, "año_con_1": 2021, "tipo_contr": 1, "estado_con": 1, "entidad_co": 1, "enlace_con": "https:\/\/community.secop.gov.co\/Public\/Tendering\/OpportunityDetail\/Index?noticeUID=CO1.NTC.1892050&isFromPublicArea=True&isModal=False", "id_element": 91033633, "tipo_eleme": 1, "funcion_el": 2, "area_eleme": 279.50542389700001, "SHAPE_Leng": 0.00065665061489799997, "Shape_Area": 2.2759326488500001e-08 }, "geometry": { "type": "Polygon", "coordinates": [ [ [ -74.067236804135177, 4.5640399756644 ], [ -74.067304940370661, 4.563821731787527 ], [ -74.067400082347888, 4.563850636897428 ], [ -74.067331793227652, 4.564069372703443 ], [ -74.067236804135177, 4.5640399756644 ] ] ] } },
{ "type": "Feature", "properties": { "OBJECTID_1": 45, "id_interve": "4001211", "nomenclatu": "KR 22C E ENTRE CL 11A S Y CL 12B S", "tipo_inter": 1, "loccodigo": "04", "barrio_leg": "LA GRAN COLOMBIA", "numero_con": 416, "año_contr": 2021, "numero_c_1": 421, "año_con_1": 2021, "tipo_contr": 1, "estado_con": 1, "entidad_co": 1, "enlace_con": "https:\/\/community.secop.gov.co\/Public\/Tendering\/OpportunityDetail\/Index?noticeUID=CO1.NTC.1892050&isFromPublicArea=True&isModal=False", "id_element": 203282, "tipo_eleme": 1, "funcion_el": 1, "area_eleme": 95.930615446000004, "SHAPE_Leng": 0.00057129117470199997, "Shape_Area": 7.8113722722000006e-09 }, "geometry": { "type": "Polygon", "coordinates": [ [ [ -74.069390084184988, 4.567209890723916 ], [ -74.069365455351431, 4.56719486485116 ], [ -74.069383707991676, 4.567164725871464 ], [ -74.069443253003669, 4.567066438065694 ], [ -74.069470524045414, 4.567021421601396 ], [ -74.06947146023964, 4.567019876566121 ], [ -74.069478738452972, 4.567009745703274 ], [ -74.069487517634798, 4.567000882884486 ], [ -74.069497578350536, 4.566993508443716 ], [ -74.069508673286578, 4.566987804043947 ], [ -74.069520524552502, 4.566983912677472 ], [ -74.069527717330232, 4.56701379355178 ], [ -74.069520449009474, 4.567016178553843 ], [ -74.06951364653753, 4.567019675117933 ], [ -74.069507477188267, 4.567024196909188 ], [ -74.069502093846495, 4.567029630613035 ], [ -74.069497631410513, 4.567035843129702 ], [ -74.069496695216287, 4.567037388164977 ], [ -74.069469553676925, 4.567082186993389 ], [ -74.069441476842655, 4.567128531756396 ], [ -74.069413400907706, 4.567174877418722 ], [ -74.069391621126385, 4.567210827817519 ], [ -74.069390084184988, 4.567209890723916 ] ] ] } },
{ "type": "Feature", "properties": { "OBJECTID_1": 46, "id_interve": "4001212", "nomenclatu": "CL 12B S ENTRE KR 22B E Y KR 22C E", "tipo_inter": 1, "loccodigo": "04", "barrio_leg": "LA GRAN COLOMBIA", "numero_con": 416, "año_contr": 2021, "numero_c_1": 421, "año_con_1": 2021, "tipo_contr": 1, "estado_con": 1, "entidad_co": 1, "enlace_con": "https:\/\/community.secop.gov.co\/Public\/Tendering\/OpportunityDetail\/Index?noticeUID=CO1.NTC.1892050&isFromPublicArea=True&isModal=False", "id_element": 203285, "tipo_eleme": 1, "funcion_el": 1, "area_eleme": 188.11965889300001, "SHAPE_Leng": 0.0010633833115299999, "Shape_Area": 1.5317977929300001e-08 }, "geometry": { "type": "Polygon", "coordinates": [ [ [ -74.069527717330232, 4.56701379355178 ], [ -74.069520524552502, 4.566983912677472 ], [ -74.069532768822171, 4.566981945860164 ], [ -74.069545170473191, 4.566981919779835 ], [ -74.069557422836738, 4.566983835335805 ], [ -74.069569223740643, 4.566987646662596 ], [ -74.069580282703839, 4.566993258432205 ], [ -74.069628146421792, 4.567022742705433 ], [ -74.069674264555601, 4.567051170275363 ], [ -74.069679487818064, 4.567054575108614 ], [ -74.069765291235171, 4.56711474604873 ], [ -74.069805229227882, 4.567151289100764 ], [ -74.069845168119969, 4.567187832152797 ], [ -74.069885106112736, 4.567224375204773 ], [ -74.06993675777511, 4.567271636376972 ], [ -74.069916122830762, 4.567294346956601 ], [ -74.069904409161097, 4.567283628836435 ], [ -74.069864470269067, 4.567247085784402 ], [ -74.0698245322763, 4.567210542732425 ], [ -74.069784594283533, 4.567173999680392 ], [ -74.069744656290823, 4.567137456628359 ], [ -74.069685927863247, 4.567095449295607 ], [ -74.069656637843536, 4.567076381869583 ], [ -74.069610577266303, 4.567048005561048 ], [ -74.06956451578975, 4.567019631051153 ], [ -74.069557715116446, 4.567016147976915 ], [ -74.06955045039291, 4.567013777363968 ], [ -74.069542903282297, 4.567012580366338 ], [ -74.069535262642205, 4.567012585762257 ], [ -74.069527717330232, 4.56701379355178 ] ] ] } },
{ "type": "Feature", "properties": { "OBJECTID_1": 47, "id_interve": "4008788", "nomenclatu": "KR 22A E ENTRE CL 9 S Y CL 10 S", "tipo_inter": 1, "loccodigo": "04", "barrio_leg": "LA GRAN COLOMBIA", "numero_con": 416, "año_contr": 2021, "numero_c_1": 421, "año_con_1": 2021, "tipo_contr": 1, "estado_con": 1, "entidad_co": 1, "enlace_con": "https:\/\/community.secop.gov.co\/Public\/Tendering\/OpportunityDetail\/Index?noticeUID=CO1.NTC.1892050&isFromPublicArea=True&isModal=False", "id_element": 92087167, "tipo_eleme": 2, "funcion_el": 4, "area_eleme": 30.103428564200001, "SHAPE_Leng": 0.00053384821452199995, "Shape_Area": 2.4511661362699999e-09 }, "geometry": { "type": "Polygon", "coordinates": [ [ [ -74.069468764072155, 4.568162572244944 ], [ -74.069485110149685, 4.568136578240569 ], [ -74.069498846394595, 4.568109114743891 ], [ -74.069513186084635, 4.568076570977041 ], [ -74.069523897909505, 4.568081323894035 ], [ -74.069508830667985, 4.568115520614811 ], [ -74.069505972622494, 4.568121716044402 ], [ -74.069495070141329, 4.568142778166703 ], [ -74.069486194732065, 4.568157568417121 ], [ -74.069481666645572, 4.568164493196832 ], [ -74.06947114187966, 4.56817960270655 ], [ -74.069380008180815, 4.568290991835852 ], [ -74.06937334510377, 4.568285360281209 ], [ -74.069411515029344, 4.56823888421718 ], [ -74.069472758860684, 4.568165734261299 ], [ -74.069468764072155, 4.568162572244944 ] ] ] } },
{ "type": "Feature", "properties": { "OBJECTID_1": 48, "id_interve": "4008788", "nomenclatu": "KR 22A E ENTRE CL 9 S Y CL 10 S", "tipo_inter": 1, "loccodigo": "04", "barrio_leg": "LA GRAN COLOMBIA", "numero_con": 416, "año_contr": 2021, "numero_c_1": 421, "año_con_1": 2021, "tipo_contr": 1, "estado_con": 1, "entidad_co": 1, "enlace_con": "https:\/\/community.secop.gov.co\/Public\/Tendering\/OpportunityDetail\/Index?noticeUID=CO1.NTC.1892050&isFromPublicArea=True&isModal=False", "id_element": 92087168, "tipo_eleme": 2, "funcion_el": 4, "area_eleme": 44.088207474100003, "SHAPE_Leng": 0.00057411010983700003, "Shape_Area": 3.58994674385e-09 }, "geometry": { "type": "Polygon", "coordinates": [ [ [ -74.069400679997329, 4.568308462965263 ], [ -74.06949434888503, 4.568196855300698 ], [ -74.069505873697096, 4.568180198957066 ], [ -74.069518867101976, 4.568159294216116 ], [ -74.069528210158751, 4.56814192021352 ], [ -74.069534312958126, 4.568129203799742 ], [ -74.069547426872191, 4.56809944073666 ], [ -74.069550257038713, 4.568093019577248 ], [ -74.069562617320912, 4.568098503643057 ], [ -74.06955829427983, 4.568108314347285 ], [ -74.069554557596689, 4.568106605635364 ], [ -74.069523364611541, 4.568175330027486 ], [ -74.069486865626288, 4.568242860119938 ], [ -74.069479125161479, 4.568236316652758 ], [ -74.069411145407969, 4.568317308696862 ], [ -74.069400679997329, 4.568308462965263 ] ] ] } },
{ "type": "Feature", "properties": { "OBJECTID_1": 49, "id_interve": "4008556", "nomenclatu": "KR 22D E ENTRE CL 9 S Y CL 11 S", "tipo_inter": 1, "loccodigo": "04", "barrio_leg": "LA GRAN COLOMBIA", "numero_con": 416, "año_contr": 2021, "numero_c_1": 421, "año_con_1": 2021, "tipo_contr": 1, "estado_con": 1, "entidad_co": 1, "enlace_con": "https:\/\/community.secop.gov.co\/Public\/Tendering\/OpportunityDetail\/Index?noticeUID=CO1.NTC.1892050&isFromPublicArea=True&isModal=False", "id_element": 92087169, "tipo_eleme": 2, "funcion_el": 4, "area_eleme": 61.652417526199997, "SHAPE_Leng": 0.00072367808318999998, "Shape_Area": 5.0203203035299999e-09 }, "geometry": { "type": "Polygon", "coordinates": [ [ [ -74.068723337611914, 4.567772488609535 ], [ -74.068771882116607, 4.567685191418491 ], [ -74.068772345267462, 4.56768429389507 ], [ -74.068784079621537, 4.567690401191101 ], [ -74.068793267095543, 4.567672625191562 ], [ -74.068794652051508, 4.567673346447805 ], [ -74.068634995408672, 4.567982270765242 ], [ -74.068623199001422, 4.567975633768526 ], [ -74.068655599776093, 4.567912916847661 ], [ -74.068673375775631, 4.567881806600155 ], [ -74.068694380341356, 4.567830365379109 ], [ -74.068723337611914, 4.567772488609535 ] ] ] } },
{ "type": "Feature", "properties": { "OBJECTID_1": 50, "id_interve": "4008556", "nomenclatu": "KR 22D E ENTRE CL 9 S Y CL 11 S", "tipo_inter": 1, "loccodigo": "04", "barrio_leg": "LA GRAN COLOMBIA", "numero_con": 416, "año_contr": 2021, "numero_c_1": 421, "año_con_1": 2021, "tipo_contr": 1, "estado_con": 1, "entidad_co": 1, "enlace_con": "https:\/\/community.secop.gov.co\/Public\/Tendering\/OpportunityDetail\/Index?noticeUID=CO1.NTC.1892050&isFromPublicArea=True&isModal=False", "id_element": 92087170, "tipo_eleme": 2, "funcion_el": 4, "area_eleme": 60.696487770499999, "SHAPE_Leng": 0.00075710497804599996, "Shape_Area": 4.9422883496599996e-09 }, "geometry": { "type": "Polygon", "coordinates": [ [ [ -74.068658984824253, 4.567994756053224 ], [ -74.068818856405073, 4.567685942352398 ], [ -74.068826581581447, 4.567670992022727 ], [ -74.06883931688094, 4.567677619126869 ], [ -74.068813527921918, 4.567726051216312 ], [ -74.068813358849411, 4.567725963082751 ], [ -74.068783627262576, 4.567782131140461 ], [ -74.068753154634351, 4.567843335401676 ], [ -74.068695394776626, 4.567953123737709 ], [ -74.068695662774587, 4.567953264031985 ], [ -74.06867119312102, 4.568000612438368 ], [ -74.068658984824253, 4.567994756053224 ] ] ] } },
{ "type": "Feature", "properties": { "OBJECTID_1": 51, "id_interve": "4008774", "nomenclatu": "KR 23 E  ENTRE CL 11C S Y TV 22C BIS E", "tipo_inter": 1, "loccodigo": "04", "barrio_leg": "LOS LAURELES SUR ORIENTAL I SEC.", "numero_con": 416, "año_contr": 2021, "numero_c_1": 421, "año_con_1": 2021, "tipo_contr": 1, "estado_con": 1, "entidad_co": 1, "enlace_con": "https:\/\/community.secop.gov.co\/Public\/Tendering\/OpportunityDetail\/Index?noticeUID=CO1.NTC.1892050&isFromPublicArea=True&isModal=False", "id_element": 92087177, "tipo_eleme": 2, "funcion_el": 4, "area_eleme": 20.476421624699999, "SHAPE_Leng": 0.00029404953327900001, "Shape_Area": 1.66731274593e-09 }, "geometry": { "type": "Polygon", "coordinates": [ [ [ -74.068867553794519, 4.566850723082439 ], [ -74.068855197109599, 4.566845634718334 ], [ -74.068859894268655, 4.566837130729027 ], [ -74.068864250584681, 4.566829241876064 ], [ -74.068864807265015, 4.566829455914728 ], [ -74.06891424659517, 4.566731222967633 ], [ -74.068917232344347, 4.566725353991956 ], [ -74.068926919841431, 4.566732864230346 ], [ -74.068872879579715, 4.566841437582355 ], [ -74.068868140152517, 4.566850959604153 ], [ -74.068867553794519, 4.566850723082439 ] ] ] } },
{ "type": "Feature", "properties": { "OBJECTID_1": 52, "id_interve": "4008772", "nomenclatu": "KR 23 E  ENTRE CL 12 S Y CL 12A S", "tipo_inter": 1, "loccodigo": "04", "barrio_leg": "LOS LAURELES SUR ORIENTAL I SEC.", "numero_con": 416, "año_contr": 2021, "numero_c_1": 421, "año_con_1": 2021, "tipo_contr": 1, "estado_con": 1, "entidad_co": 1, "enlace_con": "https:\/\/community.secop.gov.co\/Public\/Tendering\/OpportunityDetail\/Index?noticeUID=CO1.NTC.1892050&isFromPublicArea=True&isModal=False", "id_element": 92087182, "tipo_eleme": 2, "funcion_el": 4, "area_eleme": 64.109408038200002, "SHAPE_Leng": 0.000460060551359, "Shape_Area": 5.220246258e-09 }, "geometry": { "type": "Polygon", "coordinates": [ [ [ -74.068991330185725, 4.566547014832906 ], [ -74.06902465186613, 4.566480609792336 ], [ -74.069028280630619, 4.566473438598337 ], [ -74.069028256348929, 4.56647342690718 ], [ -74.069040479034868, 4.566449067870224 ], [ -74.069048983024118, 4.566453516816409 ], [ -74.069078661550975, 4.566396380188849 ], [ -74.069098631896281, 4.566406825814397 ], [ -74.069015067791099, 4.566567700139274 ], [ -74.069006964000152, 4.566583299779495 ], [ -74.06899529079999, 4.566576964055685 ], [ -74.069006463077756, 4.566554930665575 ], [ -74.068991330185725, 4.566547014832906 ] ] ] } },
{ "type": "Feature", "properties": { "OBJECTID_1": 53, "id_interve": "4008779", "nomenclatu": "KR 23 BIS E ENTRE CL 9 S Y CL 11 S", "tipo_inter": 1, "loccodigo": "04", "barrio_leg": "LOS LAURELES SUR ORIENTAL I SEC.", "numero_con": 416, "año_contr": 2021, "numero_c_1": 421, "año_con_1": 2021, "tipo_contr": 1, "estado_con": 1, "entidad_co": 1, "enlace_con": "https:\/\/community.secop.gov.co\/Public\/Tendering\/OpportunityDetail\/Index?noticeUID=CO1.NTC.1892050&isFromPublicArea=True&isModal=False", "id_element": 92087183, "tipo_eleme": 2, "funcion_el": 4, "area_eleme": 42.650591287899999, "SHAPE_Leng": 0.000689445758296, "Shape_Area": 3.4729010714000002e-09 }, "geometry": { "type": "Polygon", "coordinates": [ [ [ -74.06810146271232, 4.567584357632029 ], [ -74.06814313459796, 4.567484281074769 ], [ -74.068160821564618, 4.567495947979637 ], [ -74.068037484042634, 4.567791974220256 ], [ -74.068030835354705, 4.567789186321932 ], [ -74.068038901374166, 4.567769814025723 ], [ -74.068053334593685, 4.5677388332806 ], [ -74.068074126020065, 4.567689050409399 ], [ -74.068094992090153, 4.567640118296879 ], [ -74.068116012843689, 4.567590574645351 ], [ -74.06810146271232, 4.567584357632029 ] ] ] } },
{ "type": "Feature", "properties": { "OBJECTID_1": 54, "id_interve": "4008779", "nomenclatu": "KR 23 BIS E ENTRE CL 9 S Y CL 11 S", "tipo_inter": 1, "loccodigo": "04", "barrio_leg": "LOS LAURELES SUR ORIENTAL I SEC.", "numero_con": 416, "año_contr": 2021, "numero_c_1": 421, "año_con_1": 2021, "tipo_contr": 1, "estado_con": 1, "entidad_co": 1, "enlace_con": "https:\/\/community.secop.gov.co\/Public\/Tendering\/OpportunityDetail\/Index?noticeUID=CO1.NTC.1892050&isFromPublicArea=True&isModal=False", "id_element": 92087184, "tipo_eleme": 2, "funcion_el": 4, "area_eleme": 41.091434276999998, "SHAPE_Leng": 0.00066905188539600005, "Shape_Area": 3.3458685194299999e-09 }, "geometry": { "type": "Polygon", "coordinates": [ [ [ -74.068065744338583, 4.567803821888901 ], [ -74.06818679128736, 4.567513078266018 ], [ -74.068190888598565, 4.56751578162806 ], [ -74.068176110039417, 4.567544335103037 ], [ -74.068173973250225, 4.567557154039491 ], [ -74.068157021029663, 4.567603346817066 ], [ -74.06813179594559, 4.567660226238502 ], [ -74.068111503642967, 4.567712644123276 ], [ -74.068124149010202, 4.567717574206711 ], [ -74.068084861227305, 4.567811836646968 ], [ -74.068065744338583, 4.567803821888901 ] ] ] } },
{ "type": "Feature", "properties": { "OBJECTID_1": 55, "id_interve": "4008780", "nomenclatu": "KR 23A E ENTRE CL 9 S Y CL 11 S", "tipo_inter": 1, "loccodigo": "04", "barrio_leg": "LOS LAURELES SUR ORIENTAL I SEC.", "numero_con": 416, "año_contr": 2021, "numero_c_1": 421, "año_con_1": 2021, "tipo_contr": 1, "estado_con": 1, "entidad_co": 1, "enlace_con": "https:\/\/community.secop.gov.co\/Public\/Tendering\/OpportunityDetail\/Index?noticeUID=CO1.NTC.1892050&isFromPublicArea=True&isModal=False", "id_element": 92087185, "tipo_eleme": 2, "funcion_el": 4, "area_eleme": 39.2699807232, "SHAPE_Leng": 0.00051660446358400001, "Shape_Area": 3.1976649407500001e-09 }, "geometry": { "type": "Polygon", "coordinates": [ [ [ -74.067832009639517, 4.567545709267108 ], [ -74.067838319282941, 4.567530445074055 ], [ -74.067850310843141, 4.567534627820862 ], [ -74.067895574621048, 4.567422209867118 ], [ -74.067884815132061, 4.567417725847406 ], [ -74.067918618849149, 4.567335841675799 ], [ -74.067922056058023, 4.567337861553142 ], [ -74.0679367257992, 4.56734630258984 ], [ -74.067851141816675, 4.567553660173303 ], [ -74.067832009639517, 4.567545709267108 ] ] ] } },
{ "type": "Feature", "properties": { "OBJECTID_1": 56, "id_interve": "4008780", "nomenclatu": "KR 23A E ENTRE CL 9 S Y CL 11 S", "tipo_inter": 1, "loccodigo": "04", "barrio_leg": "LOS LAURELES SUR ORIENTAL I SEC.", "numero_con": 416, "año_contr": 2021, "numero_c_1": 421, "año_con_1": 2021, "tipo_contr": 1, "estado_con": 1, "entidad_co": 1, "enlace_con": "https:\/\/community.secop.gov.co\/Public\/Tendering\/OpportunityDetail\/Index?noticeUID=CO1.NTC.1892050&isFromPublicArea=True&isModal=False", "id_element": 92087186, "tipo_eleme": 2, "funcion_el": 4, "area_eleme": 32.479204767500001, "SHAPE_Leng": 0.000486335816926, "Shape_Area": 2.6447233154699998e-09 }, "geometry": { "type": "Polygon", "coordinates": [ [ [ -74.06787944887742, 4.567565423305666 ], [ -74.067963514804319, 4.567361717869005 ], [ -74.067981630747624, 4.56737214191088 ], [ -74.067963709057892, 4.567415551286729 ], [ -74.067949700318366, 4.56741072462529 ], [ -74.067891723724017, 4.567570525159681 ], [ -74.06787944887742, 4.567565423305666 ] ] ] } },
{ "type": "Feature", "properties": { "OBJECTID_1": 57, "id_interve": "4008782", "nomenclatu": "KR 23B E ENTRE CL 9 S Y DG 10 S", "tipo_inter": 1, "loccodigo": "04", "barrio_leg": "LOS LAURELES SUR ORIENTAL I SEC.", "numero_con": 416, "año_contr": 2021, "numero_c_1": 421, "año_con_1": 2021, "tipo_contr": 1, "estado_con": 1, "entidad_co": 1, "enlace_con": "https:\/\/community.secop.gov.co\/Public\/Tendering\/OpportunityDetail\/Index?noticeUID=CO1.NTC.1892050&isFromPublicArea=True&isModal=False", "id_element": 92087187, "tipo_eleme": 2, "funcion_el": 4, "area_eleme": 73.443938891100004, "SHAPE_Leng": 0.000753342485273, "Shape_Area": 5.9802694650499998e-09 }, "geometry": { "type": "Polygon", "coordinates": [ [ [ -74.067594153347443, 4.567447417864116 ], [ -74.067636753333488, 4.567333966589331 ], [ -74.067648707122089, 4.567337373221221 ], [ -74.067668565951521, 4.567283227738812 ], [ -74.067693073376574, 4.567232419640504 ], [ -74.06768744631853, 4.567229685701477 ], [ -74.067707091109355, 4.567207524607625 ], [ -74.067729316055079, 4.567187949963966 ], [ -74.067753781211991, 4.567171260345447 ], [ -74.067777920814365, 4.567156893675758 ], [ -74.067788582277217, 4.567174899002453 ], [ -74.0677612024175, 4.567190959994832 ], [ -74.067732017618482, 4.567212576099564 ], [ -74.067706815017459, 4.567238725686707 ], [ -74.067686289790402, 4.567268686600642 ], [ -74.067671007610898, 4.56730163326381 ], [ -74.067613558019275, 4.567454753634024 ], [ -74.067594153347443, 4.567447417864116 ] ] ] } },
{ "type": "Feature", "properties": { "OBJECTID_1": 58, "id_interve": "4008782", "nomenclatu": "KR 23B E ENTRE CL 9 S Y DG 10 S", "tipo_inter": 1, "loccodigo": "04", "barrio_leg": "LOS LAURELES SUR ORIENTAL I SEC.", "numero_con": 416, "año_contr": 2021, "numero_c_1": 421, "año_con_1": 2021, "tipo_contr": 1, "estado_con": 1, "entidad_co": 1, "enlace_con": "https:\/\/community.secop.gov.co\/Public\/Tendering\/OpportunityDetail\/Index?noticeUID=CO1.NTC.1892050&isFromPublicArea=True&isModal=False", "id_element": 92087188, "tipo_eleme": 2, "funcion_el": 4, "area_eleme": 58.253792258399997, "SHAPE_Leng": 0.00069285893282399998, "Shape_Area": 4.7435248387600002e-09 }, "geometry": { "type": "Polygon", "coordinates": [ [ [ -74.067640516996221, 4.567464945650784 ], [ -74.067697971983762, 4.567311813589356 ], [ -74.06771077743042, 4.567283697184905 ], [ -74.067728055205521, 4.567258085392382 ], [ -74.067749330467166, 4.567235682380897 ], [ -74.067774016857356, 4.567217105984696 ], [ -74.067803295185911, 4.567199742773937 ], [ -74.067814734562319, 4.567219062010167 ], [ -74.067790401605691, 4.567233542893746 ], [ -74.067766472444703, 4.567251373751958 ], [ -74.0677455542139, 4.5672726580068 ], [ -74.067733254186294, 4.567267127176251 ], [ -74.067697673408873, 4.567342548819624 ], [ -74.067669822304424, 4.567415133101974 ], [ -74.06765668320935, 4.567467298277222 ], [ -74.067662824679587, 4.56746962032679 ], [ -74.067661589910415, 4.567472911845471 ], [ -74.067640516996221, 4.567464945650784 ] ] ] } },
{ "type": "Feature", "properties": { "OBJECTID_1": 59, "id_interve": "4008785", "nomenclatu": "KR 23B E ENTRE DG 10 S Y CL 11 S", "tipo_inter": 1, "loccodigo": "04", "barrio_leg": "LOS LAURELES SUR ORIENTAL I SEC.", "numero_con": 416, "año_contr": 2021, "numero_c_1": 421, "año_con_1": 2021, "tipo_contr": 1, "estado_con": 1, "entidad_co": 1, "enlace_con": "https:\/\/community.secop.gov.co\/Public\/Tendering\/OpportunityDetail\/Index?noticeUID=CO1.NTC.1892050&isFromPublicArea=True&isModal=False", "id_element": 92087189, "tipo_eleme": 2, "funcion_el": 4, "area_eleme": 16.3082151411, "SHAPE_Leng": 0.00037609141306900001, "Shape_Area": 1.32793124381e-09 }, "geometry": { "type": "Polygon", "coordinates": [ [ [ -74.067678650948949, 4.566960364829015 ], [ -74.067637586105661, 4.56690082701158 ], [ -74.067637071693468, 4.566901320739419 ], [ -74.06762344516585, 4.566886945076476 ], [ -74.067622275147869, 4.56688771939281 ], [ -74.06756272563922, 4.566823290162745 ], [ -74.067563454090077, 4.566822648946129 ], [ -74.067564465827388, 4.56682178919425 ], [ -74.067568523568468, 4.566817977867458 ], [ -74.067608867155457, 4.566860226218523 ], [ -74.067623574668175, 4.566876126232273 ], [ -74.067629398677752, 4.566882892731371 ], [ -74.067635798253434, 4.566890327426734 ], [ -74.067651308860775, 4.566910285181564 ], [ -74.067660518817831, 4.566922134648848 ], [ -74.067666771804056, 4.566931455222516 ], [ -74.067676941337709, 4.566946595309162 ], [ -74.067683262672404, 4.566956007613726 ], [ -74.067678650948949, 4.566960364829015 ] ] ] } },
{ "type": "Feature", "properties": { "OBJECTID_1": 60, "id_interve": "4008783", "nomenclatu": "KR 23B E ENTRE DG 10 S Y CL 11 S", "tipo_inter": 1, "loccodigo": "04", "barrio_leg": "LOS LAURELES SUR ORIENTAL I SEC.", "numero_con": 416, "año_contr": 2021, "numero_c_1": 421, "año_con_1": 2021, "tipo_contr": 1, "estado_con": 1, "entidad_co": 1, "enlace_con": "https:\/\/community.secop.gov.co\/Public\/Tendering\/OpportunityDetail\/Index?noticeUID=CO1.NTC.1892050&isFromPublicArea=True&isModal=False", "id_element": 92087190, "tipo_eleme": 2, "funcion_el": 4, "area_eleme": 23.598215173300002, "SHAPE_Leng": 0.000252514186701, "Shape_Area": 1.9215537287899999e-09 }, "geometry": { "type": "Polygon", "coordinates": [ [ [ -74.067700551239398, 4.5670262401689 ], [ -74.06770570795203, 4.566993757555906 ], [ -74.067707761104259, 4.566997229838307 ], [ -74.067714040170756, 4.567007855328313 ], [ -74.067725040678056, 4.567026470395319 ], [ -74.067743131440352, 4.567057079720485 ], [ -74.067765714316238, 4.567096940371528 ], [ -74.067764770028077, 4.567096502401739 ], [ -74.06773359682802, 4.56708204579985 ], [ -74.067700551239398, 4.5670262401689 ] ] ] } },
{ "type": "Feature", "properties": { "OBJECTID_1": 61, "id_interve": "4008783", "nomenclatu": "KR 23B E ENTRE DG 10 S Y CL 11 S", "tipo_inter": 1, "loccodigo": "04", "barrio_leg": "LOS LAURELES SUR ORIENTAL I SEC.", "numero_con": 416, "año_contr": 2021, "numero_c_1": 421, "año_con_1": 2021, "tipo_contr": 1, "estado_con": 1, "entidad_co": 1, "enlace_con": "https:\/\/community.secop.gov.co\/Public\/Tendering\/OpportunityDetail\/Index?noticeUID=CO1.NTC.1892050&isFromPublicArea=True&isModal=False", "id_element": 92087191, "tipo_eleme": 2, "funcion_el": 4, "area_eleme": 59.258921796000003, "SHAPE_Leng": 0.00050684047547299999, "Shape_Area": 4.8253805628900001e-09 }, "geometry": { "type": "Polygon", "coordinates": [ [ [ -74.06781980404071, 4.567126588321457 ], [ -74.0678127020945, 4.567114568882289 ], [ -74.067803010100818, 4.567098166147503 ], [ -74.067783924688342, 4.567065867895508 ], [ -74.067767559725041, 4.567038173273147 ], [ -74.067746973344128, 4.567003334436379 ], [ -74.067730405134057, 4.566975295373652 ], [ -74.067730361067277, 4.566975220729887 ], [ -74.06772031923731, 4.566958227140503 ], [ -74.067718406379299, 4.566955203619784 ], [ -74.067735976434108, 4.566943962094228 ], [ -74.067854416248281, 4.567144375112889 ], [ -74.067836743670739, 4.567155256010324 ], [ -74.06781980404071, 4.567126588321457 ] ] ] } },
{ "type": "Feature", "properties": { "OBJECTID_1": 62, "id_interve": "4008541", "nomenclatu": "KR 23B E ENTRE DG 10 S Y CL 11 S", "tipo_inter": 1, "loccodigo": "04", "barrio_leg": "LOS LAURELES SUR ORIENTAL I SEC.", "numero_con": 416, "año_contr": 2021, "numero_c_1": 421, "año_con_1": 2021, "tipo_contr": 1, "estado_con": 1, "entidad_co": 1, "enlace_con": "https:\/\/community.secop.gov.co\/Public\/Tendering\/OpportunityDetail\/Index?noticeUID=CO1.NTC.1892050&isFromPublicArea=True&isModal=False", "id_element": 92087192, "tipo_eleme": 2, "funcion_el": 4, "area_eleme": 89.191718836899994, "SHAPE_Leng": 0.00079332291162300002, "Shape_Area": 7.2626768716499998e-09 }, "geometry": { "type": "Polygon", "coordinates": [ [ [ -74.067981630747624, 4.56737214191088 ], [ -74.067963514804319, 4.567361717869005 ], [ -74.0679367257992, 4.56734630258984 ], [ -74.067922056058023, 4.567337861553142 ], [ -74.067918618849149, 4.567335841675799 ], [ -74.067885470737849, 4.567312110365663 ], [ -74.067856690633732, 4.567283237631386 ], [ -74.067833063644912, 4.567250014876322 ], [ -74.067814734562319, 4.567219062010167 ], [ -74.067803295185911, 4.567199742773937 ], [ -74.067788582277217, 4.567174899002453 ], [ -74.067777920814365, 4.567156893675758 ], [ -74.06777448360549, 4.567151090350592 ], [ -74.067763219596884, 4.567132068789988 ], [ -74.067786362750383, 4.567130232374382 ], [ -74.067814362242984, 4.567177611357749 ], [ -74.06785065618277, 4.567239036852129 ], [ -74.067865613707056, 4.56726118085885 ], [ -74.067885215330364, 4.567283630635075 ], [ -74.067907604852053, 4.567303279922498 ], [ -74.067928705645215, 4.567317646592187 ], [ -74.067990755269079, 4.567353605084861 ], [ -74.067993393879988, 4.567355133932324 ], [ -74.068013312963956, 4.56737974567875 ], [ -74.068034974934108, 4.567402836671647 ], [ -74.067981630747624, 4.56737214191088 ] ] ] } },
{ "type": "Feature", "properties": { "OBJECTID_1": 63, "id_interve": "4008781", "nomenclatu": "DG 10 S ENTRE KR 23B BIS E Y KR 23B E", "tipo_inter": 1, "loccodigo": "04", "barrio_leg": "LOS LAURELES SUR ORIENTAL I SEC.", "numero_con": 416, "año_contr": 2021, "numero_c_1": 421, "año_con_1": 2021, "tipo_contr": 1, "estado_con": 1, "entidad_co": 1, "enlace_con": "https:\/\/community.secop.gov.co\/Public\/Tendering\/OpportunityDetail\/Index?noticeUID=CO1.NTC.1892050&isFromPublicArea=True&isModal=False", "id_element": 92087194, "tipo_eleme": 2, "funcion_el": 4, "area_eleme": 54.6269853326, "SHAPE_Leng": 0.00049102678984800003, "Shape_Area": 4.4481828436899998e-09 }, "geometry": { "type": "Polygon", "coordinates": [ [ [ -74.067548517250259, 4.567168140597232 ], [ -74.067539783034533, 4.567148889709529 ], [ -74.067761706037857, 4.567131281883178 ], [ -74.067772970046519, 4.567150303443782 ], [ -74.067548517250259, 4.567168140597232 ] ] ] } },
{ "type": "Feature", "properties": { "OBJECTID_1": 64, "id_interve": "4008784", "nomenclatu": "KR 23B BIS E ENTRE DG 10 S Y CL 11 S", "tipo_inter": 1, "loccodigo": "04", "barrio_leg": "LOS LAURELES SUR ORIENTAL I SEC.", "numero_con": 416, "año_contr": 2021, "numero_c_1": 421, "año_con_1": 2021, "tipo_contr": 1, "estado_con": 1, "entidad_co": 1, "enlace_con": "https:\/\/community.secop.gov.co\/Public\/Tendering\/OpportunityDetail\/Index?noticeUID=CO1.NTC.1892050&isFromPublicArea=True&isModal=False", "id_element": 92087195, "tipo_eleme": 2, "funcion_el": 4, "area_eleme": 25.771069599, "SHAPE_Leng": 0.000384027622656, "Shape_Area": 2.09842392602e-09 }, "geometry": { "type": "Polygon", "coordinates": [ [ [ -74.067589088365708, 4.567046754604064 ], [ -74.067621528710561, 4.567014867342323 ], [ -74.067654338676732, 4.566983802060861 ], [ -74.067654176798783, 4.56698348639884 ], [ -74.067678650948949, 4.566960364829015 ], [ -74.067683262672404, 4.566956007613726 ], [ -74.067688878039235, 4.566965286818572 ], [ -74.067689396948083, 4.566966163657582 ], [ -74.067560464743622, 4.567089887888073 ], [ -74.067552220658399, 4.56708123730931 ], [ -74.067555440231331, 4.567078191305541 ], [ -74.067589088365708, 4.567046754604064 ] ] ] } },
{ "type": "Feature", "properties": { "OBJECTID_1": 65, "id_interve": "4008784", "nomenclatu": "KR 23B BIS E ENTRE DG 10 S Y CL 11 S", "tipo_inter": 1, "loccodigo": "04", "barrio_leg": "LOS LAURELES SUR ORIENTAL I SEC.", "numero_con": 416, "año_contr": 2021, "numero_c_1": 421, "año_con_1": 2021, "tipo_contr": 1, "estado_con": 1, "entidad_co": 1, "enlace_con": "https:\/\/community.secop.gov.co\/Public\/Tendering\/OpportunityDetail\/Index?noticeUID=CO1.NTC.1892050&isFromPublicArea=True&isModal=False", "id_element": 92087196, "tipo_eleme": 2, "funcion_el": 4, "area_eleme": 34.343016978999998, "SHAPE_Leng": 0.00035561499396999998, "Shape_Area": 2.7964171434700002e-09 }, "geometry": { "type": "Polygon", "coordinates": [ [ [ -74.067581632086615, 4.567112100243264 ], [ -74.067705436356789, 4.566993297103011 ], [ -74.06770570795203, 4.566993757555906 ], [ -74.067700551239398, 4.5670262401689 ], [ -74.067700452314, 4.567026864298384 ], [ -74.067633989716796, 4.567090657707752 ], [ -74.067582978371718, 4.567113513078198 ], [ -74.067581632086615, 4.567112100243264 ] ] ] } },
{ "type": "Feature", "properties": { "OBJECTID_1": 66, "id_interve": "4008786", "nomenclatu": "KR 23C E ENTRE CL 9 S Y CL 11 S", "tipo_inter": 1, "loccodigo": "04", "barrio_leg": "LOS LAURELES SUR ORIENTAL I SEC.", "numero_con": 416, "año_contr": 2021, "numero_c_1": 421, "año_con_1": 2021, "tipo_contr": 1, "estado_con": 1, "entidad_co": 1, "enlace_con": "https:\/\/community.secop.gov.co\/Public\/Tendering\/OpportunityDetail\/Index?noticeUID=CO1.NTC.1892050&isFromPublicArea=True&isModal=False", "id_element": 92087197, "tipo_eleme": 2, "funcion_el": 4, "area_eleme": 42.380967001899997, "SHAPE_Leng": 0.00065633440943900002, "Shape_Area": 3.45097435534e-09 }, "geometry": { "type": "Polygon", "coordinates": [ [ [ -74.067393993937628, 4.566908348941183 ], [ -74.067427467603522, 4.566876998574685 ], [ -74.067460944866696, 4.56684564820813 ], [ -74.067492511969817, 4.566815484946744 ], [ -74.067525062931281, 4.566784246995439 ], [ -74.067558156183907, 4.566751291339074 ], [ -74.067566628696909, 4.5667603897802 ], [ -74.067336367179564, 4.566977118299405 ], [ -74.067328563762146, 4.566969018105738 ], [ -74.067361189367375, 4.566938217225015 ], [ -74.067393993937628, 4.566908348941183 ] ] ] } },
{ "type": "Feature", "properties": { "OBJECTID_1": 67, "id_interve": "4008786", "nomenclatu": "KR 23C E ENTRE CL 9 S Y CL 11 S", "tipo_inter": 1, "loccodigo": "04", "barrio_leg": "LOS LAURELES SUR ORIENTAL I SEC.", "numero_con": 416, "año_contr": 2021, "numero_c_1": 421, "año_con_1": 2021, "tipo_contr": 1, "estado_con": 1, "entidad_co": 1, "enlace_con": "https:\/\/community.secop.gov.co\/Public\/Tendering\/OpportunityDetail\/Index?noticeUID=CO1.NTC.1892050&isFromPublicArea=True&isModal=False", "id_element": 92087198, "tipo_eleme": 2, "funcion_el": 4, "area_eleme": 50.699360066300002, "SHAPE_Leng": 0.00065885065694700005, "Shape_Area": 4.1282912323499998e-09 }, "geometry": { "type": "Polygon", "coordinates": [ [ [ -74.067356388786266, 4.566997903430547 ], [ -74.067586292373448, 4.566781541834757 ], [ -74.067595325164064, 4.566791206848791 ], [ -74.067590139673143, 4.566796192690163 ], [ -74.067590854634204, 4.56679694092611 ], [ -74.067586864342275, 4.566800757648878 ], [ -74.067568523568468, 4.566817977867458 ], [ -74.067564465827388, 4.56682178919425 ], [ -74.067563454090077, 4.566822648946129 ], [ -74.06756272563922, 4.566823290162745 ], [ -74.067529823942209, 4.566852277110968 ], [ -74.06749683321226, 4.566882220937771 ], [ -74.067462942260931, 4.566914307849061 ], [ -74.067430887725266, 4.566945897435289 ], [ -74.067398708183816, 4.566976556223153 ], [ -74.067365635615545, 4.56700750279407 ], [ -74.067356388786266, 4.566997903430547 ] ] ] } },
{ "type": "Feature", "properties": { "OBJECTID_1": 68, "id_interve": "4006965", "nomenclatu": "KR 24C E ENTRE CL 12D S Y CL 13 S", "tipo_inter": 1, "loccodigo": "04", "barrio_leg": "LA CECILIA", "numero_con": 416, "año_contr": 2021, "numero_c_1": 421, "año_con_1": 2021, "tipo_contr": 1, "estado_con": 1, "entidad_co": 1, "enlace_con": "https:\/\/community.secop.gov.co\/Public\/Tendering\/OpportunityDetail\/Index?noticeUID=CO1.NTC.1892050&isFromPublicArea=True&isModal=False", "id_element": 92087199, "tipo_eleme": 2, "funcion_el": 4, "area_eleme": 77.966168856300001, "SHAPE_Leng": 0.00058670613496200001, "Shape_Area": 6.3486062351400003e-09 }, "geometry": { "type": "Polygon", "coordinates": [ [ [ -74.067216154801656, 4.564033585081916 ], [ -74.067216085553866, 4.564033564397505 ], [ -74.067229001617079, 4.563993960952587 ], [ -74.067245463707138, 4.563942300296958 ], [ -74.067260661350417, 4.563890241241666 ], [ -74.067276062240467, 4.563834590294164 ], [ -74.067262247754513, 4.563829519916453 ], [ -74.067278951762148, 4.563783683270401 ], [ -74.067313548681284, 4.563794158573614 ], [ -74.067304940370661, 4.563821731787527 ], [ -74.067236804135177, 4.5640399756644 ], [ -74.067216154801656, 4.564033585081916 ] ] ] } },
{ "type": "Feature", "properties": { "OBJECTID_1": 69, "id_interve": "4006965", "nomenclatu": "KR 24C E ENTRE CL 12D S Y CL 13 S", "tipo_inter": 1, "loccodigo": "04", "barrio_leg": "LA CECILIA", "numero_con": 416, "año_contr": 2021, "numero_c_1": 421, "año_con_1": 2021, "tipo_contr": 1, "estado_con": 1, "entidad_co": 1, "enlace_con": "https:\/\/community.secop.gov.co\/Public\/Tendering\/OpportunityDetail\/Index?noticeUID=CO1.NTC.1892050&isFromPublicArea=True&isModal=False", "id_element": 92087200, "tipo_eleme": 2, "funcion_el": 4, "area_eleme": 71.427832939400005, "SHAPE_Leng": 0.00056143869584399997, "Shape_Area": 5.8161401462899996e-09 }, "geometry": { "type": "Polygon", "coordinates": [ [ [ -74.067400082347888, 4.563850636897428 ], [ -74.067408716738839, 4.563822978247913 ], [ -74.067430277984897, 4.563829507325977 ], [ -74.067353312205569, 4.564076033082529 ], [ -74.067331793227652, 4.564069372703443 ], [ -74.067400082347888, 4.563850636897428 ] ] ] } },
{ "type": "Feature", "properties": { "OBJECTID_1": 70, "id_interve": "4006953", "nomenclatu": "CL 12D S ENTRE KR 24B E Y KR 24C E", "tipo_inter": 1, "loccodigo": "04", "barrio_leg": "LA CECILIA", "numero_con": 416, "año_contr": 2021, "numero_c_1": 421, "año_con_1": 2021, "tipo_contr": 1, "estado_con": 1, "entidad_co": 1, "enlace_con": "https:\/\/community.secop.gov.co\/Public\/Tendering\/OpportunityDetail\/Index?noticeUID=CO1.NTC.1892050&isFromPublicArea=True&isModal=False", "id_element": 92087202, "tipo_eleme": 2, "funcion_el": 4, "area_eleme": 138.34472450600001, "SHAPE_Leng": 0.00121059973415, "Shape_Area": 1.12650291521e-08 }, "geometry": { "type": "Polygon", "coordinates": [ [ [ -74.067213534177199, 4.564041651101377 ], [ -74.067216154801656, 4.564033585081916 ], [ -74.067236804135177, 4.5640399756644 ], [ -74.067331793227652, 4.564069372703443 ], [ -74.067353312205569, 4.564076033082529 ], [ -74.067354714248609, 4.564076466555719 ], [ -74.067353891368953, 4.564079179810335 ], [ -74.067354592840161, 4.564079419929328 ], [ -74.067455965320505, 4.564113884648123 ], [ -74.067508028872396, 4.564132774008385 ], [ -74.06755965985036, 4.564150686704863 ], [ -74.067610724255474, 4.564167841272877 ], [ -74.067662832773465, 4.564185102860279 ], [ -74.067715006042647, 4.564201081115073 ], [ -74.067741776161995, 4.564207890781574 ], [ -74.067767098372826, 4.564215615957949 ], [ -74.067763358092463, 4.56422778558391 ], [ -74.067762991169047, 4.564228087756078 ], [ -74.06775899278324, 4.564231288443239 ], [ -74.067756684223582, 4.5642330843894 ], [ -74.067346391922399, 4.564106104613074 ], [ -74.067351702419103, 4.564088828636557 ], [ -74.067212294012108, 4.564045683661448 ], [ -74.067213534177199, 4.564041651101377 ] ] ] } },
{ "type": "Feature", "properties": { "OBJECTID_1": 71, "id_interve": "4006953", "nomenclatu": "CL 12D S ENTRE KR 24B E Y KR 24C E", "tipo_inter": 1, "loccodigo": "04", "barrio_leg": "LA CECILIA", "numero_con": 416, "año_contr": 2021, "numero_c_1": 421, "año_con_1": 2021, "tipo_contr": 1, "estado_con": 1, "entidad_co": 1, "enlace_con": "https:\/\/community.secop.gov.co\/Public\/Tendering\/OpportunityDetail\/Index?noticeUID=CO1.NTC.1892050&isFromPublicArea=True&isModal=False", "id_element": 92087203, "tipo_eleme": 2, "funcion_el": 4, "area_eleme": 117.514781809, "SHAPE_Leng": 0.000936442428729, "Shape_Area": 9.5688217639099997e-09 }, "geometry": { "type": "Polygon", "coordinates": [ [ [ -74.067486202326336, 4.564203294346612 ], [ -74.067332982131404, 4.564155873994423 ], [ -74.067332170043585, 4.56415851710193 ], [ -74.067312372368065, 4.564152390020809 ], [ -74.067318402322371, 4.56413276771309 ], [ -74.067318780037624, 4.564131296422261 ], [ -74.067319020156617, 4.564129796353086 ], [ -74.067745100955619, 4.564261662146066 ], [ -74.067738687890085, 4.564278832901891 ], [ -74.067701305770584, 4.564271425186178 ], [ -74.067641503552522, 4.564252597879147 ], [ -74.06758856585958, 4.564237288719937 ], [ -74.067536403382292, 4.564219168280033 ], [ -74.067485952314826, 4.56420410913239 ], [ -74.067486202326336, 4.564203294346612 ] ] ] } },
{ "type": "Feature", "properties": { "OBJECTID_1": 72, "id_interve": "4001244", "nomenclatu": "TV 22C BIS E ENTRE CL 11A S Y KR 23 E", "tipo_inter": 1, "loccodigo": "04", "barrio_leg": "LA GRAN COLOMBIA", "numero_con": 416, "año_contr": 2021, "numero_c_1": 421, "año_con_1": 2021, "tipo_contr": 1, "estado_con": 1, "entidad_co": 1, "enlace_con": "https:\/\/community.secop.gov.co\/Public\/Tendering\/OpportunityDetail\/Index?noticeUID=CO1.NTC.1892050&isFromPublicArea=True&isModal=False", "id_element": 92087204, "tipo_eleme": 2, "funcion_el": 4, "area_eleme": 61.910707056600003, "SHAPE_Leng": 0.0010099317310800001, "Shape_Area": 5.0413321434500004e-09 }, "geometry": { "type": "Polygon", "coordinates": [ [ [ -74.069093082179961, 4.566985451417509 ], [ -74.069087314827698, 4.566918251376251 ], [ -74.069069174602703, 4.566896015638633 ], [ -74.069065860600972, 4.566891984877259 ], [ -74.069052368971597, 4.566876908642485 ], [ -74.069031967851004, 4.566852392224177 ], [ -74.069027062049258, 4.566857343891343 ], [ -74.068993699899295, 4.566824057284464 ], [ -74.068995603764051, 4.566822135433256 ], [ -74.068949563871229, 4.566785799225329 ], [ -74.06896069567955, 4.566774563095635 ], [ -74.068981788378778, 4.566795591943048 ], [ -74.069035446428643, 4.566849128584465 ], [ -74.069056525638132, 4.566870161928478 ], [ -74.069076418641771, 4.566890010865336 ], [ -74.069080873883195, 4.566894673850186 ], [ -74.069085426251377, 4.566900341377675 ], [ -74.069091031725691, 4.566909336396805 ], [ -74.069095129936272, 4.566918608407093 ], [ -74.069097752359369, 4.566927195133985 ], [ -74.069099558197991, 4.566938537383635 ], [ -74.069130878886938, 4.567209611934118 ], [ -74.069124142964768, 4.567210396142912 ], [ -74.069118273089771, 4.56717066859153 ], [ -74.069109210621548, 4.567112403314809 ], [ -74.069100847825837, 4.567058220060858 ], [ -74.069093082179961, 4.566985451417509 ] ] ] } },
{ "type": "Feature", "properties": { "OBJECTID_1": 73, "id_interve": "4001244", "nomenclatu": "TV 22C BIS E ENTRE CL 11A S Y KR 23 E", "tipo_inter": 1, "loccodigo": "04", "barrio_leg": "LA GRAN COLOMBIA", "numero_con": 416, "año_contr": 2021, "numero_c_1": 421, "año_con_1": 2021, "tipo_contr": 1, "estado_con": 1, "entidad_co": 1, "enlace_con": "https:\/\/community.secop.gov.co\/Public\/Tendering\/OpportunityDetail\/Index?noticeUID=CO1.NTC.1892050&isFromPublicArea=True&isModal=False", "id_element": 92087205, "tipo_eleme": 2, "funcion_el": 4, "area_eleme": 56.802938086099999, "SHAPE_Leng": 0.0011135793455600001, "Shape_Area": 4.6252205486700003e-09 }, "geometry": { "type": "Polygon", "coordinates": [ [ [ -74.069125508135642, 4.566912740330736 ], [ -74.069120944975566, 4.56690075686447 ], [ -74.069115977120589, 4.56689112512538 ], [ -74.06911058118834, 4.566882800101212 ], [ -74.069105164571624, 4.566875854637033 ], [ -74.069099291099349, 4.566869491034254 ], [ -74.068961973616126, 4.566732494608971 ], [ -74.068963309109392, 4.566729925245909 ], [ -74.068964906305325, 4.566730759816778 ], [ -74.068965211175509, 4.566729714804524 ], [ -74.069031946267273, 4.566781397043883 ], [ -74.069056005829964, 4.56681649038876 ], [ -74.069084162703916, 4.56684424436645 ], [ -74.069151155901068, 4.566911323898523 ], [ -74.069140041179935, 4.566931921970649 ], [ -74.069142511617599, 4.566960753336161 ], [ -74.069147146723424, 4.567014790000599 ], [ -74.069149011017998, 4.567068574854886 ], [ -74.069157275787632, 4.567126257370944 ], [ -74.069162098851734, 4.567160686116836 ], [ -74.069168678291817, 4.56720521424927 ], [ -74.069161300253768, 4.567206072202509 ], [ -74.069130556030302, 4.566939994285349 ], [ -74.069128182719396, 4.566923060950558 ], [ -74.069125508135642, 4.566912740330736 ] ] ] } },
{ "type": "Feature", "properties": { "OBJECTID_1": 74, "id_interve": "4001156", "nomenclatu": "KR 22C E ENTRE CL 11 S Y CL 11A S", "tipo_inter": 1, "loccodigo": "04", "barrio_leg": "LA GRAN COLOMBIA", "numero_con": 416, "año_contr": 2021, "numero_c_1": 421, "año_con_1": 2021, "tipo_contr": 1, "estado_con": 1, "entidad_co": 1, "enlace_con": "https:\/\/community.secop.gov.co\/Public\/Tendering\/OpportunityDetail\/Index?noticeUID=CO1.NTC.1892050&isFromPublicArea=True&isModal=False", "id_element": 92087206, "tipo_eleme": 2, "funcion_el": 4, "area_eleme": 109.900783561, "SHAPE_Leng": 0.00097027954079699995, "Shape_Area": 8.9489200075899998e-09 }, "geometry": { "type": "Polygon", "coordinates": [ [ [ -74.069342626960633, 4.567236156323588 ], [ -74.069351863897339, 4.567230188422513 ], [ -74.069355232757744, 4.567232245172022 ], [ -74.069336359585293, 4.567263847348727 ], [ -74.069320252727437, 4.56729024694738 ], [ -74.069302270783112, 4.567319900293228 ], [ -74.069294433191487, 4.567333518726969 ], [ -74.069288375358212, 4.567346286402028 ], [ -74.069284566729323, 4.567355746370652 ], [ -74.069282332813373, 4.567362072201945 ], [ -74.069279346164876, 4.567371871214959 ], [ -74.069276819069898, 4.567382080318794 ], [ -74.069275174209906, 4.567390467396194 ], [ -74.069273415135967, 4.567403042616377 ], [ -74.06927282518069, 4.56740945927919 ], [ -74.069272244218666, 4.567420972399987 ], [ -74.069270077751867, 4.567476375134675 ], [ -74.069270509426417, 4.56749686259019 ], [ -74.069272139897294, 4.567518502077235 ], [ -74.06927483066886, 4.567538817762284 ], [ -74.069277855988219, 4.56755519801402 ], [ -74.069283170082201, 4.567577594730267 ], [ -74.069290123640258, 4.567600356571234 ], [ -74.069296781321384, 4.567618452729448 ], [ -74.069311327855473, 4.567652371559745 ], [ -74.069302135884811, 4.567651581954976 ], [ -74.069296010602386, 4.56765105585157 ], [ -74.069288915850734, 4.567634717867975 ], [ -74.069287622625666, 4.567631706937789 ], [ -74.069286351883591, 4.567628675323135 ], [ -74.069285106322582, 4.567625632916702 ], [ -74.069283885043205, 4.567622579718318 ], [ -74.069282690743535, 4.567619515728097 ], [ -74.069281521624873, 4.567616442744679 ], [ -74.069280378586541, 4.567613359868687 ], [ -74.069279261628594, 4.567610267100179 ], [ -74.06927817075092, 4.567607165338472 ], [ -74.069277105953631, 4.567604053684192 ], [ -74.069276068135991, 4.567600933935978 ], [ -74.069275054600041, 4.567597805194623 ], [ -74.069274069842436, 4.567594668359334 ], [ -74.069273110265783, 4.567591521631471 ], [ -74.069272176769516, 4.567588368608369 ], [ -74.069271270252898, 4.56758520839071 ], [ -74.069270390715928, 4.567582039179797 ], [ -74.069269537259288, 4.567578862774326 ], [ -74.069268710782353, 4.567575679174297 ], [ -74.069267911285067, 4.56757248927903 ], [ -74.069267137868053, 4.567569292189148 ], [ -74.069266393229441, 4.567566088804028 ], [ -74.069265673771781, 4.567562880022933 ], [ -74.069264982193147, 4.56755966404728 ], [ -74.069264316694841, 4.567556442675709 ], [ -74.069263679075505, 4.567553216807539 ], [ -74.069263069335136, 4.567549984644131 ], [ -74.069262484775834, 4.567546747984068 ], [ -74.069261928994763, 4.567543505928086 ], [ -74.069261400193398, 4.567540259375505 ], [ -74.069260899271057, 4.567537008326326 ], [ -74.069260425328309, 4.567533752780491 ], [ -74.069259978365267, 4.567530495436074 ], [ -74.069259559281193, 4.567527231796362 ], [ -74.069259167176767, 4.56752396635801 ], [ -74.069258802052047, 4.567520697322379 ], [ -74.069258465705616, 4.56751742468947 ], [ -74.069258156338833, 4.567514150257864 ], [ -74.069257873951699, 4.567510873128356 ], [ -74.069257620342853, 4.567507593300832 ], [ -74.069257393713713, 4.567504310775348 ], [ -74.069257194963541, 4.567501028249922 ], [ -74.069257023193018, 4.567497743026479 ], [ -74.06925687930152, 4.567494456903717 ], [ -74.069256763288934, 4.567491168982315 ], [ -74.069256675155373, 4.567487881060913 ], [ -74.069256614001517, 4.567484592240191 ], [ -74.069256580726574, 4.56748130162083 ], [ -74.069256575330655, 4.567478012800109 ], [ -74.069256590619148, 4.567475736616018 ], [ -74.069256686846586, 4.567469604138978 ], [ -74.069248138790556, 4.56746486830906 ], [ -74.069253459179777, 4.567414708621982 ], [ -74.069262394843634, 4.567413090741582 ], [ -74.06926473218158, 4.567381580295717 ], [ -74.069267875312164, 4.567345828647149 ], [ -74.069269171235248, 4.56731523191246 ], [ -74.06927102203997, 4.567271542847493 ], [ -74.069269465313539, 4.567258730206277 ], [ -74.069271576022402, 4.567258472100832 ], [ -74.069316491762663, 4.567252977243129 ], [ -74.069323911169533, 4.567252068927871 ], [ -74.069331325180485, 4.567251422315337 ], [ -74.069331495152369, 4.567251140827523 ], [ -74.069339220328743, 4.567238356964651 ], [ -74.069342626960633, 4.567236156323588 ] ] ] } },
{ "type": "Feature", "properties": { "OBJECTID_1": 75, "id_interve": "4001156", "nomenclatu": "KR 22C E ENTRE CL 11 S Y CL 11A S", "tipo_inter": 1, "loccodigo": "04", "barrio_leg": "LA GRAN COLOMBIA", "numero_con": 416, "año_contr": 2021, "numero_c_1": 421, "año_con_1": 2021, "tipo_contr": 1, "estado_con": 1, "entidad_co": 1, "enlace_con": "https:\/\/community.secop.gov.co\/Public\/Tendering\/OpportunityDetail\/Index?noticeUID=CO1.NTC.1892050&isFromPublicArea=True&isModal=False", "id_element": 92087207, "tipo_eleme": 2, "funcion_el": 4, "area_eleme": 113.767280418, "SHAPE_Leng": 0.0010205902778700001, "Shape_Area": 9.2637683411099997e-09 }, "geometry": { "type": "Polygon", "coordinates": [ [ [ -74.069342123340277, 4.567655415764875 ], [ -74.069324978664781, 4.567615940922963 ], [ -74.069317658183365, 4.567597235923756 ], [ -74.069311567974466, 4.567578637044505 ], [ -74.06930590224556, 4.567556993060805 ], [ -74.069303589189246, 4.56754606719727 ], [ -74.069300380408208, 4.567526756954294 ], [ -74.069298987358366, 4.56751539581893 ], [ -74.069297709421733, 4.567499485912606 ], [ -74.069297123063734, 4.56747600371466 ], [ -74.06929873105156, 4.567433889362576 ], [ -74.069299803043464, 4.567411159897176 ], [ -74.069301411930553, 4.567397367894273 ], [ -74.069304596429959, 4.567382085714712 ], [ -74.069307694594386, 4.567371429647835 ], [ -74.069314072586337, 4.567354989141506 ], [ -74.069319428948461, 4.567344135223721 ], [ -74.069325613586159, 4.567333571786946 ], [ -74.069378460447581, 4.567246426581391 ], [ -74.06938563344022, 4.567234587905943 ], [ -74.069411890945958, 4.567250622818051 ], [ -74.0693878439738, 4.567297109673916 ], [ -74.069355003430644, 4.567357725778493 ], [ -74.069342185393509, 4.567353105061784 ], [ -74.069325074892276, 4.567388014045662 ], [ -74.069301964114288, 4.567441082140249 ], [ -74.069314357671431, 4.567449987227178 ], [ -74.069312810837516, 4.567516074807031 ], [ -74.069308423944562, 4.567514781581963 ], [ -74.069312552732072, 4.56754493764879 ], [ -74.069319757201015, 4.567574510055636 ], [ -74.069325440916316, 4.567591113339233 ], [ -74.069338877687017, 4.567618024652177 ], [ -74.069357944213721, 4.567635279944284 ], [ -74.069388432130381, 4.567662871144648 ], [ -74.069381605376748, 4.567661538349341 ], [ -74.069374007004797, 4.567660153393433 ], [ -74.069366392445033, 4.567658862866267 ], [ -74.069358761697458, 4.567657670365236 ], [ -74.069351116560767, 4.567656574091643 ], [ -74.069343458833544, 4.567655573146226 ], [ -74.069342123340277, 4.567655415764875 ] ] ] } },
{ "type": "Feature", "properties": { "OBJECTID_1": 76, "id_interve": "4008778", "nomenclatu": "KR 23 E  ENTRE CL 9 S Y CL 11 S", "tipo_inter": 1, "loccodigo": "04", "barrio_leg": "LOS LAURELES SUR ORIENTAL I SEC.", "numero_con": 416, "año_contr": 2021, "numero_c_1": 421, "año_con_1": 2021, "tipo_contr": 1, "estado_con": 1, "entidad_co": 1, "enlace_con": "https:\/\/community.secop.gov.co\/Public\/Tendering\/OpportunityDetail\/Index?noticeUID=CO1.NTC.1892050&isFromPublicArea=True&isModal=False", "id_element": 92087208, "tipo_eleme": 2, "funcion_el": 4, "area_eleme": 43.244088422099999, "SHAPE_Leng": 0.00053577937965999995, "Shape_Area": 3.5212420366500001e-09 }, "geometry": { "type": "Polygon", "coordinates": [ [ [ -74.068303665381791, 4.567771200780328 ], [ -74.068341025917562, 4.56768399891746 ], [ -74.068356252339129, 4.567690569364345 ], [ -74.068387874300925, 4.567618806163011 ], [ -74.068392730639971, 4.567620528364728 ], [ -74.068299862148876, 4.567837290158877 ], [ -74.068278799127256, 4.567829240327228 ], [ -74.068284161784618, 4.567816722663679 ], [ -74.068292808766046, 4.567820455749484 ], [ -74.068306173590997, 4.56778869169483 ], [ -74.068312673890773, 4.567775087650205 ], [ -74.068303665381791, 4.567771200780328 ] ] ] } },
{ "type": "Feature", "properties": { "OBJECTID_1": 77, "id_interve": "4008778", "nomenclatu": "KR 23 E  ENTRE CL 9 S Y CL 11 S", "tipo_inter": 1, "loccodigo": "04", "barrio_leg": "LOS LAURELES SUR ORIENTAL I SEC.", "numero_con": 416, "año_contr": 2021, "numero_c_1": 421, "año_con_1": 2021, "tipo_contr": 1, "estado_con": 1, "entidad_co": 1, "enlace_con": "https:\/\/community.secop.gov.co\/Public\/Tendering\/OpportunityDetail\/Index?noticeUID=CO1.NTC.1892050&isFromPublicArea=True&isModal=False", "id_element": 92087209, "tipo_eleme": 2, "funcion_el": 4, "area_eleme": 41.767391398599997, "SHAPE_Leng": 0.00053352597713499995, "Shape_Area": 3.4010605549300002e-09 }, "geometry": { "type": "Polygon", "coordinates": [ [ [ -74.068324627679374, 4.567848143177287 ], [ -74.068418512404378, 4.567629010770304 ], [ -74.068421100653211, 4.567629824656706 ], [ -74.068427695381786, 4.567631897594026 ], [ -74.068432108355069, 4.567633226792054 ], [ -74.068436166995468, 4.567634439977496 ], [ -74.068440186065686, 4.567635642371044 ], [ -74.068407087417086, 4.567712896832745 ], [ -74.068392085826076, 4.567706433405249 ], [ -74.068390518307751, 4.567710372435783 ], [ -74.068387165635158, 4.567718966357234 ], [ -74.068377791102137, 4.567740755131808 ], [ -74.068365956024024, 4.56776826539317 ], [ -74.068352456300772, 4.567820393696252 ], [ -74.068338014088056, 4.567853933012657 ], [ -74.068324627679374, 4.567848143177287 ] ] ] } },
{ "type": "Feature", "properties": { "OBJECTID_1": 78, "id_interve": "4008787", "nomenclatu": "KR 22B E ENTRE CL 9 S Y CL 11 S", "tipo_inter": 1, "loccodigo": "04", "barrio_leg": "LA GRAN COLOMBIA", "numero_con": 416, "año_contr": 2021, "numero_c_1": 421, "año_con_1": 2021, "tipo_contr": 1, "estado_con": 1, "entidad_co": 1, "enlace_con": "https:\/\/community.secop.gov.co\/Public\/Tendering\/OpportunityDetail\/Index?noticeUID=CO1.NTC.1892050&isFromPublicArea=True&isModal=False", "id_element": 92087210, "tipo_eleme": 2, "funcion_el": 4, "area_eleme": 81.189182618499999, "SHAPE_Leng": 0.00135278803863, "Shape_Area": 6.6109607752200002e-09 }, "geometry": { "type": "Polygon", "coordinates": [ [ [ -74.069264026213773, 4.567955788428947 ], [ -74.069389608443657, 4.567865483904995 ], [ -74.069390377363959, 4.567866499239585 ], [ -74.069465185669742, 4.567807461445227 ], [ -74.069462233195452, 4.567791270950465 ], [ -74.069442147736879, 4.567777887239743 ], [ -74.069478726761815, 4.567792589356543 ], [ -74.069478895834322, 4.567792664000308 ], [ -74.06948162707539, 4.567793896071521 ], [ -74.069484351121844, 4.567795143431169 ], [ -74.069487067074419, 4.56779640607931 ], [ -74.069489776731757, 4.567797684015943 ], [ -74.069492479194537, 4.567798979039708 ], [ -74.069492944144031, 4.567799204769528 ], [ -74.069239846141954, 4.567989702762645 ], [ -74.069197434114244, 4.56802403977764 ], [ -74.069156477189608, 4.568060563044583 ], [ -74.069010349048312, 4.568204440182797 ], [ -74.069002115754984, 4.568196044112199 ], [ -74.069062114924634, 4.568143976063709 ], [ -74.069058771245238, 4.568140099086349 ], [ -74.069114084947046, 4.568085476963233 ], [ -74.069115628183681, 4.568087087649019 ], [ -74.069179536706201, 4.568026881635319 ], [ -74.069217301936874, 4.56799659516679 ], [ -74.069264026213773, 4.567955788428947 ] ] ] } },
{ "type": "Feature", "properties": { "OBJECTID_1": 79, "id_interve": "4008787", "nomenclatu": "KR 22B E ENTRE CL 9 S Y CL 11 S", "tipo_inter": 1, "loccodigo": "04", "barrio_leg": "LA GRAN COLOMBIA", "numero_con": 416, "año_contr": 2021, "numero_c_1": 421, "año_con_1": 2021, "tipo_contr": 1, "estado_con": 1, "entidad_co": 1, "enlace_con": "https:\/\/community.secop.gov.co\/Public\/Tendering\/OpportunityDetail\/Index?noticeUID=CO1.NTC.1892050&isFromPublicArea=True&isModal=False", "id_element": 92087211, "tipo_eleme": 2, "funcion_el": 4, "area_eleme": 98.630172460400004, "SHAPE_Leng": 0.0013271697285500001, "Shape_Area": 8.0312485028500002e-09 }, "geometry": { "type": "Polygon", "coordinates": [ [ [ -74.069256195816763, 4.568013631024314 ], [ -74.069519323957593, 4.567812916732748 ], [ -74.069521684677966, 4.567814238736162 ], [ -74.06952429181257, 4.567815718120926 ], [ -74.069526889054657, 4.567817211894862 ], [ -74.06952947820281, 4.567818720957234 ], [ -74.069532058357765, 4.567820246207418 ], [ -74.069527959247864, 4.567823371351551 ], [ -74.069522511154901, 4.567819516857242 ], [ -74.069413280398521, 4.567910696421563 ], [ -74.069412290244941, 4.567911572361197 ], [ -74.069347496789533, 4.567968966194883 ], [ -74.069341741128426, 4.567964770857543 ], [ -74.069274104915962, 4.568010892588688 ], [ -74.069204493792313, 4.568068891666087 ], [ -74.069206973223174, 4.568071884609822 ], [ -74.069040024877211, 4.568234702369693 ], [ -74.069030614371343, 4.56822510570413 ], [ -74.069175665124817, 4.568082169256741 ], [ -74.069215341414861, 4.568046683807438 ], [ -74.069256195816763, 4.568013631024314 ] ] ] } },
{ "type": "Feature", "properties": { "OBJECTID_1": 80, "id_interve": "4008789", "nomenclatu": "KR 22 BIS E ENTRE CL 9 S Y CL 11 S", "tipo_inter": 1, "loccodigo": "04", "barrio_leg": "LA GRAN COLOMBIA", "numero_con": 416, "año_contr": 2021, "numero_c_1": 421, "año_con_1": 2021, "tipo_contr": 1, "estado_con": 1, "entidad_co": 1, "enlace_con": "https:\/\/community.secop.gov.co\/Public\/Tendering\/OpportunityDetail\/Index?noticeUID=CO1.NTC.1892050&isFromPublicArea=True&isModal=False", "id_element": 92087212, "tipo_eleme": 2, "funcion_el": 4, "area_eleme": 108.766885801, "SHAPE_Leng": 0.0010584479274499999, "Shape_Area": 8.8565106082299994e-09 }, "geometry": { "type": "Polygon", "coordinates": [ [ [ -74.069774270066489, 4.568287193998856 ], [ -74.069808121447636, 4.568214926277847 ], [ -74.069843016941661, 4.568137262624646 ], [ -74.069856422236057, 4.568089845869736 ], [ -74.069855057065183, 4.568089305377214 ], [ -74.06985763272354, 4.568078726651947 ], [ -74.069857480738108, 4.56806935841422 ], [ -74.069861287568301, 4.568072568993898 ], [ -74.069879357646187, 4.568087810703958 ], [ -74.069881052868254, 4.568089240626023 ], [ -74.069683925073036, 4.568545062005057 ], [ -74.069671551300985, 4.568539620207332 ], [ -74.069724515973576, 4.568418355622669 ], [ -74.06971613699011, 4.568414545195139 ], [ -74.069748186129857, 4.568343596779641 ], [ -74.069774270066489, 4.568287193998856 ] ] ] } },
{ "type": "Feature", "properties": { "OBJECTID_1": 81, "id_interve": "4008789", "nomenclatu": "KR 22 BIS E ENTRE CL 9 S Y CL 11 S", "tipo_inter": 1, "loccodigo": "04", "barrio_leg": "LA GRAN COLOMBIA", "numero_con": 416, "año_contr": 2021, "numero_c_1": 421, "año_con_1": 2021, "tipo_contr": 1, "estado_con": 1, "entidad_co": 1, "enlace_con": "https:\/\/community.secop.gov.co\/Public\/Tendering\/OpportunityDetail\/Index?noticeUID=CO1.NTC.1892050&isFromPublicArea=True&isModal=False", "id_element": 92087213, "tipo_eleme": 2, "funcion_el": 4, "area_eleme": 84.131038602499999, "SHAPE_Leng": 0.0010204014236600001, "Shape_Area": 6.85043233725e-09 }, "geometry": { "type": "Polygon", "coordinates": [ [ [ -74.069710327369648, 4.568556674950628 ], [ -74.069905490146198, 4.568109853087321 ], [ -74.069914833202972, 4.568117733846407 ], [ -74.069858359375758, 4.568247031175588 ], [ -74.069874909599378, 4.568258160285893 ], [ -74.06982791732446, 4.568332450582204 ], [ -74.069822543875262, 4.568329027762445 ], [ -74.069721052684372, 4.568561392794095 ], [ -74.069710327369648, 4.568556674950628 ] ] ] } },
{ "type": "Feature", "properties": { "OBJECTID_1": 82, "id_interve": "4008461", "nomenclatu": "KR 23B BIS E ENTRE CL 11D S Y CL 12A BIS S", "tipo_inter": 1, "loccodigo": "04", "barrio_leg": "LOS LAURELES SUR ORIENTAL I SEC.", "numero_con": 416, "año_contr": 2021, "numero_c_1": 421, "año_con_1": 2021, "tipo_contr": 1, "estado_con": 1, "entidad_co": 1, "enlace_con": "https:\/\/community.secop.gov.co\/Public\/Tendering\/OpportunityDetail\/Index?noticeUID=CO1.NTC.1892050&isFromPublicArea=True&isModal=False", "id_element": 92087214, "tipo_eleme": 2, "funcion_el": 4, "area_eleme": 72.108030342299998, "SHAPE_Leng": 0.0013170654962200001, "Shape_Area": 5.8716325920599999e-09 }, "geometry": { "type": "Polygon", "coordinates": [ [ [ -74.067977857192318, 4.566227983934368 ], [ -74.067994095351196, 4.566188933572448 ], [ -74.068007328875069, 4.566194476094267 ], [ -74.068026420582783, 4.566154261110285 ], [ -74.068042756767795, 4.56611323313922 ], [ -74.068060254876798, 4.56607275555325 ], [ -74.068074033389905, 4.566032694353396 ], [ -74.068077202600762, 4.566033346361905 ], [ -74.068094538831872, 4.565995254677318 ], [ -74.068108317344922, 4.565949660848219 ], [ -74.068125274062083, 4.565907711072043 ], [ -74.068142673245745, 4.565865588626082 ], [ -74.068131477585609, 4.565860901359542 ], [ -74.068164472812157, 4.56578155417543 ], [ -74.068176470667538, 4.565786577788401 ], [ -74.068194101876259, 4.565741688128469 ], [ -74.068203623898057, 4.5657413077152 ], [ -74.068177459921799, 4.565804212594401 ], [ -74.068153912972662, 4.565860829413793 ], [ -74.068109866876796, 4.56596672998063 ], [ -74.068060923972439, 4.566084405371043 ], [ -74.068025262256015, 4.566170149432878 ], [ -74.067969586127447, 4.566304011720831 ], [ -74.067965068832848, 4.56631556261317 ], [ -74.067964499561981, 4.566317040199294 ], [ -74.06796425224843, 4.566316935877921 ], [ -74.067957868860503, 4.566314885423651 ], [ -74.067958283447979, 4.566313938437531 ], [ -74.067971621293225, 4.566283420843263 ], [ -74.067971895586481, 4.566283103382546 ], [ -74.067991327237905, 4.566233623582889 ], [ -74.067977857192318, 4.566227983934368 ] ] ] } },
{ "type": "Feature", "properties": { "OBJECTID_1": 83, "id_interve": "4008461", "nomenclatu": "KR 23B BIS E ENTRE CL 11D S Y CL 12A BIS S", "tipo_inter": 1, "loccodigo": "04", "barrio_leg": "LOS LAURELES SUR ORIENTAL I SEC.", "numero_con": 416, "año_contr": 2021, "numero_c_1": 421, "año_con_1": 2021, "tipo_contr": 1, "estado_con": 1, "entidad_co": 1, "enlace_con": "https:\/\/community.secop.gov.co\/Public\/Tendering\/OpportunityDetail\/Index?noticeUID=CO1.NTC.1892050&isFromPublicArea=True&isModal=False", "id_element": 92087215, "tipo_eleme": 2, "funcion_el": 4, "area_eleme": 37.817760373799999, "SHAPE_Leng": 0.0013173879023899999, "Shape_Area": 3.07932532189e-09 }, "geometry": { "type": "Polygon", "coordinates": [ [ [ -74.068126442281425, 4.566006701248284 ], [ -74.068132028870025, 4.565993268074919 ], [ -74.068154096434341, 4.56594020627557 ], [ -74.068164775883645, 4.5659145252352 ], [ -74.068185410827994, 4.565864906040645 ], [ -74.068195214337607, 4.565841332111859 ], [ -74.068214669371457, 4.565794551177646 ], [ -74.068219582367817, 4.565782735884625 ], [ -74.068228970390635, 4.565760162001936 ], [ -74.068235178410703, 4.565740045966379 ], [ -74.068242646381009, 4.56573974829081 ], [ -74.068237135335494, 4.565751908923517 ], [ -74.068220042820656, 4.565790985365709 ], [ -74.068201752408925, 4.565832990000558 ], [ -74.068185245352765, 4.565875084567551 ], [ -74.068166999907078, 4.565914170002998 ], [ -74.068154492136046, 4.565951836308273 ], [ -74.068169146588787, 4.565957972382591 ], [ -74.068149892103804, 4.566006708442899 ], [ -74.068135137826289, 4.566000530100439 ], [ -74.068118388852497, 4.56603371958056 ], [ -74.068117694575903, 4.566035094643951 ], [ -74.068102908822141, 4.566072607165154 ], [ -74.068084292855815, 4.566121147173249 ], [ -74.068067471036898, 4.566160954764314 ], [ -74.068050197758396, 4.566200094159058 ], [ -74.06803124994218, 4.566241600569469 ], [ -74.068012882188725, 4.566282047578454 ], [ -74.067995561246107, 4.56632381479227 ], [ -74.06799331923628, 4.566329102805923 ], [ -74.067992728381682, 4.566328856391635 ], [ -74.06799250714846, 4.566328762862156 ], [ -74.067996710579678, 4.566318655381679 ], [ -74.068014892173494, 4.566274936639047 ], [ -74.068032017063899, 4.56623375668255 ], [ -74.068037635128746, 4.5662202479661 ], [ -74.06806450956941, 4.566155625381839 ], [ -74.068065935894197, 4.566152195367579 ], [ -74.068093670086739, 4.566085506141235 ], [ -74.068099879905503, 4.566070572898695 ], [ -74.068115686389774, 4.566032565750334 ], [ -74.068126442281425, 4.566006701248284 ] ] ] } },
{ "type": "Feature", "properties": { "OBJECTID_1": 84, "id_interve": "4008771", "nomenclatu": "KR 23C E  ENTRE CL 12A BIS S Y CL 11D S", "tipo_inter": 1, "loccodigo": "04", "barrio_leg": "LOS LAURELES SUR ORIENTAL I SEC.", "numero_con": 416, "año_contr": 2021, "numero_c_1": 421, "año_con_1": 2021, "tipo_contr": 1, "estado_con": 1, "entidad_co": 1, "enlace_con": "https:\/\/community.secop.gov.co\/Public\/Tendering\/OpportunityDetail\/Index?noticeUID=CO1.NTC.1892050&isFromPublicArea=True&isModal=False", "id_element": 92087216, "tipo_eleme": 2, "funcion_el": 4, "area_eleme": 97.648560378799999, "SHAPE_Leng": 0.0010302838050699999, "Shape_Area": 7.9512383046399996e-09 }, "geometry": { "type": "Polygon", "coordinates": [ [ [ -74.067854098787564, 4.566023094989873 ], [ -74.068018070377605, 4.565668648789142 ], [ -74.068029286722151, 4.565680528833411 ], [ -74.068042195590806, 4.565690542784353 ], [ -74.068056490314746, 4.565698454120422 ], [ -74.068023121869544, 4.565689929446762 ], [ -74.068005546418817, 4.565732839698853 ], [ -74.068002759419755, 4.565739643969437 ], [ -74.068002420375365, 4.565740331051472 ], [ -74.067984918669026, 4.565778006349944 ], [ -74.067984774777472, 4.565778268052668 ], [ -74.067967718235593, 4.565816412797233 ], [ -74.06794763457566, 4.565859873434476 ], [ -74.067936351681226, 4.565904120079153 ], [ -74.067934297629677, 4.565910935141574 ], [ -74.067919758290202, 4.56591581486299 ], [ -74.067914565604667, 4.565946422389516 ], [ -74.067893195914223, 4.565979360059487 ], [ -74.067876400175692, 4.566023605804787 ], [ -74.067864810612491, 4.566067031368448 ], [ -74.067855055666257, 4.566113771833159 ], [ -74.067853968385919, 4.566113802410086 ], [ -74.067853765139091, 4.566106290373057 ], [ -74.067853554697763, 4.566096277321378 ], [ -74.0678533361625, 4.566076030884176 ], [ -74.067853346055017, 4.566062209203665 ], [ -74.0678536554218, 4.566038951836219 ], [ -74.067854098787564, 4.566023094989873 ] ] ] } },
{ "type": "Feature", "properties": { "OBJECTID_1": 85, "id_interve": "4000766", "nomenclatu": "CL 8 S ENTRE KR 21 E Y KR 21A E", "tipo_inter": 1, "loccodigo": "04", "barrio_leg": "MONTECARLO", "numero_con": 416, "año_contr": 2021, "numero_c_1": 421, "año_con_1": 2021, "tipo_contr": 1, "estado_con": 1, "entidad_co": 1, "enlace_con": "https:\/\/community.secop.gov.co\/Public\/Tendering\/OpportunityDetail\/Index?noticeUID=CO1.NTC.1892050&isFromPublicArea=True&isModal=False", "id_element": 202168, "tipo_eleme": 2, "funcion_el": 4, "area_eleme": 57.313207619499998, "SHAPE_Leng": 0.000398433111367, "Shape_Area": 4.6668889747700002e-09 }, "geometry": { "type": "Polygon", "coordinates": [ [ [ -74.070227355707857, 4.569772891106084 ], [ -74.070238390389363, 4.569752988209871 ], [ -74.070271812793862, 4.569778085590201 ], [ -74.070281416654041, 4.569760504743556 ], [ -74.070346621998965, 4.569803332258005 ], [ -74.070345117433192, 4.569807652601128 ], [ -74.070381841248945, 4.569828928762092 ], [ -74.07036893327961, 4.569852146559356 ], [ -74.070227355707857, 4.569772891106084 ] ] ] } },
{ "type": "Feature", "properties": { "OBJECTID_1": 86, "id_interve": "4000791", "nomenclatu": "KR 21 E ENTRE CL 8 A S Y CL 9 S", "tipo_inter": 1, "loccodigo": "04", "barrio_leg": "MANILA", "numero_con": 416, "año_contr": 2021, "numero_c_1": 421, "año_con_1": 2021, "tipo_contr": 1, "estado_con": 1, "entidad_co": 1, "enlace_con": "https:\/\/community.secop.gov.co\/Public\/Tendering\/OpportunityDetail\/Index?noticeUID=CO1.NTC.1892050&isFromPublicArea=True&isModal=False", "id_element": 202225, "tipo_eleme": 2, "funcion_el": 4, "area_eleme": 68.932738905999997, "SHAPE_Leng": 0.00094903954912699999, "Shape_Area": 5.6130096345999998e-09 }, "geometry": { "type": "Polygon", "coordinates": [ [ [ -74.070628572950227, 4.569430191849904 ], [ -74.070580613004836, 4.569529419447178 ], [ -74.070505134704149, 4.569685577727284 ], [ -74.070429657302782, 4.569841736007334 ], [ -74.070420715343687, 4.569837384187963 ], [ -74.070459540875049, 4.569757824763826 ], [ -74.070473534326084, 4.569729023075979 ], [ -74.070496564165069, 4.569679099910559 ], [ -74.070518692883354, 4.569629827854328 ], [ -74.070513485808704, 4.569625886125777 ], [ -74.070538469874464, 4.569580492845489 ], [ -74.070535425669334, 4.569576623062744 ], [ -74.070545932448795, 4.569554685900073 ], [ -74.070551516339378, 4.569557479194373 ], [ -74.070564157210072, 4.569532621932979 ], [ -74.070588771654457, 4.569483613378111 ], [ -74.070618900741636, 4.569426278000378 ], [ -74.070619211907058, 4.569425635884443 ], [ -74.070628572950227, 4.569430191849904 ] ] ] } },
{ "type": "Feature", "properties": { "OBJECTID_1": 87, "id_interve": "4000791", "nomenclatu": "KR 21 E ENTRE CL 8 A S Y CL 9 S", "tipo_inter": 1, "loccodigo": "04", "barrio_leg": "MANILA", "numero_con": 416, "año_contr": 2021, "numero_c_1": 421, "año_con_1": 2021, "tipo_contr": 1, "estado_con": 1, "entidad_co": 1, "enlace_con": "https:\/\/community.secop.gov.co\/Public\/Tendering\/OpportunityDetail\/Index?noticeUID=CO1.NTC.1892050&isFromPublicArea=True&isModal=False", "id_element": 202227, "tipo_eleme": 2, "funcion_el": 4, "area_eleme": 59.989128447600002, "SHAPE_Leng": 0.00093957559841600002, "Shape_Area": 4.8848655758900002e-09 }, "geometry": { "type": "Polygon", "coordinates": [ [ [ -74.07045721432894, 4.569855147597025 ], [ -74.070494952579963, 4.569777070255611 ], [ -74.070540553603621, 4.569682724178449 ], [ -74.070586156425918, 4.56958837810123 ], [ -74.070656129976385, 4.569443605238234 ], [ -74.070666236557543, 4.569448523630513 ], [ -74.070658613004525, 4.569464295940577 ], [ -74.070657019405871, 4.569463453275773 ], [ -74.070612132443898, 4.56955493681096 ], [ -74.07061228712729, 4.56955502584384 ], [ -74.07059578097045, 4.569589177598516 ], [ -74.070596147893866, 4.569589367355491 ], [ -74.070573731392528, 4.569637346186653 ], [ -74.070551233052925, 4.56968739525712 ], [ -74.070528464017343, 4.569736223947643 ], [ -74.070496884323688, 4.569800401367502 ], [ -74.070467709417244, 4.569860256645597 ], [ -74.07045721432894, 4.569855147597025 ] ] ] } },
{ "type": "Feature", "properties": { "OBJECTID_1": 88, "id_interve": "4000804", "nomenclatu": "KR 21A E ENTRE CL 8 S Y CL 9 S", "tipo_inter": 1, "loccodigo": "04", "barrio_leg": "MANILA", "numero_con": 416, "año_contr": 2021, "numero_c_1": 421, "año_con_1": 2021, "tipo_contr": 1, "estado_con": 1, "entidad_co": 1, "enlace_con": "https:\/\/community.secop.gov.co\/Public\/Tendering\/OpportunityDetail\/Index?noticeUID=CO1.NTC.1892050&isFromPublicArea=True&isModal=False", "id_element": 202257, "tipo_eleme": 2, "funcion_el": 4, "area_eleme": 71.401703906400002, "SHAPE_Leng": 0.000661080635845, "Shape_Area": 5.8141864778899998e-09 }, "geometry": { "type": "Polygon", "coordinates": [ [ [ -74.070221854554916, 4.569711358592372 ], [ -74.070268249679941, 4.56961338375072 ], [ -74.070291446792794, 4.569564396779526 ], [ -74.070314644804967, 4.569515409808389 ], [ -74.070338615334776, 4.569464788769039 ], [ -74.070341199087011, 4.569459016020801 ], [ -74.070343397030115, 4.569454058957717 ], [ -74.070356787935395, 4.569460445043546 ], [ -74.070351791302073, 4.569471844849829 ], [ -74.07032848177397, 4.569524379646452 ], [ -74.070306164198087, 4.569572820729149 ], [ -74.070285314315754, 4.569623466949508 ], [ -74.070230801010609, 4.569745649742003 ], [ -74.070210256897781, 4.569735853426948 ], [ -74.070221854554916, 4.569711358592372 ] ] ] } },
{ "type": "Feature", "properties": { "OBJECTID_1": 89, "id_interve": "4000804", "nomenclatu": "KR 21A E ENTRE CL 8 S Y CL 9 S", "tipo_inter": 1, "loccodigo": "04", "barrio_leg": "MANILA", "numero_con": 416, "año_contr": 2021, "numero_c_1": 421, "año_con_1": 2021, "tipo_contr": 1, "estado_con": 1, "entidad_co": 1, "enlace_con": "https:\/\/community.secop.gov.co\/Public\/Tendering\/OpportunityDetail\/Index?noticeUID=CO1.NTC.1892050&isFromPublicArea=True&isModal=False", "id_element": 202255, "tipo_eleme": 2, "funcion_el": 4, "area_eleme": 71.635288700299995, "SHAPE_Leng": 0.00079671508159799998, "Shape_Area": 5.8331333525799998e-09 }, "geometry": { "type": "Polygon", "coordinates": [ [ [ -74.07034510124538, 4.569363731950716 ], [ -74.070364178563977, 4.569372894243713 ], [ -74.070345621053548, 4.569412084000533 ], [ -74.070335858013379, 4.569407429109617 ], [ -74.070313434317484, 4.569454782911976 ], [ -74.070311805645304, 4.569454006797002 ], [ -74.070289381949351, 4.569501362398 ], [ -74.070219017193835, 4.569649957379681 ], [ -74.070195820080983, 4.569698944350876 ], [ -74.070181174621496, 4.569691960215835 ], [ -74.070187751363619, 4.569678073784132 ], [ -74.070188869220885, 4.569678606182777 ], [ -74.070222279034908, 4.569596105975563 ], [ -74.070227908790912, 4.569598041316624 ], [ -74.070254082659744, 4.569544394957916 ], [ -74.070277066633253, 4.569495285678954 ], [ -74.070275574658012, 4.569494716408087 ], [ -74.070297757335595, 4.569447874320019 ], [ -74.070302547124811, 4.569449548857619 ], [ -74.070308404409275, 4.569432681173339 ], [ -74.07034510124538, 4.569363731950716 ] ] ] } },
{ "type": "Feature", "properties": { "OBJECTID_1": 90, "id_interve": "4000976", "nomenclatu": "KR 21 E ENTRE CL 9 S Y CL 12B S", "tipo_inter": 1, "loccodigo": "04", "barrio_leg": "MANILA", "numero_con": 416, "año_contr": 2021, "numero_c_1": 421, "año_con_1": 2021, "tipo_contr": 1, "estado_con": 1, "entidad_co": 1, "enlace_con": "https:\/\/community.secop.gov.co\/Public\/Tendering\/OpportunityDetail\/Index?noticeUID=CO1.NTC.1892050&isFromPublicArea=True&isModal=False", "id_element": 202682, "tipo_eleme": 2, "funcion_el": 4, "area_eleme": 114.569289521, "SHAPE_Leng": 0.00163659380398, "Shape_Area": 9.3289859854799999e-09 }, "geometry": { "type": "Polygon", "coordinates": [ [ [ -74.070763241930024, 4.569126293843453 ], [ -74.07084803540846, 4.568956261722121 ], [ -74.070849203627802, 4.568956891247581 ], [ -74.070873359417988, 4.568907520265896 ], [ -74.070897308364067, 4.568858971264547 ], [ -74.070921238424376, 4.568809681221865 ], [ -74.070944690944714, 4.56876132197749 ], [ -74.070969558098568, 4.568711915022902 ], [ -74.070992677869754, 4.568662633973418 ], [ -74.07101726623381, 4.568613388896836 ], [ -74.071039468696483, 4.568566821101967 ], [ -74.071040376112421, 4.568564903747358 ], [ -74.071052572718031, 4.568538040997851 ], [ -74.071062657715458, 4.568515827743283 ], [ -74.071062873552705, 4.568515352001953 ], [ -74.071081788094034, 4.568463015056125 ], [ -74.071084850285558, 4.568465555640955 ], [ -74.071086407911366, 4.568466297581608 ], [ -74.071088456566997, 4.568462077063259 ], [ -74.071089247071029, 4.568460451988301 ], [ -74.071115336403636, 4.568406838005217 ], [ -74.071116126907668, 4.568405212930259 ], [ -74.071125727170511, 4.568409788680867 ], [ -74.071099443584387, 4.568465311924626 ], [ -74.07107316089764, 4.568520835168442 ], [ -74.071026779262411, 4.568618816305388 ], [ -74.070979625109544, 4.568718429711794 ], [ -74.070932544701122, 4.568813051880909 ], [ -74.070857563725554, 4.568963410433071 ], [ -74.070797900902392, 4.569083049942833 ], [ -74.070773713635958, 4.569131553078762 ], [ -74.070763241930024, 4.569126293843453 ] ] ] } },
{ "type": "Feature", "properties": { "OBJECTID_1": 91, "id_interve": "4000976", "nomenclatu": "KR 21 E ENTRE CL 9 S Y CL 12B S", "tipo_inter": 1, "loccodigo": "04", "barrio_leg": "MANILA", "numero_con": 416, "año_contr": 2021, "numero_c_1": 421, "año_con_1": 2021, "tipo_contr": 1, "estado_con": 1, "entidad_co": 1, "enlace_con": "https:\/\/community.secop.gov.co\/Public\/Tendering\/OpportunityDetail\/Index?noticeUID=CO1.NTC.1892050&isFromPublicArea=True&isModal=False", "id_element": 202684, "tipo_eleme": 2, "funcion_el": 4, "area_eleme": 121.114659643, "SHAPE_Leng": 0.0016340882889499999, "Shape_Area": 9.8621047146899993e-09 }, "geometry": { "type": "Polygon", "coordinates": [ [ [ -74.071153391216001, 4.56842297723864 ], [ -74.071164499641895, 4.568428272446852 ], [ -74.07116369744665, 4.568429891226572 ], [ -74.071137207915797, 4.568483313654042 ], [ -74.07113287498214, 4.568492052366366 ], [ -74.071133021571654, 4.568492109923 ], [ -74.071109083417412, 4.568541165242607 ], [ -74.071085522079159, 4.56858972233789 ], [ -74.071063658660876, 4.568640071781942 ], [ -74.071063530057813, 4.568640337081945 ], [ -74.071040905813106, 4.568689066847014 ], [ -74.071029899010568, 4.568713372823936 ], [ -74.071018441647709, 4.568738704028021 ], [ -74.071019682712176, 4.56873931376839 ], [ -74.070997358840998, 4.568784078422539 ], [ -74.07099674640267, 4.568783790639486 ], [ -74.070972625686068, 4.568830486138097 ], [ -74.070951075231903, 4.568873485423069 ], [ -74.070928702797346, 4.568918254573816 ], [ -74.070914432355153, 4.568946971725438 ], [ -74.070895619437238, 4.568984212651344 ], [ -74.070881671851623, 4.569013373168673 ], [ -74.07085944420794, 4.569056054992984 ], [ -74.070835541127281, 4.569103328755659 ], [ -74.07081166412695, 4.569150610612212 ], [ -74.070801103388192, 4.569145307310123 ], [ -74.070824483962724, 4.569098421155275 ], [ -74.070851897097327, 4.569043450994513 ], [ -74.070884146785886, 4.568978780746193 ], [ -74.070934133803178, 4.568878542310927 ], [ -74.070959933554036, 4.56882680611227 ], [ -74.07098492841169, 4.568776685995317 ], [ -74.071005084017372, 4.568736266865244 ], [ -74.071030040204164, 4.568683555801499 ], [ -74.071076860708501, 4.568584645664941 ], [ -74.071100052425436, 4.568535655096468 ], [ -74.07112633511224, 4.568480131852652 ], [ -74.071153391216001, 4.56842297723864 ] ] ] } },
{ "type": "Feature", "properties": { "OBJECTID_1": 92, "id_interve": "4001007", "nomenclatu": "KR 21A E ENTRE CL 9 S Y CL 12B S", "tipo_inter": 1, "loccodigo": "04", "barrio_leg": "MANILA", "numero_con": 416, "año_contr": 2021, "numero_c_1": 421, "año_con_1": 2021, "tipo_contr": 1, "estado_con": 1, "entidad_co": 1, "enlace_con": "https:\/\/community.secop.gov.co\/Public\/Tendering\/OpportunityDetail\/Index?noticeUID=CO1.NTC.1892050&isFromPublicArea=True&isModal=False", "id_element": 202766, "tipo_eleme": 2, "funcion_el": 4, "area_eleme": 200.16541321, "SHAPE_Leng": 0.0014675297031199999, "Shape_Area": 1.6299153215799998e-08 }, "geometry": { "type": "Polygon", "coordinates": [ [ [ -74.070568645726382, 4.568871642712168 ], [ -74.070616834099553, 4.568772472671526 ], [ -74.070617622805003, 4.568770847596568 ], [ -74.070641152667008, 4.568722266219652 ], [ -74.070639280278499, 4.568721351609156 ], [ -74.070662094280181, 4.56867394564614 ], [ -74.070662910864598, 4.568672334061034 ], [ -74.070686707825246, 4.568625643958342 ], [ -74.070687526208303, 4.568624033272556 ], [ -74.070711223344233, 4.568577293707165 ], [ -74.070712006653764, 4.568575665934304 ], [ -74.070735129122852, 4.568528649377697 ], [ -74.070735912432383, 4.568527020705517 ], [ -74.070758632904528, 4.568479808996017 ], [ -74.070759420710658, 4.568478183021796 ], [ -74.070782648400439, 4.568431216827264 ], [ -74.070783450595741, 4.568429546786206 ], [ -74.07080656766891, 4.568382577893715 ], [ -74.070807347381162, 4.568380959113995 ], [ -74.070829823237716, 4.56833361700285 ], [ -74.07083060564787, 4.568331989229989 ], [ -74.070853476306866, 4.568284851264934 ], [ -74.07085425961634, 4.568283221693378 ], [ -74.070878686102446, 4.56823282188725 ], [ -74.070898014331874, 4.568242188326394 ], [ -74.070849439250196, 4.568343123736213 ], [ -74.070778927005847, 4.568489643981934 ], [ -74.070731919442494, 4.568587323845975 ], [ -74.070661407198145, 4.568733843192376 ], [ -74.070590110745002, 4.568881991210958 ], [ -74.070568645726382, 4.568871642712168 ] ] ] } },
{ "type": "Feature", "properties": { "OBJECTID_1": 93, "id_interve": "4001007", "nomenclatu": "KR 21A E ENTRE CL 9 S Y CL 12B S", "tipo_inter": 1, "loccodigo": "04", "barrio_leg": "MANILA", "numero_con": 416, "año_contr": 2021, "numero_c_1": 421, "año_con_1": 2021, "tipo_contr": 1, "estado_con": 1, "entidad_co": 1, "enlace_con": "https:\/\/community.secop.gov.co\/Public\/Tendering\/OpportunityDetail\/Index?noticeUID=CO1.NTC.1892050&isFromPublicArea=True&isModal=False", "id_element": 202768, "tipo_eleme": 2, "funcion_el": 4, "area_eleme": 167.64299904399999, "SHAPE_Leng": 0.00145974368202, "Shape_Area": 1.3650814202099999e-08 }, "geometry": { "type": "Polygon", "coordinates": [ [ [ -74.070945782721651, 4.568265337775188 ], [ -74.070895666201977, 4.568369708595242 ], [ -74.070896728301307, 4.568370223007435 ], [ -74.070871996945073, 4.568416309664997 ], [ -74.070871165971482, 4.568417914055544 ], [ -74.070847961664072, 4.568464882948035 ], [ -74.070847161267466, 4.568466504425714 ], [ -74.070823947067481, 4.56851346882155 ], [ -74.070823176348483, 4.568515067816179 ], [ -74.070799617708133, 4.568561909004927 ], [ -74.070798798425756, 4.568563518791393 ], [ -74.070775167839713, 4.568610290732352 ], [ -74.070774385429502, 4.568611919404589 ], [ -74.070752629030551, 4.568655583288603 ], [ -74.070751821439387, 4.568657199370307 ], [ -74.070727773567853, 4.568707784436754 ], [ -74.070727000150896, 4.56870941580695 ], [ -74.070717398089414, 4.568728684681105 ], [ -74.070716591397513, 4.56873029536689 ], [ -74.070703520650909, 4.568756259693657 ], [ -74.070702738240755, 4.568757889265214 ], [ -74.070677890871934, 4.568808084925251 ], [ -74.070677106663084, 4.568809712698112 ], [ -74.070655361056026, 4.568853381978045 ], [ -74.070654573249897, 4.568855007952322 ], [ -74.070631976884215, 4.568902358157345 ], [ -74.070622718363722, 4.56889779319863 ], [ -74.070617690254153, 4.56889535603591 ], [ -74.070641194935149, 4.568846516553549 ], [ -74.070687419189028, 4.568750465361745 ], [ -74.070735994270706, 4.56864952905255 ], [ -74.070781435214997, 4.568555104734344 ], [ -74.070828443677669, 4.568457424870303 ], [ -74.070876234550553, 4.568358118132721 ], [ -74.070925593841025, 4.568255554050609 ], [ -74.070945782721651, 4.568265337775188 ] ] ] } },
{ "type": "Feature", "properties": { "OBJECTID_1": 94, "id_interve": "4001039", "nomenclatu": "KR 21B E ENTRE CL 10 S Y CL 12B S", "tipo_inter": 1, "loccodigo": "04", "barrio_leg": "MANILA", "numero_con": 416, "año_contr": 2021, "numero_c_1": 421, "año_con_1": 2021, "tipo_contr": 1, "estado_con": 1, "entidad_co": 1, "enlace_con": "https:\/\/community.secop.gov.co\/Public\/Tendering\/OpportunityDetail\/Index?noticeUID=CO1.NTC.1892050&isFromPublicArea=True&isModal=False", "id_element": 202843, "tipo_eleme": 2, "funcion_el": 4, "area_eleme": 130.06348253499999, "SHAPE_Leng": 0.0013775497554499999, "Shape_Area": 1.0590854659e-08 }, "geometry": { "type": "Polygon", "coordinates": [ [ [ -74.070396852732529, 4.568556158739796 ], [ -74.070446549268809, 4.56845411626449 ], [ -74.070445556417269, 4.568453628831946 ], [ -74.070445816321353, 4.568453085641465 ], [ -74.070470331840284, 4.568403136395659 ], [ -74.070494749333193, 4.568355039753328 ], [ -74.070543392763341, 4.5682571917161 ], [ -74.0705672059118, 4.568207901673361 ], [ -74.070564635649362, 4.568206651615753 ], [ -74.070574814176268, 4.568185751371402 ], [ -74.070576468928834, 4.568186470829005 ], [ -74.070588695212052, 4.568162878913768 ], [ -74.070613417575146, 4.568116925355866 ], [ -74.070615264782589, 4.568114248973473 ], [ -74.07063983516025, 4.568064443619221 ], [ -74.07066317976188, 4.568014358575851 ], [ -74.070690543433784, 4.567960901974118 ], [ -74.070698811800696, 4.567964957017182 ], [ -74.070684121375052, 4.567995123875903 ], [ -74.070650105417997, 4.568064967923988 ], [ -74.070641799279599, 4.568082023566603 ], [ -74.070599478083409, 4.568168924156566 ], [ -74.070552805967168, 4.568264756813107 ], [ -74.070560088677098, 4.568268328920283 ], [ -74.070536358266281, 4.568317057786032 ], [ -74.070488894746632, 4.568414516416851 ], [ -74.070441431227039, 4.56851197414835 ], [ -74.070413110676498, 4.568570125211181 ], [ -74.070404023027208, 4.568561104111723 ], [ -74.070396852732529, 4.568556158739796 ] ] ] } },
{ "type": "Feature", "properties": { "OBJECTID_1": 95, "id_interve": "4001039", "nomenclatu": "KR 21B E ENTRE CL 10 S Y CL 12B S", "tipo_inter": 1, "loccodigo": "04", "barrio_leg": "MANILA", "numero_con": 416, "año_contr": 2021, "numero_c_1": 421, "año_con_1": 2021, "tipo_contr": 1, "estado_con": 1, "entidad_co": 1, "enlace_con": "https:\/\/community.secop.gov.co\/Public\/Tendering\/OpportunityDetail\/Index?noticeUID=CO1.NTC.1892050&isFromPublicArea=True&isModal=False", "id_element": 202845, "tipo_eleme": 2, "funcion_el": 4, "area_eleme": 144.64140382400001, "SHAPE_Leng": 0.0013638885611400001, "Shape_Area": 1.17777852376e-08 }, "geometry": { "type": "Polygon", "coordinates": [ [ [ -74.070422275667454, 4.568621302930808 ], [ -74.070436091052727, 4.568592937414166 ], [ -74.07044600787691, 4.568572574065115 ], [ -74.07049347139656, 4.568475116333616 ], [ -74.070540934016833, 4.568377657702797 ], [ -74.070587607931714, 4.568281819650281 ], [ -74.070594889742324, 4.568285397153431 ], [ -74.070619413355189, 4.568235043212724 ], [ -74.070642748963678, 4.568187127334113 ], [ -74.070666480273815, 4.568138397569044 ], [ -74.070689816781567, 4.568090480791113 ], [ -74.070719480919252, 4.568029569708926 ], [ -74.070721099698972, 4.568030362910974 ], [ -74.070727574817681, 4.568033538417126 ], [ -74.070728287080726, 4.568034893695426 ], [ -74.070700572673275, 4.568094272332871 ], [ -74.070678794690593, 4.568143968869094 ], [ -74.070655495055007, 4.568192138356551 ], [ -74.070655007622463, 4.568193138402648 ], [ -74.070654888911974, 4.568193080846072 ], [ -74.07044170012432, 4.568630829449262 ], [ -74.070422275667454, 4.568621302930808 ] ] ] } },
{ "type": "Feature", "properties": { "OBJECTID_1": 96, "id_interve": "4000886", "nomenclatu": "KR 21B E ENTRE CL 10 S Y CL 12B S", "tipo_inter": 1, "loccodigo": "04", "barrio_leg": "MANILA", "numero_con": 416, "año_contr": 2021, "numero_c_1": 421, "año_con_1": 2021, "tipo_contr": 1, "estado_con": 1, "entidad_co": 1, "enlace_con": "https:\/\/community.secop.gov.co\/Public\/Tendering\/OpportunityDetail\/Index?noticeUID=CO1.NTC.1892050&isFromPublicArea=True&isModal=False", "id_element": 92069107, "tipo_eleme": 2, "funcion_el": 4, "area_eleme": 99.558354131399994, "SHAPE_Leng": 0.00074845383453499997, "Shape_Area": 8.1068295208300006e-09 }, "geometry": { "type": "Polygon", "coordinates": [ [ [ -74.070422275667454, 4.568621302930808 ], [ -74.07044170012432, 4.568630829449262 ], [ -74.070446477323003, 4.568633172183183 ], [ -74.070445265036938, 4.56863565880866 ], [ -74.070443680431481, 4.568634798157461 ], [ -74.070418831264021, 4.568682387582157 ], [ -74.070394828358587, 4.56873133408385 ], [ -74.070373645727102, 4.568780569267915 ], [ -74.070368905400642, 4.568778242721748 ], [ -74.070318277166734, 4.568882198055064 ], [ -74.070328291117676, 4.568887109252728 ], [ -74.070327909805144, 4.568887890763619 ], [ -74.070305177641785, 4.568937148430678 ], [ -74.07029172198537, 4.568930548306184 ], [ -74.070283144251675, 4.568926068783071 ], [ -74.070286692077161, 4.568918784274501 ], [ -74.070279176442796, 4.568915133926339 ], [ -74.070327348628211, 4.568816219293126 ], [ -74.070351080837668, 4.568767490427376 ], [ -74.070398544357317, 4.568670031796557 ], [ -74.070422275667454, 4.568621302930808 ] ] ] } },
{ "type": "Feature", "properties": { "OBJECTID_1": 97, "id_interve": "4001068", "nomenclatu": "KR 21C E ENTRE CL 11 S Y CL 12B S", "tipo_inter": 1, "loccodigo": "04", "barrio_leg": "MANILA", "numero_con": 416, "año_contr": 2021, "numero_c_1": 421, "año_con_1": 2021, "tipo_contr": 1, "estado_con": 1, "entidad_co": 1, "enlace_con": "https:\/\/community.secop.gov.co\/Public\/Tendering\/OpportunityDetail\/Index?noticeUID=CO1.NTC.1892050&isFromPublicArea=True&isModal=False", "id_element": 92069222, "tipo_eleme": 2, "funcion_el": 4, "area_eleme": 26.337555857400002, "SHAPE_Leng": 0.00030584488232600002, "Shape_Area": 2.1446011709200001e-09 }, "geometry": { "type": "Polygon", "coordinates": [ [ [ -74.070209050007634, 4.568402606694974 ], [ -74.070240983134852, 4.568342323339607 ], [ -74.070269479053195, 4.568285496978149 ], [ -74.070271087940341, 4.568286309065968 ], [ -74.070283287243853, 4.568292470321296 ], [ -74.070278183591256, 4.568303546371624 ], [ -74.07025449724722, 4.568349147395281 ], [ -74.070220253761647, 4.568417433817558 ], [ -74.070214291256491, 4.568410293200543 ], [ -74.070209050007634, 4.568402606694974 ] ] ] } },
{ "type": "Feature", "properties": { "OBJECTID_1": 98, "id_interve": "4008268", "nomenclatu": "KR 21C E ENTRE CL 11 S Y CL 12B S", "tipo_inter": 1, "loccodigo": "04", "barrio_leg": "MANILA", "numero_con": 416, "año_contr": 2021, "numero_c_1": 421, "año_con_1": 2021, "tipo_contr": 1, "estado_con": 1, "entidad_co": 1, "enlace_con": "https:\/\/community.secop.gov.co\/Public\/Tendering\/OpportunityDetail\/Index?noticeUID=CO1.NTC.1892050&isFromPublicArea=True&isModal=False", "id_element": 92069125, "tipo_eleme": 2, "funcion_el": 4, "area_eleme": 86.5276427891, "SHAPE_Leng": 0.0011049551238600001, "Shape_Area": 7.0456588191599997e-09 }, "geometry": { "type": "Polygon", "coordinates": [ [ [ -74.070271087940341, 4.568286309065968 ], [ -74.070314422672425, 4.568199892311213 ], [ -74.070361541751709, 4.568105929345222 ], [ -74.070363378167315, 4.568102268205166 ], [ -74.07039421502094, 4.568040771664357 ], [ -74.070406798335057, 4.568015679679945 ], [ -74.070459626310651, 4.567910331296787 ], [ -74.070512555010339, 4.567804779666915 ], [ -74.070524910795939, 4.56781101826391 ], [ -74.070497477876245, 4.5678636681738 ], [ -74.070497395138659, 4.567863833649028 ], [ -74.070471842701352, 4.567915618411121 ], [ -74.070447722884069, 4.567962702416821 ], [ -74.070418521897238, 4.568021573836631 ], [ -74.070400105580347, 4.568059066572687 ], [ -74.070375858958698, 4.568108570654033 ], [ -74.070349749841057, 4.568158551376087 ], [ -74.070325495125473, 4.568205888091313 ], [ -74.070312394701205, 4.568229444033648 ], [ -74.070300889674286, 4.568254265322139 ], [ -74.070283287243853, 4.568292470321296 ], [ -74.070271087940341, 4.568286309065968 ] ] ] } },
{ "type": "Feature", "properties": { "OBJECTID_1": 99, "id_interve": "4008268", "nomenclatu": "KR 21C E ENTRE CL 11 S Y CL 12B S", "tipo_inter": 1, "loccodigo": "04", "barrio_leg": "MANILA", "numero_con": 416, "año_contr": 2021, "numero_c_1": 421, "año_con_1": 2021, "tipo_contr": 1, "estado_con": 1, "entidad_co": 1, "enlace_con": "https:\/\/community.secop.gov.co\/Public\/Tendering\/OpportunityDetail\/Index?noticeUID=CO1.NTC.1892050&isFromPublicArea=True&isModal=False", "id_element": 92069095, "tipo_eleme": 2, "funcion_el": 4, "area_eleme": 113.197857571, "SHAPE_Leng": 0.00097348743519399996, "Shape_Area": 9.2173748582500003e-09 }, "geometry": { "type": "Polygon", "coordinates": [ [ [ -74.070261599193429, 4.568198540630192 ], [ -74.070256135811974, 4.568195725752162 ], [ -74.070260666596425, 4.568186871027308 ], [ -74.070293948706706, 4.568123029054618 ], [ -74.070326646257683, 4.56805727872046 ], [ -74.070358830295731, 4.567991239703986 ], [ -74.070422880911167, 4.567862984689043 ], [ -74.070421665027766, 4.567862374948675 ], [ -74.070461281962537, 4.567778888185217 ], [ -74.070481978960117, 4.567789339206684 ], [ -74.070440915915526, 4.56787122607625 ], [ -74.07043354057538, 4.567885931790386 ], [ -74.070407537577751, 4.567937786699531 ], [ -74.070342975248082, 4.568066537240952 ], [ -74.070339539837846, 4.568073387376955 ], [ -74.070313600692089, 4.568125114582415 ], [ -74.070284577771019, 4.568182991351989 ], [ -74.070273711262701, 4.568204662315338 ], [ -74.070261599193429, 4.568198540630192 ] ] ] } },
{ "type": "Feature", "properties": { "OBJECTID_1": 100, "id_interve": "4001163", "nomenclatu": "CL 11A S ENTRE KR 22C E Y  TV 22C BIS E", "tipo_inter": 1, "loccodigo": "04", "barrio_leg": "LA GRAN COLOMBIA", "numero_con": 416, "año_contr": 2021, "numero_c_1": 421, "año_con_1": 2021, "tipo_contr": 1, "estado_con": 1, "entidad_co": 1, "enlace_con": "https:\/\/community.secop.gov.co\/Public\/Tendering\/OpportunityDetail\/Index?noticeUID=CO1.NTC.1892050&isFromPublicArea=True&isModal=False", "id_element": 92069106, "tipo_eleme": 2, "funcion_el": 4, "area_eleme": 80.010651389000003, "SHAPE_Leng": 0.00076575305766699996, "Shape_Area": 6.5150881094999997e-09 }, "geometry": { "type": "Polygon", "coordinates": [ [ [ -74.068988375912795, 4.567296724764105 ], [ -74.069001469142449, 4.567287681181597 ], [ -74.069015681128747, 4.56728052347745 ], [ -74.069030742075029, 4.567275386549909 ], [ -74.06904636599694, 4.567272368425108 ], [ -74.069123526929161, 4.567262927342256 ], [ -74.06917539173088, 4.567256580826609 ], [ -74.06924334900134, 4.567248265694957 ], [ -74.069342626960633, 4.567236156323588 ], [ -74.069339220328743, 4.567238356964651 ], [ -74.069331495152369, 4.567251140827523 ], [ -74.069331325180485, 4.567251422315337 ], [ -74.069323911169533, 4.567252068927871 ], [ -74.069316491762663, 4.567252977243129 ], [ -74.069271576022402, 4.567258472100832 ], [ -74.069269465313539, 4.567258730206277 ], [ -74.06927102203997, 4.567271542847493 ], [ -74.069206489387909, 4.567271003254234 ], [ -74.06915624336591, 4.567272515913942 ], [ -74.069156880985247, 4.567287069642589 ], [ -74.069156473592329, 4.567287080434483 ], [ -74.069033109990016, 4.567290418717903 ], [ -74.069032796126578, 4.567289419571125 ], [ -74.06902997315467, 4.5672903377789 ], [ -74.0690251626811, 4.567292104047397 ], [ -74.069020440341035, 4.56729409784441 ], [ -74.069015816027047, 4.567296313773909 ], [ -74.069011301430351, 4.56729874823867 ], [ -74.069006906443519, 4.567301394044136 ], [ -74.06900264005975, 4.567304246693652 ], [ -74.068998513070881, 4.567307299892036 ], [ -74.068997466260043, 4.567308155147316 ], [ -74.068988375912795, 4.567296724764105 ] ] ] } },
{ "type": "Feature", "properties": { "OBJECTID_1": 101, "id_interve": "4001163", "nomenclatu": "CL 11A S ENTRE KR 22C E Y  TV 22C BIS E", "tipo_inter": 1, "loccodigo": "04", "barrio_leg": "LA GRAN COLOMBIA", "numero_con": 416, "año_contr": 2021, "numero_c_1": 421, "año_con_1": 2021, "tipo_contr": 1, "estado_con": 1, "entidad_co": 1, "enlace_con": "https:\/\/community.secop.gov.co\/Public\/Tendering\/OpportunityDetail\/Index?noticeUID=CO1.NTC.1892050&isFromPublicArea=True&isModal=False", "id_element": 92069226, "tipo_eleme": 2, "funcion_el": 4, "area_eleme": 84.060807008200001, "SHAPE_Leng": 0.00075983972422699999, "Shape_Area": 6.8448502938600001e-09 }, "geometry": { "type": "MultiPolygon", "coordinates": [ [ [ [ -74.069276255195007, 4.567196018681386 ], [ -74.069319953253228, 4.567189813359221 ], [ -74.069321827440319, 4.567190245933148 ], [ -74.069324135100715, 4.567209241413423 ], [ -74.069324351837338, 4.567211035560888 ], [ -74.06917212089661, 4.567229662319107 ], [ -74.069170485929135, 4.567216203065357 ], [ -74.069171424821377, 4.567216087952147 ], [ -74.069169256555881, 4.567205308678126 ], [ -74.069238501655491, 4.567201167300084 ], [ -74.069276255195007, 4.567196018681386 ] ] ], [ [ [ -74.068971518121032, 4.567275525045488 ], [ -74.06894412297288, 4.567241077413826 ], [ -74.068965656339913, 4.56722893386825 ], [ -74.068972024439347, 4.56724115565487 ], [ -74.069004273228586, 4.567236576306982 ], [ -74.069064204049766, 4.567225165708862 ], [ -74.069117884582681, 4.567216495345008 ], [ -74.06912025879285, 4.567236007036172 ], [ -74.069089591911109, 4.567239759007748 ], [ -74.069043095162669, 4.567245448118967 ], [ -74.069023809201383, 4.567249174909534 ], [ -74.069005218416066, 4.567255517827959 ], [ -74.068987677139546, 4.567264357264321 ], [ -74.068971518121032, 4.567275525045488 ] ] ] ] } },
{ "type": "Feature", "properties": { "OBJECTID_1": 102, "id_interve": "4001155", "nomenclatu": "KR 22D ESTE ENTRE CL 11 SUR Y CL 11A SUR", "tipo_inter": 1, "loccodigo": "04", "barrio_leg": "LA GRAN COLOMBIA", "numero_con": 416, "año_contr": 2021, "numero_c_1": 421, "año_con_1": 2021, "tipo_contr": 1, "estado_con": 1, "entidad_co": 1, "enlace_con": "https:\/\/community.secop.gov.co\/Public\/Tendering\/OpportunityDetail\/Index?noticeUID=CO1.NTC.1892050&isFromPublicArea=True&isModal=False", "id_element": 203146, "tipo_eleme": 2, "funcion_el": 4, "area_eleme": 71.507198142299998, "SHAPE_Leng": 0.00076637416825799999, "Shape_Area": 5.82261544067e-09 }, "geometry": { "type": "Polygon", "coordinates": [ [ [ -74.06894412297288, 4.567241077413826 ], [ -74.068971518121032, 4.567275525045488 ], [ -74.068956431094364, 4.567289453745332 ], [ -74.068943489850142, 4.567305395127903 ], [ -74.068932960587631, 4.567323023638664 ], [ -74.068925059144135, 4.567341975951479 ], [ -74.068904480857043, 4.567398912030228 ], [ -74.06886946575321, 4.567495786101688 ], [ -74.068845572565067, 4.567561894366008 ], [ -74.068836442647694, 4.567587418024971 ], [ -74.068825103096003, 4.567583290136781 ], [ -74.068829071804203, 4.567566391875516 ], [ -74.068831764374409, 4.567556644123897 ], [ -74.068834165564226, 4.567547945881074 ], [ -74.06884154899825, 4.567521212633892 ], [ -74.068845079736604, 4.567522307108845 ], [ -74.068853245580783, 4.56750101116279 ], [ -74.068857997598457, 4.567487747061932 ], [ -74.068863395329402, 4.567472818315935 ], [ -74.068864281161609, 4.567472232857313 ], [ -74.068883726302886, 4.567421520986443 ], [ -74.068924818125822, 4.567294249829786 ], [ -74.068941505046382, 4.567242554100631 ], [ -74.06894412297288, 4.567241077413826 ] ] ] } },
{ "type": "Feature", "properties": { "OBJECTID_1": 103, "id_interve": "4001155", "nomenclatu": "KR 22D ESTE ENTRE CL 11 SUR Y CL 11A SUR", "tipo_inter": 1, "loccodigo": "04", "barrio_leg": "LA GRAN COLOMBIA", "numero_con": 416, "año_contr": 2021, "numero_c_1": 421, "año_con_1": 2021, "tipo_contr": 1, "estado_con": 1, "entidad_co": 1, "enlace_con": "https:\/\/community.secop.gov.co\/Public\/Tendering\/OpportunityDetail\/Index?noticeUID=CO1.NTC.1892050&isFromPublicArea=True&isModal=False", "id_element": 203148, "tipo_eleme": 2, "funcion_el": 4, "area_eleme": 52.419391780700003, "SHAPE_Leng": 0.00066554252490700001, "Shape_Area": 4.2683788838499997e-09 }, "geometry": { "type": "Polygon", "coordinates": [ [ [ -74.068866062718598, 4.567584735347282 ], [ -74.068883814436447, 4.567535625169 ], [ -74.068894870701683, 4.567505032930967 ], [ -74.068909614187305, 4.567464244179575 ], [ -74.068929884906197, 4.567408157960188 ], [ -74.068950770761433, 4.567350372921396 ], [ -74.06895718382691, 4.567335072755441 ], [ -74.068965712097906, 4.567320841883372 ], [ -74.068976180206505, 4.56730797168558 ], [ -74.068988375912795, 4.567296724764105 ], [ -74.068997466260043, 4.567308155147316 ], [ -74.068994535369484, 4.567310546444617 ], [ -74.068990715049438, 4.567313978257516 ], [ -74.06898706110394, 4.567317587236914 ], [ -74.068983581626924, 4.567321367087459 ], [ -74.068980285611644, 4.56732530701737 ], [ -74.068977179353283, 4.567329399831976 ], [ -74.06897427004651, 4.567333634739498 ], [ -74.068971564885771, 4.567338003646 ], [ -74.068969069267098, 4.56734249486027 ], [ -74.068966788586408, 4.567347099389167 ], [ -74.068964729138884, 4.56735180644074 ], [ -74.06896288283076, 4.567356631303539 ], [ -74.068938164065003, 4.567425022047189 ], [ -74.068936917604617, 4.567424888947528 ], [ -74.068920951041036, 4.567471802082025 ], [ -74.068905748901159, 4.567522177606463 ], [ -74.068901656985815, 4.56753113755201 ], [ -74.068893558590844, 4.567544738898619 ], [ -74.068895018190517, 4.567545685884738 ], [ -74.068878117231293, 4.567585604991734 ], [ -74.068881219892319, 4.567588329937507 ], [ -74.068884415183561, 4.56759113762098 ], [ -74.06888432615068, 4.567591384035211 ], [ -74.068866062718598, 4.567584735347282 ] ] ] } },
{ "type": "Feature", "properties": { "OBJECTID_1": 104, "id_interve": "4001165", "nomenclatu": "CL 12B S ENTRE KR 22 E Y KR 22B E", "tipo_inter": 1, "loccodigo": "04", "barrio_leg": "LA GRAN COLOMBIA", "numero_con": 416, "año_contr": 2021, "numero_c_1": 421, "año_con_1": 2021, "tipo_contr": 1, "estado_con": 1, "entidad_co": 1, "enlace_con": "https:\/\/community.secop.gov.co\/Public\/Tendering\/OpportunityDetail\/Index?noticeUID=CO1.NTC.1892050&isFromPublicArea=True&isModal=False", "id_element": 203164, "tipo_eleme": 2, "funcion_el": 4, "area_eleme": 133.736791141, "SHAPE_Leng": 0.00103021699751, "Shape_Area": 1.08898451464e-08 }, "geometry": { "type": "Polygon", "coordinates": [ [ [ -74.069916122830762, 4.567294346956601 ], [ -74.069984285146631, 4.567356715839821 ], [ -74.070064165628708, 4.567429798346552 ], [ -74.070104100024139, 4.567466344995864 ], [ -74.070130726251989, 4.56749070673078 ], [ -74.070144038016906, 4.567502888047898 ], [ -74.070222583905093, 4.567574755570547 ], [ -74.070242520076192, 4.567593020801326 ], [ -74.070260259203565, 4.567609228383219 ], [ -74.070250793839023, 4.567627451345857 ], [ -74.070118837214523, 4.567501977934 ], [ -74.070108591238466, 4.567513255432459 ], [ -74.07009079455446, 4.567504713671667 ], [ -74.070093319850798, 4.567473330030225 ], [ -74.070048455371875, 4.56744301478335 ], [ -74.069999913565141, 4.56741782567218 ], [ -74.07000226529226, 4.567412141057503 ], [ -74.069951528240381, 4.567371276763083 ], [ -74.069952312449232, 4.567367497811802 ], [ -74.069911536288316, 4.567336768876828 ], [ -74.069910392350664, 4.567335855165652 ], [ -74.069922661801343, 4.567322350945801 ], [ -74.069905197866547, 4.567306370892368 ], [ -74.069916122830762, 4.567294346956601 ] ] ] } },
{ "type": "Feature", "properties": { "OBJECTID_1": 105, "id_interve": "4001165", "nomenclatu": "CL 12B S ENTRE KR 22 E Y KR 22B E", "tipo_inter": 1, "loccodigo": "04", "barrio_leg": "LA GRAN COLOMBIA", "numero_con": 416, "año_contr": 2021, "numero_c_1": 421, "año_con_1": 2021, "tipo_contr": 1, "estado_con": 1, "entidad_co": 1, "enlace_con": "https:\/\/community.secop.gov.co\/Public\/Tendering\/OpportunityDetail\/Index?noticeUID=CO1.NTC.1892050&isFromPublicArea=True&isModal=False", "id_element": 203166, "tipo_eleme": 2, "funcion_el": 4, "area_eleme": 93.121821629199999, "SHAPE_Leng": 0.00096744847573599995, "Shape_Area": 7.5825748931400002e-09 }, "geometry": { "type": "Polygon", "coordinates": [ [ [ -74.06993675777511, 4.567271636376972 ], [ -74.069947682739326, 4.567259613340525 ], [ -74.070294190624338, 4.567576663032639 ], [ -74.070286506816785, 4.567580403313002 ], [ -74.070279400373977, 4.567585149934757 ], [ -74.07026318110087, 4.567570310221697 ], [ -74.070204611853342, 4.567516719620983 ], [ -74.070164673860575, 4.567480176568949 ], [ -74.070124735867807, 4.567443634416236 ], [ -74.070084796975777, 4.567407091364203 ], [ -74.07004485898301, 4.567370548312226 ], [ -74.0700049209903, 4.567334005260193 ], [ -74.069964982997533, 4.56729746220816 ], [ -74.06993675777511, 4.567271636376972 ] ] ] } },
{ "type": "Feature", "properties": { "OBJECTID_1": 106, "id_interve": "4008459", "nomenclatu": "CL 11D S ENTRE KR 23B BIS E Y KR 23C E", "tipo_inter": 1, "loccodigo": "04", "barrio_leg": "LOS LAURELES SUR ORIENTAL I SEC.", "numero_con": 416, "año_contr": 2021, "numero_c_1": 421, "año_con_1": 2021, "tipo_contr": 1, "estado_con": 1, "entidad_co": 1, "enlace_con": "https:\/\/community.secop.gov.co\/Public\/Tendering\/OpportunityDetail\/Index?noticeUID=CO1.NTC.1892050&isFromPublicArea=True&isModal=False", "id_element": 92083364, "tipo_eleme": 2, "funcion_el": 4, "area_eleme": 25.783433136199999, "SHAPE_Leng": 0.000315900993561, "Shape_Area": 2.0994670296699998e-09 }, "geometry": { "type": "Polygon", "coordinates": [ [ [ -74.067842460660984, 4.56633139337913 ], [ -74.067908818936814, 4.566344036947783 ], [ -74.06796249677177, 4.566354260440789 ], [ -74.067953678919082, 4.566375408898068 ], [ -74.067947094982401, 4.566374151645846 ], [ -74.067949215583781, 4.566362936200619 ], [ -74.067910775861606, 4.566356726381855 ], [ -74.067909703869702, 4.566362276997552 ], [ -74.067859336439199, 4.566352477085218 ], [ -74.067858296822919, 4.566357241693424 ], [ -74.06783067504557, 4.566352029222799 ], [ -74.067832949431022, 4.566348531759388 ], [ -74.067834448600877, 4.566346119777677 ], [ -74.067836108749361, 4.56634333997323 ], [ -74.067837592630781, 4.566340749026381 ], [ -74.067839198819911, 4.566337819934517 ], [ -74.067839590924336, 4.566337083389726 ], [ -74.067841135060291, 4.56633409674123 ], [ -74.067842460660984, 4.56633139337913 ] ] ] } },
{ "type": "Feature", "properties": { "OBJECTID_1": 107, "id_interve": "4008459", "nomenclatu": "CL 11D S ENTRE KR 23B BIS E Y KR 23C E", "tipo_inter": 1, "loccodigo": "04", "barrio_leg": "LOS LAURELES SUR ORIENTAL I SEC.", "numero_con": 416, "año_contr": 2021, "numero_c_1": 421, "año_con_1": 2021, "tipo_contr": 1, "estado_con": 1, "entidad_co": 1, "enlace_con": "https:\/\/community.secop.gov.co\/Public\/Tendering\/OpportunityDetail\/Index?noticeUID=CO1.NTC.1892050&isFromPublicArea=True&isModal=False", "id_element": 92083363, "tipo_eleme": 2, "funcion_el": 4, "area_eleme": 19.408906720899999, "SHAPE_Leng": 0.00026023837778300002, "Shape_Area": 1.58037713756e-09 }, "geometry": { "type": "Polygon", "coordinates": [ [ [ -74.067857020684926, 4.566285793254792 ], [ -74.067857401098138, 4.566283461312764 ], [ -74.067861644998857, 4.566284277897182 ], [ -74.067861946271762, 4.566290475125356 ], [ -74.067913136581922, 4.566303278773319 ], [ -74.067913398284645, 4.566303344423829 ], [ -74.067913580847062, 4.566303363309601 ], [ -74.067916181686371, 4.566303858836079 ], [ -74.067958283447979, 4.566313938437531 ], [ -74.067957868860503, 4.566314885423651 ], [ -74.06796425224843, 4.566316935877921 ], [ -74.067960384264268, 4.566326254653006 ], [ -74.067852396370938, 4.566305681761833 ], [ -74.067853055574005, 4.566303419966914 ], [ -74.067854079901849, 4.566299607740746 ], [ -74.067854411751682, 4.566298292931947 ], [ -74.067854977425213, 4.56629594390273 ], [ -74.067855743647613, 4.56629249320406 ], [ -74.067856389360827, 4.56628928891962 ], [ -74.067857020684926, 4.566285793254792 ] ] ] } },
{ "type": "Feature", "properties": { "OBJECTID_1": 108, "id_interve": "4008460", "nomenclatu": "CL 11D S ENTRE KR 23B E Y KR 23B BIS E", "tipo_inter": 1, "loccodigo": "04", "barrio_leg": "LOS LAURELES SUR ORIENTAL I SEC.", "numero_con": 416, "año_contr": 2021, "numero_c_1": 421, "año_con_1": 2021, "tipo_contr": 1, "estado_con": 1, "entidad_co": 1, "enlace_con": "https:\/\/community.secop.gov.co\/Public\/Tendering\/OpportunityDetail\/Index?noticeUID=CO1.NTC.1892050&isFromPublicArea=True&isModal=False", "id_element": 92083366, "tipo_eleme": 2, "funcion_el": 4, "area_eleme": 47.055979565900003, "SHAPE_Leng": 0.00049773474938700005, "Shape_Area": 3.83156265517e-09 }, "geometry": { "type": "Polygon", "coordinates": [ [ [ -74.06796249677177, 4.566354260440789 ], [ -74.067965076926725, 4.566354752369989 ], [ -74.068176755752631, 4.566395068977272 ], [ -74.068177006663461, 4.566395132829143 ], [ -74.068167632130496, 4.566416017785059 ], [ -74.068118535442011, 4.566397590676331 ], [ -74.068101340404496, 4.566391138040615 ], [ -74.068100185675007, 4.566394536578628 ], [ -74.068039824977916, 4.566380067386262 ], [ -74.068037672900232, 4.566391444709438 ], [ -74.067953678919082, 4.566375408898068 ], [ -74.06796249677177, 4.566354260440789 ] ] ] } },
{ "type": "Feature", "properties": { "OBJECTID_1": 109, "id_interve": "4008460", "nomenclatu": "CL 11D S ENTRE KR 23B E Y KR 23B BIS E", "tipo_inter": 1, "loccodigo": "04", "barrio_leg": "LOS LAURELES SUR ORIENTAL I SEC.", "numero_con": 416, "año_contr": 2021, "numero_c_1": 421, "año_con_1": 2021, "tipo_contr": 1, "estado_con": 1, "entidad_co": 1, "enlace_con": "https:\/\/community.secop.gov.co\/Public\/Tendering\/OpportunityDetail\/Index?noticeUID=CO1.NTC.1892050&isFromPublicArea=True&isModal=False", "id_element": 92083365, "tipo_eleme": 2, "funcion_el": 4, "area_eleme": 38.315873763299997, "SHAPE_Leng": 0.00038830596030099999, "Shape_Area": 3.1199206348199999e-09 }, "geometry": { "type": "Polygon", "coordinates": [ [ [ -74.068139849374518, 4.56636043698461 ], [ -74.067991102407404, 4.566332105642232 ], [ -74.067992728381682, 4.566328856391635 ], [ -74.06799331923628, 4.566329102805923 ], [ -74.067995561246107, 4.56632381479227 ], [ -74.068012882188725, 4.566282047578454 ], [ -74.068046827998671, 4.566330559707637 ], [ -74.068089805699913, 4.566339539438218 ], [ -74.068100615550918, 4.566339013334868 ], [ -74.068144303716622, 4.566336881941595 ], [ -74.068139849374518, 4.56636043698461 ] ] ] } },
{ "type": "Feature", "properties": { "OBJECTID_1": 110, "id_interve": "4008785", "nomenclatu": "KR 23B E ENTRE DG 10 S Y CL 11 S", "tipo_inter": 1, "loccodigo": "04", "barrio_leg": "LOS LAURELES SUR ORIENTAL I SEC.", "numero_con": 416, "año_contr": 2021, "numero_c_1": 421, "año_con_1": 2021, "tipo_contr": 1, "estado_con": 1, "entidad_co": 1, "enlace_con": "https:\/\/community.secop.gov.co\/Public\/Tendering\/OpportunityDetail\/Index?noticeUID=CO1.NTC.1892050&isFromPublicArea=True&isModal=False", "id_element": 92087218, "tipo_eleme": 2, "funcion_el": 4, "area_eleme": 52.331434790899998, "SHAPE_Leng": 0.00045551881838499998, "Shape_Area": 4.2612048302800002e-09 }, "geometry": { "type": "Polygon", "coordinates": [ [ [ -74.067672162340386, 4.56688684165448 ], [ -74.067669036296934, 4.56688262203545 ], [ -74.067665545128762, 4.566878407812339 ], [ -74.067651760320416, 4.566861772153118 ], [ -74.067632346655444, 4.56684039167078 ], [ -74.067608448970702, 4.566815366236199 ], [ -74.067594064314562, 4.566800301692638 ], [ -74.067591166698946, 4.566797269178664 ], [ -74.067590889707731, 4.566796977798333 ], [ -74.067590854634204, 4.56679694092611 ], [ -74.067590139673143, 4.566796192690163 ], [ -74.067595325164064, 4.566791206848791 ], [ -74.067605087304912, 4.566781818825916 ], [ -74.0676468356329, 4.566825539367187 ], [ -74.067687326708722, 4.566872314006162 ], [ -74.067723065766813, 4.566922811838367 ], [ -74.067734149011756, 4.566940871124359 ], [ -74.067735976434108, 4.566943962094228 ], [ -74.067718406379299, 4.566955203619784 ], [ -74.067706552415416, 4.566936475238208 ], [ -74.067697481853259, 4.566922131950889 ], [ -74.06769267857419, 4.566914537176217 ], [ -74.067682825601878, 4.566901236203137 ], [ -74.067672162340386, 4.56688684165448 ] ] ] } },
{ "type": "Feature", "properties": { "OBJECTID_1": 111, "id_interve": "4008541", "nomenclatu": "KR 23B E ENTRE DG 10 S Y CL 11 S", "tipo_inter": 1, "loccodigo": "04", "barrio_leg": "LOS LAURELES SUR ORIENTAL I SEC.", "numero_con": 416, "año_contr": 2021, "numero_c_1": 421, "año_con_1": 2021, "tipo_contr": 1, "estado_con": 1, "entidad_co": 1, "enlace_con": "https:\/\/community.secop.gov.co\/Public\/Tendering\/OpportunityDetail\/Index?noticeUID=CO1.NTC.1892050&isFromPublicArea=True&isModal=False", "id_element": 92087217, "tipo_eleme": 2, "funcion_el": 4, "area_eleme": 41.311260472299999, "SHAPE_Leng": 0.00039351482347999998, "Shape_Area": 3.36388475916e-09 }, "geometry": { "type": "Polygon", "coordinates": [ [ [ -74.067836743670739, 4.567155256010324 ], [ -74.067854416248281, 4.567144375112889 ], [ -74.06789482458646, 4.567212750568046 ], [ -74.067909361227976, 4.567233690382579 ], [ -74.067926793686524, 4.567252286563814 ], [ -74.067955480261162, 4.567297726608842 ], [ -74.067948950283778, 4.567293943161019 ], [ -74.067934430729338, 4.567284893283272 ], [ -74.067924273786161, 4.567277393836719 ], [ -74.067912608679933, 4.567267443737592 ], [ -74.067897545934954, 4.567251897157348 ], [ -74.067889584236866, 4.567242085553858 ], [ -74.067879344556047, 4.567227217961772 ], [ -74.067865412258925, 4.567203771736729 ], [ -74.067836743670739, 4.567155256010324 ] ] ] } },
{ "type": "Feature", "properties": { "OBJECTID_1": 112, "id_interve": "4006986", "nomenclatu": "CL 13A S ENTRE KR 24C E Y KR 25B E", "tipo_inter": 1, "loccodigo": "04", "barrio_leg": "LA CECILIA", "numero_con": 416, "año_contr": 2021, "numero_c_1": 421, "año_con_1": 2021, "tipo_contr": 1, "estado_con": 1, "entidad_co": 1, "enlace_con": "https:\/\/community.secop.gov.co\/Public\/Tendering\/OpportunityDetail\/Index?noticeUID=CO1.NTC.1892050&isFromPublicArea=True&isModal=False", "id_element": 214654, "tipo_eleme": 2, "funcion_el": 4, "area_eleme": 126.38994741899999, "SHAPE_Leng": 0.00117513495863, "Shape_Area": 1.0291567000500001e-08 }, "geometry": { "type": "Polygon", "coordinates": [ [ [ -74.066814789171133, 4.563357398325309 ], [ -74.066822827311569, 4.563337133002335 ], [ -74.066881518866978, 4.563359255425326 ], [ -74.066982710583602, 4.563397396572668 ], [ -74.067033363998519, 4.563416313811899 ], [ -74.067134951416847, 4.563453384765921 ], [ -74.067236537935855, 4.56349045482068 ], [ -74.067312727600267, 4.56351825826107 ], [ -74.067351672741438, 4.563532488233818 ], [ -74.067345221005098, 4.563550266031996 ], [ -74.067282770283555, 4.563527487103897 ], [ -74.067283426788663, 4.563525674070661 ], [ -74.06723130208286, 4.563506270298205 ], [ -74.067179264611354, 4.563488302743053 ], [ -74.067128210998078, 4.563469550079731 ], [ -74.067076903776069, 4.56344954915744 ], [ -74.067076308424873, 4.56345122279572 ], [ -74.066925779900771, 4.563395250790222 ], [ -74.06692514677809, 4.563396943314331 ], [ -74.066868590213232, 4.563375625784545 ], [ -74.066868343799001, 4.563376281390333 ], [ -74.066866657570131, 4.563375644670316 ], [ -74.066814789171133, 4.563357398325309 ] ] ] } },
{ "type": "Feature", "properties": { "OBJECTID_1": 113, "id_interve": "4006986", "nomenclatu": "CL 13A S ENTRE KR 24C E Y KR 25B E", "tipo_inter": 1, "loccodigo": "04", "barrio_leg": "LA CECILIA", "numero_con": 416, "año_contr": 2021, "numero_c_1": 421, "año_con_1": 2021, "tipo_contr": 1, "estado_con": 1, "entidad_co": 1, "enlace_con": "https:\/\/community.secop.gov.co\/Public\/Tendering\/OpportunityDetail\/Index?noticeUID=CO1.NTC.1892050&isFromPublicArea=True&isModal=False", "id_element": 214656, "tipo_eleme": 2, "funcion_el": 4, "area_eleme": 126.876568569, "SHAPE_Leng": 0.0011595874247600001, "Shape_Area": 1.03311703325e-08 }, "geometry": { "type": "Polygon", "coordinates": [ [ [ -74.066843788709832, 4.563294515929215 ], [ -74.066895103126456, 4.563314161619303 ], [ -74.066946860009523, 4.563332336917881 ], [ -74.066998122265488, 4.563351641764882 ], [ -74.067049799108929, 4.563370639943116 ], [ -74.067153375827615, 4.563408526582293 ], [ -74.067203007612648, 4.563426140703882 ], [ -74.067252982039463, 4.563443809684145 ], [ -74.067308379378176, 4.56346107217081 ], [ -74.067308961239519, 4.563459171903332 ], [ -74.067370169098012, 4.563481508364987 ], [ -74.067362160635184, 4.563503593016435 ], [ -74.067294382329862, 4.563478859861561 ], [ -74.067192794911534, 4.563441789806802 ], [ -74.067091208392526, 4.563404718852723 ], [ -74.066989775657589, 4.563367228814627 ], [ -74.066839674311495, 4.563310651565359 ], [ -74.066837987183305, 4.563310015744662 ], [ -74.066843788709832, 4.563294515929215 ] ] ] } },
{ "type": "Feature", "properties": { "OBJECTID_1": 114, "id_interve": "4001211", "nomenclatu": "KR 22C E ENTRE CL 11A S Y CL 12B S", "tipo_inter": 1, "loccodigo": "04", "barrio_leg": "LA GRAN COLOMBIA", "numero_con": 416, "año_contr": 2021, "numero_c_1": 421, "año_con_1": 2021, "tipo_contr": 1, "estado_con": 1, "entidad_co": 1, "enlace_con": "https:\/\/community.secop.gov.co\/Public\/Tendering\/OpportunityDetail\/Index?noticeUID=CO1.NTC.1892050&isFromPublicArea=True&isModal=False", "id_element": 203283, "tipo_eleme": 2, "funcion_el": 4, "area_eleme": 100.061831325, "SHAPE_Leng": 0.00067042047049799996, "Shape_Area": 8.1477187585200001e-09 }, "geometry": { "type": "Polygon", "coordinates": [ [ [ -74.069516720420268, 4.566968101696602 ], [ -74.069520524552502, 4.566983912677472 ], [ -74.069508673286578, 4.566987804043947 ], [ -74.069497578350536, 4.566993508443716 ], [ -74.069487517634798, 4.567000882884486 ], [ -74.069478738452972, 4.567009745703274 ], [ -74.06947146023964, 4.567019876566121 ], [ -74.069470524045414, 4.567021421601396 ], [ -74.069443253003669, 4.567066438065694 ], [ -74.069383707991676, 4.567164725871464 ], [ -74.069365455351431, 4.56719486485116 ], [ -74.069351595899377, 4.567186411223929 ], [ -74.069348644324464, 4.567184609881906 ], [ -74.06934520441763, 4.567182510864257 ], [ -74.069364195401249, 4.567154826134356 ], [ -74.069394890162016, 4.567104434422163 ], [ -74.069428062555005, 4.5670550553466 ], [ -74.069412727315466, 4.56704569880003 ], [ -74.069441447164991, 4.566992791684015 ], [ -74.069470878378297, 4.5669379851999 ], [ -74.06949276427963, 4.566977487920781 ], [ -74.069504423090621, 4.566971982271241 ], [ -74.069516720420268, 4.566968101696602 ] ] ] } },
{ "type": "Feature", "properties": { "OBJECTID_1": 115, "id_interve": "4001211", "nomenclatu": "KR 22C E ENTRE CL 11A S Y CL 12B S", "tipo_inter": 1, "loccodigo": "04", "barrio_leg": "LA GRAN COLOMBIA", "numero_con": 416, "año_contr": 2021, "numero_c_1": 421, "año_con_1": 2021, "tipo_contr": 1, "estado_con": 1, "entidad_co": 1, "enlace_con": "https:\/\/community.secop.gov.co\/Public\/Tendering\/OpportunityDetail\/Index?noticeUID=CO1.NTC.1892050&isFromPublicArea=True&isModal=False", "id_element": 203281, "tipo_eleme": 2, "funcion_el": 4, "area_eleme": 62.338403291799999, "SHAPE_Leng": 0.00056642274458099996, "Shape_Area": 5.0760908474400003e-09 }, "geometry": { "type": "Polygon", "coordinates": [ [ [ -74.069390084184988, 4.567209890723916 ], [ -74.069391621126385, 4.567210827817519 ], [ -74.069413400907706, 4.567174877418722 ], [ -74.069441476842655, 4.567128531756396 ], [ -74.069469553676925, 4.567082186993389 ], [ -74.069496695216287, 4.567037388164977 ], [ -74.069497631410513, 4.567035843129702 ], [ -74.069502093846495, 4.567029630613035 ], [ -74.069507477188267, 4.567024196909188 ], [ -74.06951364653753, 4.567019675117933 ], [ -74.069520449009474, 4.567016178553843 ], [ -74.069527717330232, 4.56701379355178 ], [ -74.069531649166265, 4.567030127938096 ], [ -74.06952101917966, 4.567033541764602 ], [ -74.069508586052393, 4.567052072295326 ], [ -74.069489450277842, 4.56708256920524 ], [ -74.069475818354306, 4.567106322998484 ], [ -74.069458321144566, 4.567136477266672 ], [ -74.06943364374763, 4.567178679752317 ], [ -74.069403567720428, 4.567244487643052 ], [ -74.069378420877399, 4.567229146108275 ], [ -74.069390084184988, 4.567209890723916 ] ] ] } },
{ "type": "Feature", "properties": { "OBJECTID_1": 116, "id_interve": "4001212", "nomenclatu": "CL 12B S ENTRE KR 22B E Y KR 22C E", "tipo_inter": 1, "loccodigo": "04", "barrio_leg": "LA GRAN COLOMBIA", "numero_con": 416, "año_contr": 2021, "numero_c_1": 421, "año_con_1": 2021, "tipo_contr": 1, "estado_con": 1, "entidad_co": 1, "enlace_con": "https:\/\/community.secop.gov.co\/Public\/Tendering\/OpportunityDetail\/Index?noticeUID=CO1.NTC.1892050&isFromPublicArea=True&isModal=False", "id_element": 203284, "tipo_eleme": 2, "funcion_el": 4, "area_eleme": 138.356829116, "SHAPE_Leng": 0.00100693206619, "Shape_Area": 1.1266187069600001e-08 }, "geometry": { "type": "Polygon", "coordinates": [ [ [ -74.069531649166265, 4.567030127938096 ], [ -74.069527717330232, 4.56701379355178 ], [ -74.069535262642205, 4.567012585762257 ], [ -74.069542903282297, 4.567012580366338 ], [ -74.06955045039291, 4.567013777363968 ], [ -74.069557715116446, 4.567016147976915 ], [ -74.06956451578975, 4.567019631051153 ], [ -74.069610577266303, 4.567048005561048 ], [ -74.069656637843536, 4.567076381869583 ], [ -74.069685927863247, 4.567095449295607 ], [ -74.069744656290823, 4.567137456628359 ], [ -74.069784594283533, 4.567173999680392 ], [ -74.0698245322763, 4.567210542732425 ], [ -74.069864470269067, 4.567247085784402 ], [ -74.069904409161097, 4.567283628836435 ], [ -74.069916122830762, 4.567294346956601 ], [ -74.069905197866547, 4.567306370892368 ], [ -74.069884342588296, 4.567287288177852 ], [ -74.069881751641503, 4.567290139928048 ], [ -74.069835292664607, 4.56725101222446 ], [ -74.069801884649223, 4.56722194613593 ], [ -74.069757254893375, 4.567184201589669 ], [ -74.069716306961936, 4.567149715287201 ], [ -74.069711713224933, 4.567155559981131 ], [ -74.069659444627632, 4.5671103465653 ], [ -74.069662488832762, 4.567105539688953 ], [ -74.069613589095809, 4.567073713581067 ], [ -74.069616093707737, 4.567071491356273 ], [ -74.069596596405745, 4.5670629549914 ], [ -74.069532124907596, 4.567032107345938 ], [ -74.069531649166265, 4.567030127938096 ] ] ] } },
{ "type": "Feature", "properties": { "OBJECTID_1": 117, "id_interve": "4001212", "nomenclatu": "CL 12B S ENTRE KR 22B E Y KR 22C E", "tipo_inter": 1, "loccodigo": "04", "barrio_leg": "LA GRAN COLOMBIA", "numero_con": 416, "año_contr": 2021, "numero_c_1": 421, "año_con_1": 2021, "tipo_contr": 1, "estado_con": 1, "entidad_co": 1, "enlace_con": "https:\/\/community.secop.gov.co\/Public\/Tendering\/OpportunityDetail\/Index?noticeUID=CO1.NTC.1892050&isFromPublicArea=True&isModal=False", "id_element": 203286, "tipo_eleme": 2, "funcion_el": 4, "area_eleme": 107.67335583000001, "SHAPE_Leng": 0.00108591064105, "Shape_Area": 8.7675927312000007e-09 }, "geometry": { "type": "Polygon", "coordinates": [ [ [ -74.069520524552502, 4.566983912677472 ], [ -74.069516720420268, 4.566968101696602 ], [ -74.069531544844892, 4.566965729285016 ], [ -74.069546558127115, 4.566965718493179 ], [ -74.069561386149019, 4.566968071119618 ], [ -74.069575659289228, 4.566972727809173 ], [ -74.069589022315483, 4.566979571649938 ], [ -74.06968934798499, 4.567041376658267 ], [ -74.069729028771633, 4.567067588298585 ], [ -74.069766972967386, 4.567096254188812 ], [ -74.069770154768776, 4.567092280084694 ], [ -74.06983619378525, 4.567157218331033 ], [ -74.069836003129012, 4.567157427873042 ], [ -74.069947682739326, 4.567259613340525 ], [ -74.06993675777511, 4.567271636376972 ], [ -74.069885106112736, 4.567224375204773 ], [ -74.069845168119969, 4.567187832152797 ], [ -74.069805229227882, 4.567151289100764 ], [ -74.069765291235171, 4.56711474604873 ], [ -74.069679487818064, 4.567054575108614 ], [ -74.069674264555601, 4.567051170275363 ], [ -74.069628146421792, 4.567022742705433 ], [ -74.069580282703839, 4.566993258432205 ], [ -74.069569223740643, 4.566987646662596 ], [ -74.069557422836738, 4.566983835335805 ], [ -74.069545170473191, 4.566981919779835 ], [ -74.069532768822171, 4.566981945860164 ], [ -74.069520524552502, 4.566983912677472 ] ] ] } },
{ "type": "Feature", "properties": { "OBJECTID_1": 118, "id_interve": "4006943", "nomenclatu": "KR 24B E ENTRE CL 12D S Y CL 13 S", "tipo_inter": 1, "loccodigo": "04", "barrio_leg": "LA CECILIA", "numero_con": 416, "año_contr": 2021, "numero_c_1": 421, "año_con_1": 2021, "tipo_contr": 1, "estado_con": 1, "entidad_co": 1, "enlace_con": "https:\/\/community.secop.gov.co\/Public\/Tendering\/OpportunityDetail\/Index?noticeUID=CO1.NTC.1892050&isFromPublicArea=True&isModal=False", "id_element": 92069087, "tipo_eleme": 2, "funcion_el": 4, "area_eleme": 26.0593913015, "SHAPE_Leng": 0.00052920634631699998, "Shape_Area": 2.1220233710699999e-09 }, "geometry": { "type": "Polygon", "coordinates": [ [ [ -74.067756684223582, 4.5642330843894 ], [ -74.06775899278324, 4.564231288443239 ], [ -74.067762991169047, 4.564228087756078 ], [ -74.067763358092463, 4.56422778558391 ], [ -74.067766946387451, 4.5642248322103 ], [ -74.067770854841058, 4.564221523604488 ], [ -74.067774718328565, 4.564218161938697 ], [ -74.067778535950652, 4.564214747212873 ], [ -74.067782306807999, 4.56421128032639 ], [ -74.06778603090055, 4.564207762178512 ], [ -74.067789706429778, 4.564204192769353 ], [ -74.067793333395571, 4.564200573897438 ], [ -74.067796909100025, 4.564196905562767 ], [ -74.06780043534178, 4.564193187765454 ], [ -74.067803911221461, 4.564189424102665 ], [ -74.067807334940539, 4.564185610977233 ], [ -74.067810705599527, 4.564181752885645 ], [ -74.067814024997233, 4.564177847129997 ], [ -74.067817290435585, 4.564173897307569 ], [ -74.067820501015262, 4.56416990341836 ], [ -74.067823657635643, 4.564165864563051 ], [ -74.067826759397406, 4.564161784338921 ], [ -74.067829805401175, 4.56415766094733 ], [ -74.067832792948991, 4.564153497086295 ], [ -74.06783572563819, 4.564149291856381 ], [ -74.067838599871436, 4.564145047056343 ], [ -74.067841415648786, 4.564140762686122 ], [ -74.067844173869503, 4.564136441443679 ], [ -74.067846871835627, 4.564132080631055 ], [ -74.067849511345855, 4.564127684744903 ], [ -74.067852090601434, 4.564123253785169 ], [ -74.067854608703215, 4.564118786852589 ], [ -74.067857065651026, 4.564114285745745 ], [ -74.067859462344245, 4.564109751363958 ], [ -74.067861796084969, 4.56410518460666 ], [ -74.067864066873142, 4.564100587272321 ], [ -74.067866275608083, 4.564095957562415 ], [ -74.067868421390472, 4.564091299074221 ], [ -74.067870502421727, 4.564086610908419 ], [ -74.067872521399693, 4.564081895762911 ], [ -74.067874472928565, 4.564077151839115 ], [ -74.067876362404149, 4.564072382734309 ], [ -74.06787818532996, 4.564067588448495 ], [ -74.067879942605202, 4.564062768981671 ], [ -74.067881636028631, 4.564057926132421 ], [ -74.067883261103589, 4.564053059900857 ], [ -74.067884573214428, 4.564048949099742 ], [ -74.067884655052751, 4.564048241333296 ], [ -74.067884763870723, 4.564046831196379 ], [ -74.06788481783002, 4.564045418361388 ], [ -74.067884816031381, 4.564044003727815 ], [ -74.067884760273444, 4.564042590892882 ], [ -74.067884648757513, 4.564041179856588 ], [ -74.067884482382908, 4.564039776914228 ], [ -74.067889747014192, 4.564025932750667 ], [ -74.067891979131502, 4.564031910544259 ], [ -74.067893350597615, 4.564038141047433 ], [ -74.06789383353356, 4.564044502851573 ], [ -74.067893418946085, 4.564050870051688 ], [ -74.067876467624842, 4.564095397284802 ], [ -74.067854140156385, 4.564137487355197 ], [ -74.067826779182496, 4.56417649275096 ], [ -74.067794805585777, 4.564211815422993 ], [ -74.067758708597466, 4.564242913979342 ], [ -74.067761292349701, 4.56423450981481 ], [ -74.067756684223582, 4.5642330843894 ] ] ] } },
{ "type": "Feature", "properties": { "OBJECTID_1": 119, "id_interve": "4006943", "nomenclatu": "KR 24B E ENTRE CL 12D S Y CL 13 S", "tipo_inter": 1, "loccodigo": "04", "barrio_leg": "LA CECILIA", "numero_con": 416, "año_contr": 2021, "numero_c_1": 421, "año_con_1": 2021, "tipo_contr": 1, "estado_con": 1, "entidad_co": 1, "enlace_con": "https:\/\/community.secop.gov.co\/Public\/Tendering\/OpportunityDetail\/Index?noticeUID=CO1.NTC.1892050&isFromPublicArea=True&isModal=False", "id_element": 214598, "tipo_eleme": 1, "funcion_el": 1, "area_eleme": 185.87722679199999, "SHAPE_Leng": 0.00072954266754400002, "Shape_Area": 1.5135313524200001e-08 }, "geometry": { "type": "Polygon", "coordinates": [ [ [ -74.067753666998101, 4.564259321210727 ], [ -74.067758708597466, 4.564242913979342 ], [ -74.067794805585777, 4.564211815422993 ], [ -74.067826779182496, 4.56417649275096 ], [ -74.067854140156385, 4.564137487355197 ], [ -74.067876467624842, 4.564095397284802 ], [ -74.067893418946085, 4.564050870051688 ], [ -74.067901422912314, 4.564021018854987 ], [ -74.067907012198816, 4.563990622669166 ], [ -74.067952975649291, 4.564004499208295 ], [ -74.067941511091817, 4.564056203031384 ], [ -74.067923834017677, 4.564106125297485 ], [ -74.067900207928233, 4.564153522267304 ], [ -74.067870983559033, 4.564197688872298 ], [ -74.067836597081225, 4.564237965909456 ], [ -74.067797560209215, 4.564273755329566 ], [ -74.067753666998101, 4.564259321210727 ] ] ] } },
{ "type": "Feature", "properties": { "OBJECTID_1": 120, "id_interve": "4006977", "nomenclatu": "KR 24B E ENTRE CL 13S Y CL 13A S", "tipo_inter": 1, "loccodigo": "04", "barrio_leg": "LA CECILIA", "numero_con": 416, "año_contr": 2021, "numero_c_1": 421, "año_con_1": 2021, "tipo_contr": 1, "estado_con": 1, "entidad_co": 1, "enlace_con": "https:\/\/community.secop.gov.co\/Public\/Tendering\/OpportunityDetail\/Index?noticeUID=CO1.NTC.1892050&isFromPublicArea=True&isModal=False", "id_element": 92069089, "tipo_eleme": 2, "funcion_el": 4, "area_eleme": 36.003937829000002, "SHAPE_Leng": 0.00073613545724300004, "Shape_Area": 2.9316022118399998e-09 }, "geometry": { "type": "Polygon", "coordinates": [ [ [ -74.067902055135676, 4.563956461021917 ], [ -74.067901865378758, 4.563939097811158 ], [ -74.067901874371955, 4.563934370974494 ], [ -74.067901822211297, 4.563929644137829 ], [ -74.067901711594686, 4.563924918200485 ], [ -74.067901543421442, 4.56392019316246 ], [ -74.067901311396383, 4.5639154150644 ], [ -74.067901359060443, 4.563913944672834 ], [ -74.067901644145536, 4.563912501260972 ], [ -74.067903262925199, 4.563906789666646 ], [ -74.067904799866596, 4.563901113145903 ], [ -74.067906267560147, 4.563895416840069 ], [ -74.067907667804604, 4.563889705245742 ], [ -74.067908997901895, 4.563883974765645 ], [ -74.067910261449356, 4.563878228997112 ], [ -74.067911453950387, 4.563872468839406 ], [ -74.067912577203629, 4.563866695191905 ], [ -74.0679136321084, 4.563860908054494 ], [ -74.067914616866062, 4.563855108326663 ], [ -74.067915532375878, 4.563849296907563 ], [ -74.067916376839264, 4.563843475595945 ], [ -74.06791715295418, 4.56383764439181 ], [ -74.067917858022668, 4.563831803295159 ], [ -74.067918492944045, 4.563825955003892 ], [ -74.067919057718314, 4.563820098618692 ], [ -74.067919552345415, 4.563814236837629 ], [ -74.067919976825408, 4.563808368761272 ], [ -74.067920330258971, 4.563802496188316 ], [ -74.067920612646105, 4.563796620018024 ], [ -74.06792082578545, 4.56379074114983 ], [ -74.067920967878308, 4.563784859583677 ], [ -74.067921039824114, 4.563778977118147 ], [ -74.067921039824114, 4.563773093753298 ], [ -74.067920970576267, 4.563767211287825 ], [ -74.067920830282048, 4.563761328822295 ], [ -74.0679206189414, 4.563755449954101 ], [ -74.067920338352906, 4.563749572884547 ], [ -74.067919984919342, 4.56374370121091 ], [ -74.067919562237989, 4.563737833134553 ], [ -74.06791906940947, 4.563731969554794 ], [ -74.067918506433898, 4.56372611406897 ], [ -74.06791787331116, 4.563720265777704 ], [ -74.067917169141992, 4.563714424680995 ], [ -74.067916394825716, 4.56370859437618 ], [ -74.067915550362329, 4.563702771265923 ], [ -74.067914636651096, 4.56369695984688 ], [ -74.067913653692131, 4.563691160118992 ], [ -74.067912599686679, 4.563685372981638 ], [ -74.067911653599879, 4.563680504052058 ], [ -74.067911479131396, 4.56367959843476 ], [ -74.067910286630365, 4.563673838277055 ], [ -74.067909025780864, 4.563668091609202 ], [ -74.067907696582893, 4.563662362028424 ], [ -74.067906299036451, 4.563656648635458 ], [ -74.067906060716098, 4.563655726830405 ], [ -74.067904832242164, 4.563650953228944 ], [ -74.067903297099463, 4.563645274909561 ], [ -74.067901693608235, 4.563639614576573 ], [ -74.067900022667857, 4.563633975827372 ], [ -74.067898285177705, 4.563628357762525 ], [ -74.067896479339026, 4.563622761281465 ], [ -74.067894606051198, 4.563617186384079 ], [ -74.067892667112858, 4.563611633070479 ], [ -74.067890659826048, 4.563606105837152 ], [ -74.067888930429774, 4.56360150940219 ], [ -74.067908416040552, 4.563630603369688 ], [ -74.067921994004791, 4.563686623938565 ], [ -74.067929021307236, 4.563743837008531 ], [ -74.067929404418464, 4.563801478155767 ], [ -74.067923138841763, 4.563858779359236 ], [ -74.067910308214095, 4.563914976195235 ], [ -74.067910231771748, 4.563958523167344 ], [ -74.067902055135676, 4.563956461021917 ] ] ] } },
{ "type": "Feature", "properties": { "OBJECTID_1": 121, "id_interve": "4006977", "nomenclatu": "KR 24B E ENTRE CL 13S Y CL 13A S", "tipo_inter": 1, "loccodigo": "04", "barrio_leg": "LA CECILIA", "numero_con": 416, "año_contr": 2021, "numero_c_1": 421, "año_con_1": 2021, "tipo_contr": 1, "estado_con": 1, "entidad_co": 1, "enlace_con": "https:\/\/community.secop.gov.co\/Public\/Tendering\/OpportunityDetail\/Index?noticeUID=CO1.NTC.1892050&isFromPublicArea=True&isModal=False", "id_element": 214634, "tipo_eleme": 1, "funcion_el": 1, "area_eleme": 183.226205784, "SHAPE_Leng": 0.00094642185531699998, "Shape_Area": 1.4919669578800001e-08 }, "geometry": { "type": "Polygon", "coordinates": [ [ [ -74.067907012198816, 4.563990622669166 ], [ -74.067910231771748, 4.563958523167344 ], [ -74.067910308214095, 4.563914976195235 ], [ -74.067923138841763, 4.563858779359236 ], [ -74.067929404418464, 4.563801478155767 ], [ -74.067929021307236, 4.563743837008531 ], [ -74.067921994004791, 4.563686623938565 ], [ -74.067908416040552, 4.563630603369688 ], [ -74.067896996449178, 4.563597356332991 ], [ -74.067933755338515, 4.56363970360951 ], [ -74.06795908834124, 4.563668889307849 ], [ -74.06801751459659, 4.563736199965717 ], [ -74.068009584374806, 4.563734069471764 ], [ -74.068001404141455, 4.563733336524308 ], [ -74.067993221210145, 4.563734023606344 ], [ -74.067985278397828, 4.563736110932837 ], [ -74.067977814024857, 4.563739534651859 ], [ -74.067971842526447, 4.563743555520716 ], [ -74.067966542821637, 4.563748427148255 ], [ -74.067962033620915, 4.563754038917807 ], [ -74.06795841744696, 4.563760264025007 ], [ -74.067955776138092, 4.563766960376995 ], [ -74.067954170848282, 4.563773977786866 ], [ -74.067953635751678, 4.5637811570748 ], [ -74.067951795738736, 4.563883547587693 ], [ -74.067955520730663, 4.563985886839248 ], [ -74.067952975649291, 4.564004499208295 ], [ -74.067907012198816, 4.563990622669166 ] ] ] } },
{ "type": "Feature", "properties": { "OBJECTID_1": 122, "id_interve": "4008470", "nomenclatu": "CL 12D S ENTRE KR 23D E Y KR 24B E", "tipo_inter": 1, "loccodigo": "04", "barrio_leg": "LA CECILIA", "numero_con": 416, "año_contr": 2021, "numero_c_1": 421, "año_con_1": 2021, "tipo_contr": 1, "estado_con": 1, "entidad_co": 1, "enlace_con": "https:\/\/community.secop.gov.co\/Public\/Tendering\/OpportunityDetail\/Index?noticeUID=CO1.NTC.1892050&isFromPublicArea=True&isModal=False", "id_element": 92069264, "tipo_eleme": 2, "funcion_el": 4, "area_eleme": 42.5163456, "SHAPE_Leng": 0.00042863347704399999, "Shape_Area": 3.4618704595699998e-09 }, "geometry": { "type": "Polygon", "coordinates": [ [ [ -74.067796281373262, 4.564274787751287 ], [ -74.067797560209215, 4.564273755329566 ], [ -74.067817787760646, 4.564280406715454 ], [ -74.067816517917947, 4.564281495794432 ], [ -74.067816415395214, 4.564281583927993 ], [ -74.067816356939261, 4.564281633390692 ], [ -74.067812104944664, 4.564285184813457 ], [ -74.067812043790752, 4.564285234276213 ], [ -74.067811942167339, 4.564285317913118 ], [ -74.067808338583916, 4.564288250602317 ], [ -74.067807246806979, 4.564289340580672 ], [ -74.067805718858779, 4.564290951266457 ], [ -74.067804234977416, 4.564292602421688 ], [ -74.067802793364194, 4.564294293147157 ], [ -74.067801396717073, 4.564296020744791 ], [ -74.067800048633273, 4.564297784315329 ], [ -74.067798747314271, 4.564299585657409 ], [ -74.067797492760064, 4.564301421173695 ], [ -74.06779628856782, 4.564303286367647 ], [ -74.06779513563697, 4.564305184836485 ], [ -74.06779403216882, 4.56430711568089 ], [ -74.067792980861327, 4.564309071706361 ], [ -74.067791981714549, 4.5643110601074 ], [ -74.067791035627749, 4.564313070092169 ], [ -74.067790145298943, 4.564315106157267 ], [ -74.067789306231475, 4.564317165604734 ], [ -74.067788524720584, 4.564319245736669 ], [ -74.067787797169046, 4.564321346552958 ], [ -74.067787126274823, 4.564323468952978 ], [ -74.067786512037856, 4.56432560484285 ], [ -74.067785956256841, 4.564327757819797 ], [ -74.067785455334445, 4.564329924286596 ], [ -74.06778501376732, 4.564332103343929 ], [ -74.067784629756829, 4.564334294092419 ], [ -74.067784304202235, 4.564336493834162 ], [ -74.067784037103593, 4.564338704367742 ], [ -74.067783829360224, 4.564340916700019 ], [ -74.06778368007275, 4.564343136226796 ], [ -74.06778359103987, 4.56434535755227 ], [ -74.067783559563566, 4.564347583374342 ], [ -74.067783588341911, 4.564349807397718 ], [ -74.067783656690381, 4.56435169597404 ], [ -74.067783669280857, 4.564351910012704 ], [ -74.06778368187139, 4.564352149232377 ], [ -74.067783697159882, 4.564352506263219 ], [ -74.067783821266289, 4.564354248250027 ], [ -74.067784027211076, 4.564356462380886 ], [ -74.067784291611702, 4.564358671115826 ], [ -74.067784615367657, 4.56436087085757 ], [ -74.067784995780869, 4.564363063404699 ], [ -74.067785434650034, 4.564365243361351 ], [ -74.067785931975152, 4.564367409828151 ], [ -74.067786486856846, 4.564369563704474 ], [ -74.067787098395854, 4.564371701392929 ], [ -74.067787766592119, 4.564373821994366 ], [ -74.067788491445697, 4.564375924609294 ], [ -74.067789271157892, 4.564378004741172 ], [ -74.067790106628081, 4.56438006598728 ], [ -74.067790996956887, 4.564382104750393 ], [ -74.067791941245048, 4.564384117433121 ], [ -74.067792936794547, 4.564386103136201 ], [ -74.0677939863034, 4.564388061859631 ], [ -74.067795086174272, 4.564389991804717 ], [ -74.067796238205801, 4.564391892072194 ], [ -74.06779744059935, 4.564393760863425 ], [ -74.067798693354973, 4.564395598178351 ], [ -74.067799991076697, 4.56439740041975 ], [ -74.06780133826112, 4.564399163990288 ], [ -74.067802732210282, 4.564400895185202 ], [ -74.067804171125545, 4.56440258591067 ], [ -74.067805655006907, 4.564404239763917 ], [ -74.067807181156468, 4.564405851349022 ], [ -74.067808749574112, 4.564407421565306 ], [ -74.067810361159218, 4.564408951312089 ], [ -74.067812012314505, 4.564410435193452 ], [ -74.067813702140597, 4.56441187590741 ], [ -74.067815426140953, 4.564413268057933 ], [ -74.06781719061081, 4.564414616141676 ], [ -74.067817645667787, 4.564414945293549 ], [ -74.067835435157178, 4.564422792777691 ], [ -74.067836802126692, 4.564443126449191 ], [ -74.067830655260479, 4.564440423986412 ], [ -74.067821243855292, 4.564436288004345 ], [ -74.067814694092817, 4.564433394885327 ], [ -74.067808657843273, 4.56443072839545 ], [ -74.067805662201522, 4.564428537646961 ], [ -74.067805560578108, 4.564428462103876 ], [ -74.067805519209287, 4.56442842882899 ], [ -74.067799251833947, 4.564423245136709 ], [ -74.067799116036326, 4.564423119231606 ], [ -74.067795058295246, 4.564419262039337 ], [ -74.067794952175291, 4.564419151422726 ], [ -74.067791014044019, 4.564414947991509 ], [ -74.067790751441976, 4.564414643121324 ], [ -74.067786834894491, 4.564409901895488 ], [ -74.067786790827711, 4.564409841640952 ], [ -74.067781436264227, 4.564402227081189 ], [ -74.067781388600167, 4.564402148840145 ], [ -74.067778014343844, 4.564396430051261 ], [ -74.067777882143503, 4.564396192630227 ], [ -74.067777858761133, 4.564396148563446 ], [ -74.067776289444168, 4.564393143029179 ], [ -74.067774660771931, 4.564389731900633 ], [ -74.067771544621053, 4.564382063381572 ], [ -74.067767217982691, 4.564366036563399 ], [ -74.067765556934887, 4.564349519614666 ], [ -74.067766604645044, 4.564332952303971 ], [ -74.06777033503289, 4.564316776198325 ], [ -74.06777664737433, 4.564301422972335 ], [ -74.067785373496179, 4.564287301817558 ], [ -74.067796281373262, 4.564274787751287 ] ] ] } },
{ "type": "Feature", "properties": { "OBJECTID_1": 123, "id_interve": "4008470", "nomenclatu": "CL 12D S ENTRE KR 23D E Y KR 24B E", "tipo_inter": 1, "loccodigo": "04", "barrio_leg": "LA CECILIA", "numero_con": 416, "año_contr": 2021, "numero_c_1": 421, "año_con_1": 2021, "tipo_contr": 1, "estado_con": 1, "entidad_co": 1, "enlace_con": "https:\/\/community.secop.gov.co\/Public\/Tendering\/OpportunityDetail\/Index?noticeUID=CO1.NTC.1892050&isFromPublicArea=True&isModal=False", "id_element": 91016450, "tipo_eleme": 1, "funcion_el": 1, "area_eleme": 83.689257022199996, "SHAPE_Leng": 0.00052444292961799995, "Shape_Area": 6.8137627131000001e-09 }, "geometry": { "type": "Polygon", "coordinates": [ [ [ -74.067738687890085, 4.564278832901891 ], [ -74.067745100955619, 4.564261662146066 ], [ -74.067752265854324, 4.564263878974884 ], [ -74.067753666998101, 4.564259321210727 ], [ -74.067797560209215, 4.564273755329566 ], [ -74.067796281373262, 4.564274787751287 ], [ -74.067785373496179, 4.564287301817558 ], [ -74.06777664737433, 4.564301422972335 ], [ -74.06777033503289, 4.564316776198325 ], [ -74.067766604645044, 4.564332952303971 ], [ -74.067765556934887, 4.564349519614666 ], [ -74.067767217982691, 4.564366036563399 ], [ -74.067771544621053, 4.564382063381572 ], [ -74.067774660771931, 4.564389731900633 ], [ -74.067776289444168, 4.564393143029179 ], [ -74.067777858761133, 4.564396148563446 ], [ -74.067777882143503, 4.564396192630227 ], [ -74.067778014343844, 4.564396430051261 ], [ -74.067781388600167, 4.564402148840145 ], [ -74.067781436264227, 4.564402227081189 ], [ -74.067786790827711, 4.564409841640952 ], [ -74.067786834894491, 4.564409901895488 ], [ -74.067790751441976, 4.564414643121324 ], [ -74.067791014044019, 4.564414947991509 ], [ -74.067794952175291, 4.564419151422726 ], [ -74.067795058295246, 4.564419262039337 ], [ -74.067799116036326, 4.564423119231606 ], [ -74.067799251833947, 4.564423245136709 ], [ -74.067805519209287, 4.56442842882899 ], [ -74.067805560578108, 4.564428462103876 ], [ -74.067805662201522, 4.564428537646961 ], [ -74.067808657843273, 4.56443072839545 ], [ -74.067814694092817, 4.564433394885327 ], [ -74.067821243855292, 4.564436288004345 ], [ -74.067830655260479, 4.564440423986412 ], [ -74.067836802126692, 4.564443126449191 ], [ -74.067817765277596, 4.564447781340107 ], [ -74.06779725713767, 4.564452795060504 ], [ -74.067778536849971, 4.56443702275044 ], [ -74.067762493843986, 4.56441853358848 ], [ -74.067749517526181, 4.564397777235683 ], [ -74.067739923558577, 4.564375257312349 ], [ -74.067733943966289, 4.564351520606238 ], [ -74.067731724439511, 4.56432714268351 ], [ -74.067733318937485, 4.56430271529814 ], [ -74.067738687890085, 4.564278832901891 ] ] ] } },
{ "type": "Feature", "properties": { "OBJECTID_1": 124, "id_interve": "4006978", "nomenclatu": "KR 24C E ENTRE CL 13 S Y CL 13A S", "tipo_inter": 1, "loccodigo": "04", "barrio_leg": "LA CECILIA", "numero_con": 416, "año_contr": 2021, "numero_c_1": 421, "año_con_1": 2021, "tipo_contr": 1, "estado_con": 1, "entidad_co": 1, "enlace_con": "https:\/\/community.secop.gov.co\/Public\/Tendering\/OpportunityDetail\/Index?noticeUID=CO1.NTC.1892050&isFromPublicArea=True&isModal=False", "id_element": 214638, "tipo_eleme": 2, "funcion_el": 4, "area_eleme": 31.628264335800001, "SHAPE_Leng": 0.000624539238122, "Shape_Area": 2.5753956035e-09 }, "geometry": { "type": "Polygon", "coordinates": [ [ [ -74.067432645000508, 4.563533171718575 ], [ -74.067441286586075, 4.56353582291996 ], [ -74.067437953698573, 4.563544449217034 ], [ -74.067434381591397, 4.563553889400509 ], [ -74.067430875134733, 4.563563352966412 ], [ -74.067428843566233, 4.563568952145488 ], [ -74.067427433429259, 4.563572841713324 ], [ -74.067424057374296, 4.563582354741925 ], [ -74.067420746969844, 4.563591890253576 ], [ -74.067417503115223, 4.563601448248278 ], [ -74.067414324011793, 4.563611028726029 ], [ -74.067411210558873, 4.563620630787511 ], [ -74.067408164555104, 4.563630254432724 ], [ -74.067405185101165, 4.563639898762347 ], [ -74.067402272197057, 4.56364956287706 ], [ -74.06739942584278, 4.563659248575505 ], [ -74.067396646038333, 4.56366895315972 ], [ -74.067393932783716, 4.56367867662965 ], [ -74.06739128787757, 4.563688418985407 ], [ -74.06738871042063, 4.563698180226879 ], [ -74.067386197714825, 4.563707957656163 ], [ -74.067383755156129, 4.563717753071899 ], [ -74.067381380046641, 4.563727564675446 ], [ -74.067379070587606, 4.563737393366068 ], [ -74.067376831275681, 4.563747237345183 ], [ -74.067374657614323, 4.56375709661279 ], [ -74.06737254780478, 4.56376700084644 ], [ -74.067372421899734, 4.563767517057329 ], [ -74.067372349054608, 4.5637677652702 ], [ -74.067371846333629, 4.563769411928888 ], [ -74.067371445235949, 4.563770915595342 ], [ -74.067371098997, 4.563772432751591 ], [ -74.067370810314628, 4.563773961599111 ], [ -74.067370577390193, 4.563775501238467 ], [ -74.067370400223751, 4.563777048072382 ], [ -74.067370278815304, 4.563778600302214 ], [ -74.067370215862752, 4.563780154330686 ], [ -74.067370209567457, 4.563781711057175 ], [ -74.067370259929532, 4.563783266884286 ], [ -74.067370367848184, 4.563784820013495 ], [ -74.067370532424093, 4.56378636684741 ], [ -74.067370753657315, 4.563787909184725 ], [ -74.06737103064853, 4.563789439830828 ], [ -74.067371363397683, 4.563790958785773 ], [ -74.067371751904773, 4.563792466049506 ], [ -74.067372195270536, 4.563793958024803 ], [ -74.067372692595654, 4.563795432013649 ], [ -74.06737324388007, 4.563796888016043 ], [ -74.067373848224463, 4.563798322434707 ], [ -74.067374504729571, 4.563799731672304 ], [ -74.067375211596698, 4.563801116628269 ], [ -74.067375969725163, 4.563802474604586 ], [ -74.067376777316383, 4.563803803802557 ], [ -74.067377631672343, 4.563805102423601 ], [ -74.067378533692363, 4.56380636866902 ], [ -74.067379481577746, 4.563807600740233 ], [ -74.067380474429285, 4.563808796838543 ], [ -74.067381508649646, 4.563809956964008 ], [ -74.067382586936787, 4.563811075720594 ], [ -74.067383702995471, 4.563812156705694 ], [ -74.067384860422919, 4.563813193624014 ], [ -74.067386052923951, 4.563814188274193 ], [ -74.067387282297204, 4.563815137958272 ], [ -74.067388544945345, 4.563816040877612 ], [ -74.06738983996911, 4.563816898830851 ], [ -74.067391165569802, 4.563817707321391 ], [ -74.067392519948783, 4.563818464550536 ], [ -74.067372600864815, 4.563813441836942 ], [ -74.067368631257295, 4.563807776108035 ], [ -74.067364720105729, 4.563799839590956 ], [ -74.067362224487056, 4.563791350890199 ], [ -74.067361216347024, 4.56378256001716 ], [ -74.067361726262618, 4.563773726876036 ], [ -74.067363738945346, 4.563765111370856 ], [ -74.067382453837126, 4.563686576274506 ], [ -74.067405445005249, 4.563609186015185 ], [ -74.067432645000508, 4.563533171718575 ] ] ] } },
{ "type": "Feature", "properties": { "OBJECTID_1": 125, "id_interve": "11002680", "nomenclatu": "KR 143BIS ENTRE CL 139 Y CL 142", "tipo_inter": 1, "loccodigo": "11", "barrio_leg": "BARRIO BERLIN", "numero_con": 599, "año_contr": 2021, "numero_c_1": 593, "año_con_1": 2021, "tipo_contr": 1, "estado_con": 2, "entidad_co": 1, "enlace_con": "https:\/\/community.secop.gov.co\/Public\/Tendering\/OpportunityDetail\/Index?noticeUID=CO1.NTC.2093229&isFromPublicArea=True&isModal=False", "id_element": 56962, "tipo_eleme": 2, "funcion_el": 4, "area_eleme": 90.152508879799996, "SHAPE_Leng": 0.0011135433933, "Shape_Area": 7.34278782549e-09 }, "geometry": { "type": "Polygon", "coordinates": [ [ [ -74.116347373632323, 4.747723362243448 ], [ -74.116398250079158, 4.747182494676451 ], [ -74.116411705735572, 4.747183768116429 ], [ -74.116360830188114, 4.747724636582745 ], [ -74.116347373632323, 4.747723362243448 ] ] ] } },
{ "type": "Feature", "properties": { "OBJECTID_1": 126, "id_interve": "11002680", "nomenclatu": "KR 143BIS ENTRE CL 139 Y CL 142", "tipo_inter": 1, "loccodigo": "11", "barrio_leg": "BARRIO BERLIN", "numero_con": 599, "año_contr": 2021, "numero_c_1": 593, "año_con_1": 2021, "tipo_contr": 1, "estado_con": 2, "entidad_co": 1, "enlace_con": "https:\/\/community.secop.gov.co\/Public\/Tendering\/OpportunityDetail\/Index?noticeUID=CO1.NTC.2093229&isFromPublicArea=True&isModal=False", "id_element": 56963, "tipo_eleme": 2, "funcion_el": 4, "area_eleme": 91.048547938, "SHAPE_Leng": 0.00112438739549, "Shape_Area": 7.4156518199099998e-09 }, "geometry": { "type": "Polygon", "coordinates": [ [ [ -74.116266797075014, 4.747723446779673 ], [ -74.116318812063469, 4.747177239937741 ], [ -74.116332265921301, 4.747178528666211 ], [ -74.116280250932789, 4.74772473640752 ], [ -74.116266797075014, 4.747723446779673 ] ] ] } },
{ "type": "Feature", "properties": { "OBJECTID_1": 127, "id_interve": "11002747", "nomenclatu": "KR 144B ENTRE CL 138A Y CL 139", "tipo_inter": 1, "loccodigo": "11", "barrio_leg": "BARRIO BERLIN", "numero_con": 599, "año_contr": 2021, "numero_c_1": 593, "año_con_1": 2021, "tipo_contr": 1, "estado_con": 2, "entidad_co": 1, "enlace_con": "https:\/\/community.secop.gov.co\/Public\/Tendering\/OpportunityDetail\/Index?noticeUID=CO1.NTC.2093229&isFromPublicArea=True&isModal=False", "id_element": 92051505, "tipo_eleme": 2, "funcion_el": 4, "area_eleme": 30.524152039499999, "SHAPE_Leng": 0.00039505048942599998, "Shape_Area": 2.48607080413e-09 }, "geometry": { "type": "Polygon", "coordinates": [ [ [ -74.116905000965005, 4.747136760553133 ], [ -74.116924536038482, 4.746955260277105 ], [ -74.116937953923411, 4.746953636101466 ], [ -74.11693805015085, 4.746955422155054 ], [ -74.116937910755951, 4.746957204611363 ], [ -74.1169184557221, 4.747138052878881 ], [ -74.116905000965005, 4.747136760553133 ] ] ] } },
{ "type": "Feature", "properties": { "OBJECTID_1": 128, "id_interve": "11002747", "nomenclatu": "KR 144B ENTRE CL 138A Y CL 139", "tipo_inter": 1, "loccodigo": "11", "barrio_leg": "BARRIO BERLIN", "numero_con": 599, "año_contr": 2021, "numero_c_1": 593, "año_con_1": 2021, "tipo_contr": 1, "estado_con": 2, "entidad_co": 1, "enlace_con": "https:\/\/community.secop.gov.co\/Public\/Tendering\/OpportunityDetail\/Index?noticeUID=CO1.NTC.2093229&isFromPublicArea=True&isModal=False", "id_element": 92051504, "tipo_eleme": 2, "funcion_el": 4, "area_eleme": 32.036672230999997, "SHAPE_Leng": 0.00041345650694299998, "Shape_Area": 2.6092981888000001e-09 }, "geometry": { "type": "Polygon", "coordinates": [ [ [ -74.116945644925522, 4.747139197715853 ], [ -74.116964427266453, 4.746948524354991 ], [ -74.11697816171278, 4.746946958635306 ], [ -74.116959094286756, 4.747140542202317 ], [ -74.116945644925522, 4.747139197715853 ] ] ] } },
{ "type": "Feature", "properties": { "OBJECTID_1": 129, "id_interve": "11002723", "nomenclatu": "KR 144A ENTRE CL 138A Y CL 139", "tipo_inter": 1, "loccodigo": "11", "barrio_leg": "BARRIO BERLIN", "numero_con": 599, "año_contr": 2021, "numero_c_1": 593, "año_con_1": 2021, "tipo_contr": 1, "estado_con": 2, "entidad_co": 1, "enlace_con": "https:\/\/community.secop.gov.co\/Public\/Tendering\/OpportunityDetail\/Index?noticeUID=CO1.NTC.2093229&isFromPublicArea=True&isModal=False", "id_element": 57047, "tipo_eleme": 2, "funcion_el": 4, "area_eleme": 13.9990866449, "SHAPE_Leng": 0.00027109119530499998, "Shape_Area": 1.140221792e-09 }, "geometry": { "type": "Polygon", "coordinates": [ [ [ -74.116637263798623, 4.747113579628035 ], [ -74.116651411933049, 4.746988749231434 ], [ -74.116660391663686, 4.746987994700248 ], [ -74.11666042224067, 4.746988883230415 ], [ -74.116660364684037, 4.746989770861262 ], [ -74.116646217448931, 4.747114600358543 ], [ -74.116646212952332, 4.747114631834847 ], [ -74.116637263798623, 4.747113579628035 ] ] ] } },
{ "type": "Feature", "properties": { "OBJECTID_1": 130, "id_interve": "11002723", "nomenclatu": "KR 144A ENTRE CL 138A Y CL 139", "tipo_inter": 1, "loccodigo": "11", "barrio_leg": "BARRIO BERLIN", "numero_con": 599, "año_contr": 2021, "numero_c_1": 593, "año_con_1": 2021, "tipo_contr": 1, "estado_con": 2, "entidad_co": 1, "enlace_con": "https:\/\/community.secop.gov.co\/Public\/Tendering\/OpportunityDetail\/Index?noticeUID=CO1.NTC.2093229&isFromPublicArea=True&isModal=False", "id_element": 57046, "tipo_eleme": 2, "funcion_el": 4, "area_eleme": 22.102312899099999, "SHAPE_Leng": 0.000293752839469, "Shape_Area": 1.80017520671e-09 }, "geometry": { "type": "Polygon", "coordinates": [ [ [ -74.11667627728832, 4.747114894436891 ], [ -74.116688955031236, 4.746983790369654 ], [ -74.116702693074785, 4.746982126623891 ], [ -74.116689731146153, 4.747116184964 ], [ -74.11667627728832, 4.747114894436891 ] ] ] } },
{ "type": "Feature", "properties": { "OBJECTID_1": 131, "id_interve": "11002769", "nomenclatu": "KR 145A ENTRE CL 138A Y CL 139", "tipo_inter": 1, "loccodigo": "11", "barrio_leg": "BARRIO BERLIN", "numero_con": 599, "año_contr": 2021, "numero_c_1": 593, "año_con_1": 2021, "tipo_contr": 1, "estado_con": 2, "entidad_co": 1, "enlace_con": "https:\/\/community.secop.gov.co\/Public\/Tendering\/OpportunityDetail\/Index?noticeUID=CO1.NTC.2093229&isFromPublicArea=True&isModal=False", "id_element": 56984, "tipo_eleme": 2, "funcion_el": 4, "area_eleme": 51.512995937299998, "SHAPE_Leng": 0.00064822434560200001, "Shape_Area": 4.19557801574e-09 }, "geometry": { "type": "Polygon", "coordinates": [ [ [ -74.117482379208411, 4.747189598421301 ], [ -74.117512049641334, 4.746881937651324 ], [ -74.117525759805915, 4.746880543702162 ], [ -74.117495826770948, 4.747190944706404 ], [ -74.117482379208411, 4.747189598421301 ] ] ] } },
{ "type": "Feature", "properties": { "OBJECTID_1": 132, "id_interve": "11002769", "nomenclatu": "KR 145A ENTRE CL 138A Y CL 139", "tipo_inter": 1, "loccodigo": "11", "barrio_leg": "BARRIO BERLIN", "numero_con": 599, "año_contr": 2021, "numero_c_1": 593, "año_con_1": 2021, "tipo_contr": 1, "estado_con": 2, "entidad_co": 1, "enlace_con": "https:\/\/community.secop.gov.co\/Public\/Tendering\/OpportunityDetail\/Index?noticeUID=CO1.NTC.2093229&isFromPublicArea=True&isModal=False", "id_element": 56985, "tipo_eleme": 2, "funcion_el": 4, "area_eleme": 49.888085224000001, "SHAPE_Leng": 0.00062830429475899997, "Shape_Area": 4.06333137759e-09 }, "geometry": { "type": "Polygon", "coordinates": [ [ [ -74.117442380961052, 4.747186064984987 ], [ -74.117468340791277, 4.746887996383975 ], [ -74.117481752380911, 4.746886303859867 ], [ -74.117481854004325, 4.74688774007717 ], [ -74.117481806340265, 4.746889177193793 ], [ -74.117455843812081, 4.747187245794805 ], [ -74.117442380961052, 4.747186064984987 ] ] ] } },
{ "type": "Feature", "properties": { "OBJECTID_1": 133, "id_interve": "11005678", "nomenclatu": "CL 135 ENTRE KR 101A Y LA KR 101B", "tipo_inter": 1, "loccodigo": "11", "barrio_leg": "BARRIO POTRERILLOS DE SUBA", "numero_con": 668, "año_contr": 2021, "numero_c_1": 592, "año_con_1": 2021, "tipo_contr": 1, "estado_con": 1, "entidad_co": 1, "enlace_con": "https:\/\/community.secop.gov.co\/Public\/Tendering\/OpportunityDetail\/Index?noticeUID=CO1.NTC.2093229&isFromPublicArea=True&isModal=False", "id_element": 53940, "tipo_eleme": 2, "funcion_el": 4, "area_eleme": 40.532151698900002, "SHAPE_Leng": 0.00046915428165700002, "Shape_Area": 3.3012582207899998e-09 }, "geometry": { "type": "Polygon", "coordinates": [ [ [ -74.095609909269854, 4.737483799238021 ], [ -74.095609878692926, 4.737483790244767 ], [ -74.095417250205912, 4.737416080287915 ], [ -74.095416218683511, 4.737415787108944 ], [ -74.09541523032857, 4.737415373420788 ], [ -74.0954152069462, 4.737415359930992 ], [ -74.09541387235231, 4.737414546943853 ], [ -74.095412697837673, 4.737413516320771 ], [ -74.095411718475987, 4.737412298638731 ], [ -74.095410963944801, 4.737410929870578 ], [ -74.095410456727166, 4.737409451385133 ], [ -74.095410212111574, 4.737407908148498 ], [ -74.095410237292583, 4.737406346026091 ], [ -74.095410531370874, 4.73740481088339 ], [ -74.095412421745834, 4.737399297139916 ], [ -74.095418535337103, 4.737401405150763 ], [ -74.095615608273647, 4.737469293173376 ], [ -74.095623879338518, 4.737472143124933 ], [ -74.095621705677161, 4.737478441976577 ], [ -74.095620934958163, 4.737479804449492 ], [ -74.095619959193698, 4.737481029326091 ], [ -74.095618804464209, 4.737482086029502 ], [ -74.095617497749288, 4.737482949378659 ], [ -74.095616072323821, 4.737483596890513 ], [ -74.09561456236213, 4.737484012377308 ], [ -74.095613006534961, 4.737484186845791 ], [ -74.095611442613972, 4.737484114900042 ], [ -74.095609909269854, 4.737483799238021 ] ] ] } },
{ "type": "Feature", "properties": { "OBJECTID_1": 134, "id_interve": "11005678", "nomenclatu": "CL 135 ENTRE KR 101A Y LA KR 101B", "tipo_inter": 1, "loccodigo": "11", "barrio_leg": "BARRIO POTRERILLOS DE SUBA", "numero_con": 668, "año_contr": 2021, "numero_c_1": 592, "año_con_1": 2021, "tipo_contr": 1, "estado_con": 1, "entidad_co": 1, "enlace_con": "https:\/\/community.secop.gov.co\/Public\/Tendering\/OpportunityDetail\/Index?noticeUID=CO1.NTC.2093229&isFromPublicArea=True&isModal=False", "id_element": 53941, "tipo_eleme": 2, "funcion_el": 4, "area_eleme": 24.603860593899999, "SHAPE_Leng": 0.00030265911529600001, "Shape_Area": 2.0038750319199998e-09 }, "geometry": { "type": "Polygon", "coordinates": [ [ [ -74.095494690827309, 4.737489479356043 ], [ -74.095499555260233, 4.737475946357904 ], [ -74.095628173601312, 4.737521879231394 ], [ -74.09562329118188, 4.73753600488277 ], [ -74.095494690827309, 4.737489479356043 ] ] ] } },
{ "type": "Feature", "properties": { "OBJECTID_1": 135, "id_interve": "11005678", "nomenclatu": "CL 135 ENTRE KR 101A Y LA KR 101B", "tipo_inter": 1, "loccodigo": "11", "barrio_leg": "BARRIO POTRERILLOS DE SUBA", "numero_con": 668, "año_contr": 2021, "numero_c_1": 592, "año_con_1": 2021, "tipo_contr": 1, "estado_con": 1, "entidad_co": 1, "enlace_con": "https:\/\/community.secop.gov.co\/Public\/Tendering\/OpportunityDetail\/Index?noticeUID=CO1.NTC.2093229&isFromPublicArea=True&isModal=False", "id_element": 172523, "tipo_eleme": 1, "funcion_el": 1, "area_eleme": 94.622666832199997, "SHAPE_Leng": 0.00058613924540600005, "Shape_Area": 7.7067122089100008e-09 }, "geometry": { "type": "Polygon", "coordinates": [ [ [ -74.095499555260233, 4.737475946357904 ], [ -74.095379479579265, 4.737433065783421 ], [ -74.095389212042448, 4.737406222819004 ], [ -74.0954152069462, 4.737415359930992 ], [ -74.09541523032857, 4.737415373420788 ], [ -74.095416218683511, 4.737415787108944 ], [ -74.095417250205912, 4.737416080287915 ], [ -74.095609878692926, 4.737483790244767 ], [ -74.095609909269854, 4.737483799238021 ], [ -74.095637932144825, 4.737493653109652 ], [ -74.095628173601312, 4.737521879231394 ], [ -74.095499555260233, 4.737475946357904 ] ] ] } },
{ "type": "Feature", "properties": { "OBJECTID_1": 136, "id_interve": "11006554", "nomenclatu": "CL 128 BIS ENTRE KR 124 Y KR 124D", "tipo_inter": 1, "loccodigo": "11", "barrio_leg": "CAÑIZA SECTOR III", "numero_con": 599, "año_contr": 2021, "numero_c_1": 593, "año_con_1": 2021, "tipo_contr": 1, "estado_con": 2, "entidad_co": 1, "enlace_con": "https:\/\/community.secop.gov.co\/Public\/Tendering\/OpportunityDetail\/Index?noticeUID=CO1.NTC.2093229&isFromPublicArea=True&isModal=False", "id_element": 173508, "tipo_eleme": 1, "funcion_el": 1, "area_eleme": 246.12966622799999, "SHAPE_Leng": 0.00117935285355, "Shape_Area": 2.0046430068700001e-08 }, "geometry": { "type": "Polygon", "coordinates": [ [ [ -74.110661060159771, 4.733108194587544 ], [ -74.110672736957213, 4.733080822821762 ], [ -74.111080455398678, 4.733299676438946 ], [ -74.111161647092274, 4.733340558719874 ], [ -74.111139939256759, 4.733380204432933 ], [ -74.111132680828518, 4.733376078343383 ], [ -74.110830736149524, 4.73320442114715 ], [ -74.110798541319582, 4.733186118144886 ], [ -74.110663195150323, 4.733109173049968 ], [ -74.110661060159771, 4.733108194587544 ] ] ] } },
{ "type": "Feature", "properties": { "OBJECTID_1": 137, "id_interve": "11006554", "nomenclatu": "CL 128 BIS ENTRE KR 124 Y KR 124D", "tipo_inter": 1, "loccodigo": "11", "barrio_leg": "CAÑIZA SECTOR III", "numero_con": 599, "año_contr": 2021, "numero_c_1": 593, "año_con_1": 2021, "tipo_contr": 1, "estado_con": 2, "entidad_co": 1, "enlace_con": "https:\/\/community.secop.gov.co\/Public\/Tendering\/OpportunityDetail\/Index?noticeUID=CO1.NTC.2093229&isFromPublicArea=True&isModal=False", "id_element": 55269, "tipo_eleme": 2, "funcion_el": 4, "area_eleme": 93.032476444099999, "SHAPE_Leng": 0.0011456742159799999, "Shape_Area": 7.5769865178400008e-09 }, "geometry": { "type": "Polygon", "coordinates": [ [ [ -74.110654105702395, 4.733107634309931 ], [ -74.110656444839037, 4.733107413976029 ], [ -74.110658785774319, 4.733107601934307 ], [ -74.110661060159771, 4.733108194587544 ], [ -74.110663195150323, 4.733109173049968 ], [ -74.110798541319582, 4.733186118144886 ], [ -74.110830736149524, 4.73320442114715 ], [ -74.111132680828518, 4.733376078343383 ], [ -74.111139939256759, 4.733380204432933 ], [ -74.11113378069939, 4.733392287723973 ], [ -74.111126926066731, 4.733388391860842 ], [ -74.110656538368517, 4.733120973054497 ], [ -74.110644779732752, 4.733114288393722 ], [ -74.11064480941036, 4.733114236233064 ], [ -74.110646147601585, 4.733112301791323 ], [ -74.110647800555512, 4.733110628153042 ], [ -74.110649717910121, 4.733109265680127 ], [ -74.11065184120946, 4.733108258439415 ], [ -74.110654105702395, 4.733107634309931 ] ] ] } },
{ "type": "Feature", "properties": { "OBJECTID_1": 138, "id_interve": "11007613", "nomenclatu": "KR 118B ENTRE CL 126F Y TV 119", "tipo_inter": 1, "loccodigo": "11", "barrio_leg": "LA CAROLINA III", "numero_con": 599, "año_contr": 2021, "numero_c_1": 593, "año_con_1": 2021, "tipo_contr": 1, "estado_con": 2, "entidad_co": 1, "enlace_con": "https:\/\/community.secop.gov.co\/Public\/Tendering\/OpportunityDetail\/Index?noticeUID=CO1.NTC.2093229&isFromPublicArea=True&isModal=False", "id_element": 54972, "tipo_eleme": 2, "funcion_el": 4, "area_eleme": 168.65420137000001, "SHAPE_Leng": 0.00203040917203, "Shape_Area": 1.3735887828699999e-08 }, "geometry": { "type": "Polygon", "coordinates": [ [ [ -74.103941808767445, 4.728148133129878 ], [ -74.103947666051909, 4.72812542075161 ], [ -74.103970854171564, 4.728134026364273 ], [ -74.103983301688004, 4.728139305384673 ], [ -74.104146330788524, 4.72908986900228 ], [ -74.104135641446646, 4.7290981670468 ], [ -74.10413414767271, 4.729099325373625 ], [ -74.104131813932042, 4.72908519612497 ], [ -74.10397241809261, 4.728155807944233 ], [ -74.103941808767445, 4.728148133129878 ] ] ] } },
{ "type": "Feature", "properties": { "OBJECTID_1": 139, "id_interve": "11007613", "nomenclatu": "KR 118B ENTRE CL 126F Y TV 119", "tipo_inter": 1, "loccodigo": "11", "barrio_leg": "LA CAROLINA III", "numero_con": 599, "año_contr": 2021, "numero_c_1": 593, "año_con_1": 2021, "tipo_contr": 1, "estado_con": 2, "entidad_co": 1, "enlace_con": "https:\/\/community.secop.gov.co\/Public\/Tendering\/OpportunityDetail\/Index?noticeUID=CO1.NTC.2093229&isFromPublicArea=True&isModal=False", "id_element": 54973, "tipo_eleme": 2, "funcion_el": 4, "area_eleme": 292.198152811, "SHAPE_Leng": 0.0021172661243099998, "Shape_Area": 2.37985025402e-08 }, "geometry": { "type": "Polygon", "coordinates": [ [ [ -74.104082969953083, 4.729101686993317 ], [ -74.103968889152895, 4.728411969936531 ], [ -74.103952496310626, 4.728413677749074 ], [ -74.103910982705656, 4.728171999338372 ], [ -74.103909651709046, 4.728164252578267 ], [ -74.103909604944249, 4.72816397918433 ], [ -74.103907829682555, 4.728153643276073 ], [ -74.103905002214049, 4.728135017417173 ], [ -74.103901338376033, 4.728108230210694 ], [ -74.103922059655304, 4.728115919414222 ], [ -74.103930428746253, 4.728119024773207 ], [ -74.103947666051909, 4.72812542075161 ], [ -74.103941808767445, 4.728148133129878 ], [ -74.103943289950848, 4.728159041906281 ], [ -74.103943492298299, 4.728162882011418 ], [ -74.103944590370531, 4.72816930317083 ], [ -74.104104639117736, 4.729104913760807 ], [ -74.10410676961169, 4.729117367572485 ], [ -74.104099586726534, 4.729116872046063 ], [ -74.104085318982243, 4.729115887288401 ], [ -74.104082969953083, 4.729101686993317 ] ] ] } },
{ "type": "Feature", "properties": { "OBJECTID_1": 140, "id_interve": "11007571", "nomenclatu": "KR 118D BIS ENTRE CL 126F Y TV 119", "tipo_inter": 1, "loccodigo": "11", "barrio_leg": "LA CAROLINA III", "numero_con": 599, "año_contr": 2021, "numero_c_1": 593, "año_con_1": 2021, "tipo_contr": 1, "estado_con": 2, "entidad_co": 1, "enlace_con": "https:\/\/community.secop.gov.co\/Public\/Tendering\/OpportunityDetail\/Index?noticeUID=CO1.NTC.2093229&isFromPublicArea=True&isModal=False", "id_element": 54968, "tipo_eleme": 2, "funcion_el": 4, "area_eleme": 63.783577992799998, "SHAPE_Leng": 0.00079844580907600005, "Shape_Area": 5.1948829695200003e-09 }, "geometry": { "type": "Polygon", "coordinates": [ [ [ -74.104518276896897, 4.728389744091487 ], [ -74.104517200408452, 4.728382112444592 ], [ -74.104515069914498, 4.728367017324047 ], [ -74.104529078654025, 4.728373041882435 ], [ -74.104531763130353, 4.728388843870107 ], [ -74.104532917859842, 4.72839463640338 ], [ -74.104533032973052, 4.728395213768124 ], [ -74.10460230595163, 4.72874263266641 ], [ -74.104592360349102, 4.728751814744498 ], [ -74.104591184035883, 4.728750338057694 ], [ -74.10459022266059, 4.728748711184096 ], [ -74.104589498706389, 4.72874696560001 ], [ -74.104589023864321, 4.728745136378961 ], [ -74.10452052520202, 4.728401602551969 ], [ -74.104518558384711, 4.728391736089804 ], [ -74.104518276896897, 4.728389744091487 ] ] ] } },
{ "type": "Feature", "properties": { "OBJECTID_1": 141, "id_interve": "11007571", "nomenclatu": "KR 118D BIS ENTRE CL 126F Y TV 119", "tipo_inter": 1, "loccodigo": "11", "barrio_leg": "LA CAROLINA III", "numero_con": 599, "año_contr": 2021, "numero_c_1": 593, "año_con_1": 2021, "tipo_contr": 1, "estado_con": 2, "entidad_co": 1, "enlace_con": "https:\/\/community.secop.gov.co\/Public\/Tendering\/OpportunityDetail\/Index?noticeUID=CO1.NTC.2093229&isFromPublicArea=True&isModal=False", "id_element": 54969, "tipo_eleme": 2, "funcion_el": 4, "area_eleme": 73.564558954000006, "SHAPE_Leng": 0.00091456733290200005, "Shape_Area": 5.9913620766599998e-09 }, "geometry": { "type": "Polygon", "coordinates": [ [ [ -74.104515069914498, 4.728367017324047 ], [ -74.104517200408452, 4.728382112444592 ], [ -74.104502900288594, 4.728375845069252 ], [ -74.104502432641141, 4.728375613044136 ], [ -74.104501931718744, 4.72837546465604 ], [ -74.104501413709215, 4.728375405300767 ], [ -74.104500892102465, 4.728375435877695 ], [ -74.10450038398551, 4.72837555548756 ], [ -74.104499904646843, 4.728375761432289 ], [ -74.104499467576318, 4.728376046517383 ], [ -74.104499085364466, 4.728376402648905 ], [ -74.104498771501085, 4.72837681903502 ], [ -74.104498533180731, 4.728377283085194 ], [ -74.10449837849734, 4.728377782208952 ], [ -74.104498311947509, 4.728378299319104 ], [ -74.104498336229199, 4.728378820925911 ], [ -74.104498357812929, 4.72837896391809 ], [ -74.104558252661207, 4.72876780019385 ], [ -74.104546057854236, 4.728777412147906 ], [ -74.104480558430964, 4.728352174013651 ], [ -74.104492362032829, 4.728357250686599 ], [ -74.104495202091869, 4.728358471965976 ], [ -74.104515069914498, 4.728367017324047 ] ] ] } },
{ "type": "Feature", "properties": { "OBJECTID_1": 142, "id_interve": "11007592", "nomenclatu": "KR 118C ENTRE TR 119 Y CL 126F", "tipo_inter": 1, "loccodigo": "11", "barrio_leg": "LA CAROLINA III", "numero_con": 599, "año_contr": 2021, "numero_c_1": 593, "año_con_1": 2021, "tipo_contr": 1, "estado_con": 2, "entidad_co": 1, "enlace_con": "https:\/\/community.secop.gov.co\/Public\/Tendering\/OpportunityDetail\/Index?noticeUID=CO1.NTC.2093229&isFromPublicArea=True&isModal=False", "id_element": 54970, "tipo_eleme": 2, "funcion_el": 4, "area_eleme": 109.842269445, "SHAPE_Leng": 0.0014026216431000001, "Shape_Area": 8.9461708572399994e-09 }, "geometry": { "type": "Polygon", "coordinates": [ [ [ -74.104229756398126, 4.728254209064517 ], [ -74.104232504726269, 4.728246580115638 ], [ -74.104247176266142, 4.728253497700791 ], [ -74.104255780080166, 4.728257556341191 ], [ -74.104257935755072, 4.728258443972038 ], [ -74.104258276598159, 4.728261152730056 ], [ -74.104258951988982, 4.728265095357926 ], [ -74.104370349212218, 4.728915893353872 ], [ -74.104361504379881, 4.728922864898323 ], [ -74.104330537124554, 4.728763421394831 ], [ -74.10424600894612, 4.728269585672876 ], [ -74.104244981920317, 4.728263585396178 ], [ -74.104244774176948, 4.728261728296161 ], [ -74.104229756398126, 4.728254209064517 ] ] ] } },
{ "type": "Feature", "properties": { "OBJECTID_1": 143, "id_interve": "11007592", "nomenclatu": "KR 118C ENTRE TR 119 Y CL 126F", "tipo_inter": 1, "loccodigo": "11", "barrio_leg": "LA CAROLINA III", "numero_con": 599, "año_contr": 2021, "numero_c_1": 593, "año_con_1": 2021, "tipo_contr": 1, "estado_con": 2, "entidad_co": 1, "enlace_con": "https:\/\/community.secop.gov.co\/Public\/Tendering\/OpportunityDetail\/Index?noticeUID=CO1.NTC.2093229&isFromPublicArea=True&isModal=False", "id_element": 54971, "tipo_eleme": 2, "funcion_el": 4, "area_eleme": 104.71170479600001, "SHAPE_Leng": 0.00150866955256, "Shape_Area": 8.5284486541500001e-09 }, "geometry": { "type": "Polygon", "coordinates": [ [ [ -74.104251145873661, 4.728526985132305 ], [ -74.104198841303457, 4.72823070438352 ], [ -74.104212419267697, 4.728237106657218 ], [ -74.104212679171781, 4.728237229864305 ], [ -74.104213805122981, 4.72823776136363 ], [ -74.104232504726269, 4.728246580115638 ], [ -74.104229756398126, 4.728254209064517 ], [ -74.104221203845441, 4.728249757420429 ], [ -74.104220511367487, 4.728249734038059 ], [ -74.104219825184771, 4.728249826668218 ], [ -74.104219164183064, 4.728250031713628 ], [ -74.104218545449498, 4.72825034377837 ], [ -74.104217987869788, 4.728250754768567 ], [ -74.104217505833162, 4.728251252093685 ], [ -74.104217113728794, 4.728251822263815 ], [ -74.104216821449086, 4.728252449990634 ], [ -74.104216637088086, 4.728253118186899 ], [ -74.104216566041657, 4.728253807067574 ], [ -74.104216611007757, 4.728254497746946 ], [ -74.104332447284548, 4.728945400110149 ], [ -74.104325908313967, 4.728950476783098 ], [ -74.104322498984118, 4.728953122588564 ], [ -74.104251145873661, 4.728526985132305 ] ] ] } },
{ "type": "Feature", "properties": { "OBJECTID_1": 144, "id_interve": "11007773", "nomenclatu": "KR 102 A BIS ENTRE CL 126 D Y CL 127", "tipo_inter": 1, "loccodigo": "11", "barrio_leg": "NUEVO CORINTO(ANTES LETH WALESA)", "numero_con": 599, "año_contr": 2021, "numero_c_1": 593, "año_con_1": 2021, "tipo_contr": 1, "estado_con": 2, "entidad_co": 1, "enlace_con": "https:\/\/community.secop.gov.co\/Public\/Tendering\/OpportunityDetail\/Index?noticeUID=CO1.NTC.2093229&isFromPublicArea=True&isModal=False", "id_element": 53341, "tipo_eleme": 2, "funcion_el": 4, "area_eleme": 33.1160169897, "SHAPE_Leng": 0.00046109495373700002, "Shape_Area": 2.6971078768899999e-09 }, "geometry": { "type": "Polygon", "coordinates": [ [ [ -74.100757019820549, 4.727572020232572 ], [ -74.100908079843975, 4.727414707223033 ], [ -74.100916859925121, 4.727423251681785 ], [ -74.100795500911602, 4.727550004828913 ], [ -74.10076506335696, 4.727580838984579 ], [ -74.100757019820549, 4.727572020232572 ] ] ] } },
{ "type": "Feature", "properties": { "OBJECTID_1": 145, "id_interve": "11007773", "nomenclatu": "KR 102 A BIS ENTRE CL 126 D Y CL 127", "tipo_inter": 1, "loccodigo": "11", "barrio_leg": "NUEVO CORINTO(ANTES LETH WALESA)", "numero_con": 599, "año_contr": 2021, "numero_c_1": 593, "año_con_1": 2021, "tipo_contr": 1, "estado_con": 2, "entidad_co": 1, "enlace_con": "https:\/\/community.secop.gov.co\/Public\/Tendering\/OpportunityDetail\/Index?noticeUID=CO1.NTC.2093229&isFromPublicArea=True&isModal=False", "id_element": 91019116, "tipo_eleme": 1, "funcion_el": 1, "area_eleme": 68.003470264000001, "SHAPE_Leng": 0.00044301822792700002, "Shape_Area": 5.5386019402299999e-09 }, "geometry": { "type": "Polygon", "coordinates": [ [ [ -74.100916859925121, 4.727423251681785 ], [ -74.100928838894788, 4.727410740313474 ], [ -74.100930052080173, 4.727411918425332 ], [ -74.100938497613527, 4.727420123839693 ], [ -74.100938629813868, 4.727420252442755 ], [ -74.100946149944832, 4.727427547743162 ], [ -74.100947864951991, 4.727429213287621 ], [ -74.10095007818353, 4.72743136086865 ], [ -74.100937960718284, 4.727443788599999 ], [ -74.100815525216262, 4.727569376225802 ], [ -74.100795500911602, 4.727550004828913 ], [ -74.100916859925121, 4.727423251681785 ] ] ] } },
{ "type": "Feature", "properties": { "OBJECTID_1": 146, "id_interve": "11007801", "nomenclatu": "KR 102 A ENTRE CL 126 D Y CL 127", "tipo_inter": 1, "loccodigo": "11", "barrio_leg": "NUEVO CORINTO(ANTES LETH WALESA)", "numero_con": 599, "año_contr": 2021, "numero_c_1": 593, "año_con_1": 2021, "tipo_contr": 1, "estado_con": 2, "entidad_co": 1, "enlace_con": "https:\/\/community.secop.gov.co\/Public\/Tendering\/OpportunityDetail\/Index?noticeUID=CO1.NTC.2093229&isFromPublicArea=True&isModal=False", "id_element": 53335, "tipo_eleme": 2, "funcion_el": 4, "area_eleme": 47.425298476099996, "SHAPE_Leng": 0.00047402053461800001, "Shape_Area": 3.8626012274999998e-09 }, "geometry": { "type": "Polygon", "coordinates": [ [ [ -74.100676404592377, 4.727288115054535 ], [ -74.100727872793072, 4.72724003010336 ], [ -74.100738766280983, 4.727249921746534 ], [ -74.100735981080618, 4.727252780691344 ], [ -74.10058462787822, 4.727408090011409 ], [ -74.10057170462045, 4.727395395181418 ], [ -74.100676404592377, 4.727288115054535 ] ] ] } },
{ "type": "Feature", "properties": { "OBJECTID_1": 147, "id_interve": "11007801", "nomenclatu": "KR 102 A ENTRE CL 126 D Y CL 127", "tipo_inter": 1, "loccodigo": "11", "barrio_leg": "NUEVO CORINTO(ANTES LETH WALESA)", "numero_con": 599, "año_contr": 2021, "numero_c_1": 593, "año_con_1": 2021, "tipo_contr": 1, "estado_con": 2, "entidad_co": 1, "enlace_con": "https:\/\/community.secop.gov.co\/Public\/Tendering\/OpportunityDetail\/Index?noticeUID=CO1.NTC.2093229&isFromPublicArea=True&isModal=False", "id_element": 53334, "tipo_eleme": 2, "funcion_el": 4, "area_eleme": 46.837949029000001, "SHAPE_Leng": 0.00047836016680499998, "Shape_Area": 3.8147762866599999e-09 }, "geometry": { "type": "Polygon", "coordinates": [ [ [ -74.100753459404586, 4.727271073801091 ], [ -74.100757527038184, 4.727266959402698 ], [ -74.100768281131252, 4.727276725140825 ], [ -74.100769615725142, 4.727277937426891 ], [ -74.100765759432193, 4.727281900739172 ], [ -74.100614598684729, 4.72743721905249 ], [ -74.100601655641867, 4.727424636637693 ], [ -74.100753459404586, 4.727271073801091 ] ] ] } },
{ "type": "Feature", "properties": { "OBJECTID_1": 148, "id_interve": "11007801", "nomenclatu": "KR 102 A ENTRE CL 126 D Y CL 127", "tipo_inter": 1, "loccodigo": "11", "barrio_leg": "NUEVO CORINTO(ANTES LETH WALESA)", "numero_con": 599, "año_contr": 2021, "numero_c_1": 593, "año_con_1": 2021, "tipo_contr": 1, "estado_con": 2, "entidad_co": 1, "enlace_con": "https:\/\/community.secop.gov.co\/Public\/Tendering\/OpportunityDetail\/Index?noticeUID=CO1.NTC.2093229&isFromPublicArea=True&isModal=False", "id_element": 172123, "tipo_eleme": 1, "funcion_el": 1, "area_eleme": 72.202884193100004, "SHAPE_Leng": 0.000527371407879, "Shape_Area": 5.8805986589699996e-09 }, "geometry": { "type": "Polygon", "coordinates": [ [ [ -74.100738766280983, 4.727249921746534 ], [ -74.10075171561914, 4.727236630666027 ], [ -74.100752897328334, 4.727237843851469 ], [ -74.100753113165581, 4.727238065984011 ], [ -74.100756377704613, 4.727241400670152 ], [ -74.100760956153181, 4.727246074446839 ], [ -74.10076120796333, 4.72724634514276 ], [ -74.100765602050842, 4.727250839055046 ], [ -74.100768344083747, 4.727253644040502 ], [ -74.100769509605129, 4.727254835642213 ], [ -74.100757527038184, 4.727266959402698 ], [ -74.100753459404586, 4.727271073801091 ], [ -74.100601655641867, 4.727424636637693 ], [ -74.10058462787822, 4.727408090011409 ], [ -74.100735981080618, 4.727252780691344 ], [ -74.100738766280983, 4.727249921746534 ] ] ] } },
{ "type": "Feature", "properties": { "OBJECTID_1": 149, "id_interve": "11003159", "nomenclatu": "CL 135 ENTRE KR 145 Y KR 144", "tipo_inter": 1, "loccodigo": "11", "barrio_leg": "SAN PEDRO DE TIBABUYES", "numero_con": 599, "año_contr": 2021, "numero_c_1": 593, "año_con_1": 2021, "tipo_contr": 1, "estado_con": 2, "entidad_co": 1, "enlace_con": "https:\/\/community.secop.gov.co\/Public\/Tendering\/OpportunityDetail\/Index?noticeUID=CO1.NTC.2093229&isFromPublicArea=True&isModal=False", "id_element": 56936, "tipo_eleme": 2, "funcion_el": 4, "area_eleme": 41.263433215299997, "SHAPE_Leng": 0.00052287749440499995, "Shape_Area": 3.3609231514699998e-09 }, "geometry": { "type": "Polygon", "coordinates": [ [ [ -74.116869207947559, 4.745603242895413 ], [ -74.117117015238023, 4.745597948586521 ], [ -74.117117303021075, 4.74561150496703 ], [ -74.116869461556348, 4.745616798376602 ], [ -74.116869207947559, 4.745603242895413 ] ] ] } },
{ "type": "Feature", "properties": { "OBJECTID_1": 150, "id_interve": "11003159", "nomenclatu": "CL 135 ENTRE KR 145 Y KR 144", "tipo_inter": 1, "loccodigo": "11", "barrio_leg": "SAN PEDRO DE TIBABUYES", "numero_con": 599, "año_contr": 2021, "numero_c_1": 593, "año_con_1": 2021, "tipo_contr": 1, "estado_con": 2, "entidad_co": 1, "enlace_con": "https:\/\/community.secop.gov.co\/Public\/Tendering\/OpportunityDetail\/Index?noticeUID=CO1.NTC.2093229&isFromPublicArea=True&isModal=False", "id_element": 56937, "tipo_eleme": 2, "funcion_el": 4, "area_eleme": 37.7589515871, "SHAPE_Leng": 0.000480804408744, "Shape_Area": 3.07534531419e-09 }, "geometry": { "type": "Polygon", "coordinates": [ [ [ -74.116901016068994, 4.745678395641505 ], [ -74.117117224780088, 4.745674327108532 ], [ -74.117117478388877, 4.745687882589777 ], [ -74.11690126967784, 4.745691953820653 ], [ -74.116887758263374, 4.745692208328819 ], [ -74.116887755565415, 4.745692079725757 ], [ -74.116887937228455, 4.745689737891155 ], [ -74.116888519089855, 4.745687461707064 ], [ -74.116889483163106, 4.745685320421273 ], [ -74.116890799770545, 4.745683377885655 ], [ -74.11689243293938, 4.745681694354744 ], [ -74.116894331408218, 4.745680318392033 ], [ -74.116896436721163, 4.74567929136623 ], [ -74.116898687724245, 4.745678643854376 ], [ -74.116901016068994, 4.745678395641505 ] ] ] } },
{ "type": "Feature", "properties": { "OBJECTID_1": 151, "id_interve": "11003154", "nomenclatu": "CL 135 ENTRE KR 144 Y KR 143A", "tipo_inter": 1, "loccodigo": "11", "barrio_leg": "SAN PEDRO DE TIBABUYES", "numero_con": 599, "año_contr": 2021, "numero_c_1": 593, "año_con_1": 2021, "tipo_contr": 1, "estado_con": 2, "entidad_co": 1, "enlace_con": "https:\/\/community.secop.gov.co\/Public\/Tendering\/OpportunityDetail\/Index?noticeUID=CO1.NTC.2093229&isFromPublicArea=True&isModal=False", "id_element": 56935, "tipo_eleme": 2, "funcion_el": 4, "area_eleme": 39.514642566900001, "SHAPE_Leng": 0.00050198737096899995, "Shape_Area": 3.2183938132800002e-09 }, "geometry": { "type": "Polygon", "coordinates": [ [ [ -74.116622844968276, 4.745683569441212 ], [ -74.11662290162559, 4.745683569441212 ], [ -74.116623155234379, 4.745683555052096 ], [ -74.116839235342411, 4.745679500008976 ], [ -74.11684038827326, 4.745679537780518 ], [ -74.116842573625831, 4.745679889415385 ], [ -74.11684467534144, 4.745680589987273 ], [ -74.116846632266231, 4.745681627804913 ], [ -74.116848394937449, 4.745682973190696 ], [ -74.116849914791715, 4.745684588373081 ], [ -74.116851152258846, 4.745686430184662 ], [ -74.11685207226526, 4.745688450961268 ], [ -74.116852651428701, 4.745690594045755 ], [ -74.116852873561243, 4.745692804579335 ], [ -74.116839360348138, 4.745693057288804 ], [ -74.116623154335059, 4.745697115929204 ], [ -74.116609652813167, 4.745697367739353 ], [ -74.116609776020312, 4.745695249835933 ], [ -74.116610225681313, 4.745693177797989 ], [ -74.116610993702352, 4.745691201987427 ], [ -74.1166120611976, 4.745689369169099 ], [ -74.116613400288145, 4.745687728805706 ], [ -74.116614978598363, 4.745686316870092 ], [ -74.116616759255976, 4.7456851711338 ], [ -74.116618696395676, 4.74568431767716 ], [ -74.116620742353348, 4.745683780781917 ], [ -74.116622844968276, 4.745683569441212 ] ] ] } },
{ "type": "Feature", "properties": { "OBJECTID_1": 152, "id_interve": "11003154", "nomenclatu": "CL 135 ENTRE KR 144 Y KR 143A", "tipo_inter": 1, "loccodigo": "11", "barrio_leg": "SAN PEDRO DE TIBABUYES", "numero_con": 599, "año_contr": 2021, "numero_c_1": 593, "año_con_1": 2021, "tipo_contr": 1, "estado_con": 2, "entidad_co": 1, "enlace_con": "https:\/\/community.secop.gov.co\/Public\/Tendering\/OpportunityDetail\/Index?noticeUID=CO1.NTC.2093229&isFromPublicArea=True&isModal=False", "id_element": 56934, "tipo_eleme": 2, "funcion_el": 4, "area_eleme": 41.485897961200003, "SHAPE_Leng": 0.000525655517889, "Shape_Area": 3.3789097375100002e-09 }, "geometry": { "type": "Polygon", "coordinates": [ [ [ -74.116617059629561, 4.745608628035825 ], [ -74.11663057284261, 4.745608340252772 ], [ -74.116869207947559, 4.745603242895413 ], [ -74.116869461556348, 4.745616798376602 ], [ -74.116630716734164, 4.745621896633281 ], [ -74.11662838299344, 4.7456217176682 ], [ -74.116626115802546, 4.745621139404136 ], [ -74.116623980812051, 4.745620176230204 ], [ -74.11662204637031, 4.74561885872339 ], [ -74.116620363738775, 4.745617224655234 ], [ -74.116618988675327, 4.745615327085716 ], [ -74.116617961649581, 4.74561321727623 ], [ -74.116617312339031, 4.745610961776492 ], [ -74.116617059629561, 4.745608628035825 ] ] ] } },
{ "type": "Feature", "properties": { "OBJECTID_1": 153, "id_interve": "11003000", "nomenclatu": "KR 145A ENTRE CL 138A Y CL 136", "tipo_inter": 1, "loccodigo": "11", "barrio_leg": "SAN PEDRO DE TIBABUYES", "numero_con": 599, "año_contr": 2021, "numero_c_1": 593, "año_con_1": 2021, "tipo_contr": 1, "estado_con": 2, "entidad_co": 1, "enlace_con": "https:\/\/community.secop.gov.co\/Public\/Tendering\/OpportunityDetail\/Index?noticeUID=CO1.NTC.2093229&isFromPublicArea=True&isModal=False", "id_element": 56983, "tipo_eleme": 2, "funcion_el": 4, "area_eleme": 119.84909838, "SHAPE_Leng": 0.0014717916934800001, "Shape_Area": 9.7614079817699996e-09 }, "geometry": { "type": "Polygon", "coordinates": [ [ [ -74.117442527550566, 4.746113883349096 ], [ -74.117456039864294, 4.746113595566044 ], [ -74.117471216823162, 4.746834948973742 ], [ -74.117457742280919, 4.746836875321605 ], [ -74.117442527550566, 4.746113883349096 ] ] ] } },
{ "type": "Feature", "properties": { "OBJECTID_1": 154, "id_interve": "11003000", "nomenclatu": "KR 145A ENTRE CL 138A Y CL 136", "tipo_inter": 1, "loccodigo": "11", "barrio_leg": "SAN PEDRO DE TIBABUYES", "numero_con": 599, "año_contr": 2021, "numero_c_1": 593, "año_con_1": 2021, "tipo_contr": 1, "estado_con": 2, "entidad_co": 1, "enlace_con": "https:\/\/community.secop.gov.co\/Public\/Tendering\/OpportunityDetail\/Index?noticeUID=CO1.NTC.2093229&isFromPublicArea=True&isModal=False", "id_element": 56982, "tipo_eleme": 2, "funcion_el": 4, "area_eleme": 118.589019569, "SHAPE_Leng": 0.0014565026233199999, "Shape_Area": 9.6588285359100004e-09 }, "geometry": { "type": "Polygon", "coordinates": [ [ [ -74.117499132678802, 4.746111930920904 ], [ -74.11751264409321, 4.746111663822262 ], [ -74.117527116882911, 4.746825621205517 ], [ -74.117513688206088, 4.746827150952299 ], [ -74.117513607267142, 4.746825955753309 ], [ -74.117499132678802, 4.746111930920904 ] ] ] } },
{ "type": "Feature", "properties": { "OBJECTID_1": 155, "id_interve": "11003155", "nomenclatu": "KR 144 ENTRE CL 135 Y CL 137", "tipo_inter": 1, "loccodigo": "11", "barrio_leg": "SAN PEDRO DE TIBABUYES", "numero_con": 599, "año_contr": 2021, "numero_c_1": 593, "año_con_1": 2021, "tipo_contr": 1, "estado_con": 2, "entidad_co": 1, "enlace_con": "https:\/\/community.secop.gov.co\/Public\/Tendering\/OpportunityDetail\/Index?noticeUID=CO1.NTC.2093229&isFromPublicArea=True&isModal=False", "id_element": 56964, "tipo_eleme": 2, "funcion_el": 4, "area_eleme": 71.999870285300005, "SHAPE_Leng": 0.00089481565402399997, "Shape_Area": 5.8641267149900003e-09 }, "geometry": { "type": "Polygon", "coordinates": [ [ [ -74.116887758263374, 4.745692208328819 ], [ -74.11690126967784, 4.745691953820653 ], [ -74.116909387857902, 4.746125769688547 ], [ -74.116895873745534, 4.746126025096032 ], [ -74.116887758263374, 4.745692208328819 ] ] ] } },
{ "type": "Feature", "properties": { "OBJECTID_1": 156, "id_interve": "11003155", "nomenclatu": "KR 144 ENTRE CL 135 Y CL 137", "tipo_inter": 1, "loccodigo": "11", "barrio_leg": "SAN PEDRO DE TIBABUYES", "numero_con": 599, "año_contr": 2021, "numero_c_1": 593, "año_con_1": 2021, "tipo_contr": 1, "estado_con": 2, "entidad_co": 1, "enlace_con": "https:\/\/community.secop.gov.co\/Public\/Tendering\/OpportunityDetail\/Index?noticeUID=CO1.NTC.2093229&isFromPublicArea=True&isModal=False", "id_element": 56965, "tipo_eleme": 2, "funcion_el": 4, "area_eleme": 71.1184772071, "SHAPE_Leng": 0.00088415028861300003, "Shape_Area": 5.7922567571100002e-09 }, "geometry": { "type": "Polygon", "coordinates": [ [ [ -74.11684624825574, 4.746120551822059 ], [ -74.116846223973994, 4.746117681186092 ], [ -74.116839360348138, 4.745693057288804 ], [ -74.116852873561243, 4.745692804579335 ], [ -74.116859739885058, 4.746117570569481 ], [ -74.116859763267428, 4.746120497862762 ], [ -74.116859649053538, 4.746122312694638 ], [ -74.11684624825574, 4.746120551822059 ] ] ] } },
{ "type": "Feature", "properties": { "OBJECTID_1": 157, "id_interve": "11003347", "nomenclatu": "KR 143A CON CL 134", "tipo_inter": 1, "loccodigo": "11", "barrio_leg": "SAN PEDRO DE TIBABUYES", "numero_con": 599, "año_contr": 2021, "numero_c_1": 593, "año_con_1": 2021, "tipo_contr": 1, "estado_con": 2, "entidad_co": 1, "enlace_con": "https:\/\/community.secop.gov.co\/Public\/Tendering\/OpportunityDetail\/Index?noticeUID=CO1.NTC.2093229&isFromPublicArea=True&isModal=False", "id_element": 92052153, "tipo_eleme": 2, "funcion_el": 4, "area_eleme": 19.774723475799998, "SHAPE_Leng": 0.00026535507052799999, "Shape_Area": 1.6106030357e-09 }, "geometry": { "type": "Polygon", "coordinates": [ [ [ -74.116549272331042, 4.745201951009278 ], [ -74.116549356867267, 4.745200575046567 ], [ -74.11656278734273, 4.745201914137056 ], [ -74.116563451941715, 4.74532032697158 ], [ -74.116549938728667, 4.745320499641366 ], [ -74.116549936930028, 4.745320404313247 ], [ -74.116549272331042, 4.745201951009278 ] ] ] } },
{ "type": "Feature", "properties": { "OBJECTID_1": 158, "id_interve": "11003347", "nomenclatu": "KR 143A CON CL 134", "tipo_inter": 1, "loccodigo": "11", "barrio_leg": "SAN PEDRO DE TIBABUYES", "numero_con": 599, "año_contr": 2021, "numero_c_1": 593, "año_con_1": 2021, "tipo_contr": 1, "estado_con": 2, "entidad_co": 1, "enlace_con": "https:\/\/community.secop.gov.co\/Public\/Tendering\/OpportunityDetail\/Index?noticeUID=CO1.NTC.2093229&isFromPublicArea=True&isModal=False", "id_element": 92052152, "tipo_eleme": 2, "funcion_el": 4, "area_eleme": 21.354893071399999, "SHAPE_Leng": 0.00026998966349000002, "Shape_Area": 1.7393049743399999e-09 }, "geometry": { "type": "Polygon", "coordinates": [ [ [ -74.116519830325842, 4.745316134332199 ], [ -74.116509445854206, 4.745196596445794 ], [ -74.116525059883543, 4.745198152272962 ], [ -74.116533346236906, 4.745316216170465 ], [ -74.116533237418935, 4.745317853835957 ], [ -74.116533083634863, 4.74531866142712 ], [ -74.116519830325842, 4.745316134332199 ] ] ] } },
{ "type": "Feature", "properties": { "OBJECTID_1": 159, "id_interve": "11003380", "nomenclatu": "KR 153 ENTRE CL 138 Y CL 138A", "tipo_inter": 1, "loccodigo": "11", "barrio_leg": "SANTA RITA", "numero_con": 599, "año_contr": 2021, "numero_c_1": 593, "año_con_1": 2021, "tipo_contr": 1, "estado_con": 2, "entidad_co": 1, "enlace_con": "https:\/\/community.secop.gov.co\/Public\/Tendering\/OpportunityDetail\/Index?noticeUID=CO1.NTC.2093229&isFromPublicArea=True&isModal=False", "id_element": 58264, "tipo_eleme": 2, "funcion_el": 4, "area_eleme": 51.119380979299997, "SHAPE_Leng": 0.00049807676362799999, "Shape_Area": 4.16348344055e-09 }, "geometry": { "type": "Polygon", "coordinates": [ [ [ -74.124716524847713, 4.745341506905049 ], [ -74.124645151952166, 4.745136776241281 ], [ -74.124662161729361, 4.745130807440887 ], [ -74.124733534624909, 4.745335536306015 ], [ -74.124734153358474, 4.745337760329448 ], [ -74.124734486107627, 4.745340043708097 ], [ -74.124734497798784, 4.745342812720651 ], [ -74.124734086808644, 4.745345553854293 ], [ -74.124733265727571, 4.745348198760439 ], [ -74.12473204894485, 4.745350687184498 ], [ -74.124730470634688, 4.74535295887199 ], [ -74.124728562273276, 4.745354961662201 ], [ -74.124726373323426, 4.745356648790334 ], [ -74.124723951449141, 4.745357980686322 ], [ -74.124722589875603, 4.745358531970737 ], [ -74.124722472963697, 4.745358572440239 ], [ -74.124716524847713, 4.745341506905049 ] ] ] } },
{ "type": "Feature", "properties": { "OBJECTID_1": 160, "id_interve": "11003380", "nomenclatu": "KR 153 ENTRE CL 138 Y CL 138A", "tipo_inter": 1, "loccodigo": "11", "barrio_leg": "SANTA RITA", "numero_con": 599, "año_contr": 2021, "numero_c_1": 593, "año_con_1": 2021, "tipo_contr": 1, "estado_con": 2, "entidad_co": 1, "enlace_con": "https:\/\/community.secop.gov.co\/Public\/Tendering\/OpportunityDetail\/Index?noticeUID=CO1.NTC.2093229&isFromPublicArea=True&isModal=False", "id_element": 58263, "tipo_eleme": 2, "funcion_el": 4, "area_eleme": 51.1231371035, "SHAPE_Leng": 0.00049812280910199996, "Shape_Area": 4.1638519918499996e-09 }, "geometry": { "type": "Polygon", "coordinates": [ [ [ -74.124767307765012, 4.74534120743084 ], [ -74.124765535201277, 4.745341032962358 ], [ -74.124764334606311, 4.745340789246086 ], [ -74.124762644780219, 4.745340317101977 ], [ -74.124761490050673, 4.745339890823345 ], [ -74.12475989285474, 4.745339126399585 ], [ -74.124758844245207, 4.745338543638923 ], [ -74.124757321692982, 4.745337454559944 ], [ -74.124756458343825, 4.745336782766344 ], [ -74.12475495917397, 4.745335256616841 ], [ -74.124754343138363, 4.745334599212413 ], [ -74.124752666802067, 4.745332144063241 ], [ -74.124752627231942, 4.745332073016812 ], [ -74.124751360986465, 4.745329291413725 ], [ -74.124751325912939, 4.745329190689631 ], [ -74.124679747971925, 4.745124474415036 ], [ -74.124696750554563, 4.745118486728813 ], [ -74.124768331193479, 4.745323210198023 ], [ -74.124774294597955, 4.745340271236557 ], [ -74.124771432955242, 4.74534100508339 ], [ -74.124770452694179, 4.745341111203345 ], [ -74.124768492172109, 4.745341261390138 ], [ -74.124767307765012, 4.74534120743084 ] ] ] } },
{ "type": "Feature", "properties": { "OBJECTID_1": 161, "id_interve": "11003380", "nomenclatu": "KR 153 ENTRE CL 138 Y CL 138A", "tipo_inter": 1, "loccodigo": "11", "barrio_leg": "SANTA RITA", "numero_con": 599, "año_contr": 2021, "numero_c_1": 593, "año_con_1": 2021, "tipo_contr": 1, "estado_con": 2, "entidad_co": 1, "enlace_con": "https:\/\/community.secop.gov.co\/Public\/Tendering\/OpportunityDetail\/Index?noticeUID=CO1.NTC.2093229&isFromPublicArea=True&isModal=False", "id_element": 175353, "tipo_eleme": 1, "funcion_el": 1, "area_eleme": 60.1940705576, "SHAPE_Leng": 0.00058832793719399996, "Shape_Area": 4.9027249167799999e-09 }, "geometry": { "type": "Polygon", "coordinates": [ [ [ -74.124758280370315, 4.745345904589897 ], [ -74.124738855913449, 4.745352737638768 ], [ -74.124734486107627, 4.745340043708097 ], [ -74.124734153358474, 4.745337760329448 ], [ -74.124733534624909, 4.745335536306015 ], [ -74.124662161729361, 4.745130807440887 ], [ -74.124662125756458, 4.745130702220195 ], [ -74.124660980020167, 4.745128132857076 ], [ -74.124659450273384, 4.745125772136703 ], [ -74.124657574287596, 4.745123680313668 ], [ -74.124655397028903, 4.745121903253278 ], [ -74.124652974255298, 4.745120488619705 ], [ -74.124650359026816, 4.745119466989877 ], [ -74.124647617893231, 4.745118867142025 ], [ -74.124644815605734, 4.745118699868158 ], [ -74.124642024110074, 4.745118972362718 ], [ -74.124666501857519, 4.745110388333785 ], [ -74.124687292384579, 4.745103098429297 ], [ -74.124684840832685, 4.745104917757772 ], [ -74.124682731023199, 4.745107128291409 ], [ -74.124681023210599, 4.745109664379584 ], [ -74.124679763260417, 4.745112452277908 ], [ -74.124678991642099, 4.745115412846076 ], [ -74.124678729939376, 4.745118463346444 ], [ -74.124678984447542, 4.745121511148852 ], [ -74.124679747971925, 4.745124474415036 ], [ -74.124751325912939, 4.745329190689631 ], [ -74.124751360986465, 4.745329291413725 ], [ -74.124752627231942, 4.745332073016812 ], [ -74.124752666802067, 4.745332144063241 ], [ -74.124754343138363, 4.745334599212413 ], [ -74.124758280370315, 4.745345904589897 ] ] ] } },
{ "type": "Feature", "properties": { "OBJECTID_1": 162, "id_interve": "11007773", "nomenclatu": "KR 102 A BIS ENTRE CL 126 D Y CL 127", "tipo_inter": 1, "loccodigo": "11", "barrio_leg": "NUEVO CORINTO(ANTES LETH WALESA)", "numero_con": 599, "año_contr": 2021, "numero_c_1": 593, "año_con_1": 2021, "tipo_contr": 1, "estado_con": 2, "entidad_co": 1, "enlace_con": "https:\/\/community.secop.gov.co\/Public\/Tendering\/OpportunityDetail\/Index?noticeUID=CO1.NTC.2093229&isFromPublicArea=True&isModal=False", "id_element": 53340, "tipo_eleme": 2, "funcion_el": 4, "area_eleme": 13.293195227, "SHAPE_Leng": 0.00039657312931799999, "Shape_Area": 1.0826328273399999e-09 }, "geometry": { "type": "Polygon", "coordinates": [ [ [ -74.100815525216262, 4.727569376225802 ], [ -74.100937960718284, 4.727443788599999 ], [ -74.10095007818353, 4.72743136086865 ], [ -74.100953501902552, 4.727435093954455 ], [ -74.100827464615747, 4.727565888654908 ], [ -74.10082005869873, 4.727573763118698 ], [ -74.100815525216262, 4.727569376225802 ] ] ] } },
{ "type": "Feature", "properties": { "OBJECTID_1": 163, "id_interve": "19007725", "nomenclatu": "CL 62 SUR ENTRE TV 18J BIS Y KR 18K BIS", "tipo_inter": 1, "loccodigo": "19", "barrio_leg": "CIUDAD MILAGRO", "numero_con": 877, "año_contr": 2021, "numero_c_1": 891, "año_con_1": 2021, "tipo_contr": 1, "estado_con": 1, "entidad_co": 1, "enlace_con": "https:\/\/community.secop.gov.co\/Public\/Tendering\/OpportunityDetail\/Index?noticeUID=CO1.NTC.2222959&isFromPublicArea=True&isModal=False", "id_element": 92065603, "tipo_eleme": 2, "funcion_el": 4, "area_eleme": 31.1431800521, "SHAPE_Leng": 0.00040490414535499999, "Shape_Area": 2.5358622379800001e-09 }, "geometry": { "type": "Polygon", "coordinates": [ [ [ -74.139640464835566, 4.555716842758159 ], [ -74.139566358900311, 4.555564352812667 ], [ -74.139577854934032, 4.555558863350939 ], [ -74.139661677144659, 4.555728254255598 ], [ -74.139649003898398, 4.555734412812967 ], [ -74.139640464835566, 4.555716842758159 ] ] ] } },
{ "type": "Feature", "properties": { "OBJECTID_1": 164, "id_interve": "19007725", "nomenclatu": "CL 62 SUR ENTRE TV 18J BIS Y KR 18K BIS", "tipo_inter": 1, "loccodigo": "19", "barrio_leg": "CIUDAD MILAGRO", "numero_con": 877, "año_contr": 2021, "numero_c_1": 891, "año_con_1": 2021, "tipo_contr": 1, "estado_con": 1, "entidad_co": 1, "enlace_con": "https:\/\/community.secop.gov.co\/Public\/Tendering\/OpportunityDetail\/Index?noticeUID=CO1.NTC.2222959&isFromPublicArea=True&isModal=False", "id_element": 92065604, "tipo_eleme": 2, "funcion_el": 4, "area_eleme": 26.125783194499999, "SHAPE_Leng": 0.00039996503461799999, "Shape_Area": 2.1272601202500001e-09 }, "geometry": { "type": "Polygon", "coordinates": [ [ [ -74.13961811038746, 4.555539642140843 ], [ -74.139628395933698, 4.555534730043803 ], [ -74.139714992552797, 4.555702343888129 ], [ -74.139704957917445, 4.555707220911586 ], [ -74.13961811038746, 4.555539642140843 ] ] ] } },
{ "type": "Feature", "properties": { "OBJECTID_1": 165, "id_interve": "19007725", "nomenclatu": "CL 62 SUR ENTRE TV 18J BIS Y KR 18K BIS", "tipo_inter": 1, "loccodigo": "19", "barrio_leg": "CIUDAD MILAGRO", "numero_con": 877, "año_contr": 2021, "numero_c_1": 891, "año_con_1": 2021, "tipo_contr": 1, "estado_con": 1, "entidad_co": 1, "enlace_con": "https:\/\/community.secop.gov.co\/Public\/Tendering\/OpportunityDetail\/Index?noticeUID=CO1.NTC.2222959&isFromPublicArea=True&isModal=False", "id_element": 816846, "tipo_eleme": 3, "funcion_el": 2, "area_eleme": 107.518234667, "SHAPE_Leng": 0.00047047195793199997, "Shape_Area": 8.7548523348999996e-09 }, "geometry": { "type": "Polygon", "coordinates": [ [ [ -74.139577854934032, 4.555558863350939 ], [ -74.13961811038746, 4.555539642140843 ], [ -74.139704957917445, 4.555707220911586 ], [ -74.139661677144659, 4.555728254255598 ], [ -74.139577854934032, 4.555558863350939 ] ] ] } },
{ "type": "Feature", "properties": { "OBJECTID_1": 166, "id_interve": "19010153", "nomenclatu": "KR 27 A BIS ENTRE CL 73 C BIS SUR Y CL 73 SUR", "tipo_inter": 1, "loccodigo": "19", "barrio_leg": "BELLA FLOR", "numero_con": 877, "año_contr": 2021, "numero_c_1": 891, "año_con_1": 2021, "tipo_contr": 1, "estado_con": 1, "entidad_co": 1, "enlace_con": "https:\/\/community.secop.gov.co\/Public\/Tendering\/OpportunityDetail\/Index?noticeUID=CO1.NTC.2222959&isFromPublicArea=True&isModal=False", "id_element": 460260, "tipo_eleme": 3, "funcion_el": 2, "area_eleme": 362.08540798600001, "SHAPE_Leng": 0.0011624280279700001, "Shape_Area": 2.9482856205899999e-08 }, "geometry": { "type": "Polygon", "coordinates": [ [ [ -74.160951149875643, 4.545783664384658 ], [ -74.160908698277751, 4.545748327323508 ], [ -74.160913560912093, 4.545749579179756 ], [ -74.160918557545358, 4.545750082800112 ], [ -74.160923572165075, 4.545749825594044 ], [ -74.160928490557353, 4.545748813856733 ], [ -74.160933200306886, 4.545747070970606 ], [ -74.16093675262897, 4.545745170703128 ], [ -74.160940051342266, 4.545742854948855 ], [ -74.161001026276324, 4.545649622232304 ], [ -74.161060443584574, 4.545558769121953 ], [ -74.161064329555131, 4.545552911837433 ], [ -74.16106836930976, 4.545546820729214 ], [ -74.161177222350886, 4.54538273672398 ], [ -74.161181077744516, 4.545374832582525 ], [ -74.161183792797772, 4.545366467088854 ], [ -74.161185314450677, 4.545357804818877 ], [ -74.161185611226927, 4.545349014845215 ], [ -74.161184575207926, 4.545339672687817 ], [ -74.161188162603594, 4.545345173840758 ], [ -74.161194247416574, 4.545354500709664 ], [ -74.161233590957409, 4.545414811044736 ], [ -74.161231390316345, 4.545414845219 ], [ -74.161229224748865, 4.545415238222688 ], [ -74.161227152710865, 4.545415979264078 ], [ -74.161225229061017, 4.545417047658646 ], [ -74.161223505060661, 4.545418415527479 ], [ -74.161222028373857, 4.545420046897675 ], [ -74.161219530956544, 4.545423797969931 ], [ -74.16112781179902, 4.545561484175209 ], [ -74.161112151004943, 4.545584993352804 ], [ -74.161107633710287, 4.545591774241018 ], [ -74.161037822937146, 4.5457103786311 ], [ -74.160996043132855, 4.545781361220918 ], [ -74.160995999066074, 4.545781435864626 ], [ -74.160980369748245, 4.545807987448711 ], [ -74.160951149875643, 4.545783664384658 ] ] ] } },
{ "type": "Feature", "properties": { "OBJECTID_1": 167, "id_interve": "19011139", "nomenclatu": "KR 18R ENTRE CL 76 S Y CL 76A S", "tipo_inter": 1, "loccodigo": "19", "barrio_leg": "NACIONES UNIDAS SECTOR CHAPARRO", "numero_con": 877, "año_contr": 2021, "numero_c_1": 891, "año_con_1": 2021, "tipo_contr": 1, "estado_con": 1, "entidad_co": 1, "enlace_con": "https:\/\/community.secop.gov.co\/Public\/Tendering\/OpportunityDetail\/Index?noticeUID=CO1.NTC.2222959&isFromPublicArea=True&isModal=False", "id_element": 462151, "tipo_eleme": 2, "funcion_el": 4, "area_eleme": 97.773667058800001, "SHAPE_Leng": 0.00095426268989699998, "Shape_Area": 7.9613726976000006e-09 }, "geometry": { "type": "Polygon", "coordinates": [ [ [ -74.151546770167272, 4.541396666223193 ], [ -74.151545629826899, 4.541394044699473 ], [ -74.151442351683158, 4.541053214234523 ], [ -74.151418724694338, 4.540983720922043 ], [ -74.151418347878405, 4.540979724334875 ], [ -74.151418632963498, 4.540975720553092 ], [ -74.151419570057101, 4.540971817495404 ], [ -74.151421136676106, 4.540968121281821 ], [ -74.151423287854414, 4.540964731737006 ], [ -74.151425966934767, 4.54096174239055 ], [ -74.151429100172777, 4.540959233282024 ], [ -74.151432603032163, 4.540957271860634 ], [ -74.151437691396325, 4.540972235680158 ], [ -74.151558305771175, 4.541383156607424 ], [ -74.151560763618306, 4.541391532892987 ], [ -74.15156501381432, 4.541406013776566 ], [ -74.151563146821729, 4.541406242204346 ], [ -74.151560308561329, 4.541406090218914 ], [ -74.151557532354218, 4.541405490371119 ], [ -74.151554873058899, 4.541404458848717 ], [ -74.151552409815849, 4.541403019933455 ], [ -74.151550201980172, 4.541401211396817 ], [ -74.151548307108669, 4.541399074607682 ], [ -74.151546770167272, 4.541396666223193 ] ] ] } },
{ "type": "Feature", "properties": { "OBJECTID_1": 168, "id_interve": "19011139", "nomenclatu": "KR 18R ENTRE CL 76 S Y CL 76A S", "tipo_inter": 1, "loccodigo": "19", "barrio_leg": "NACIONES UNIDAS SECTOR CHAPARRO", "numero_con": 877, "año_contr": 2021, "numero_c_1": 891, "año_con_1": 2021, "tipo_contr": 1, "estado_con": 1, "entidad_co": 1, "enlace_con": "https:\/\/community.secop.gov.co\/Public\/Tendering\/OpportunityDetail\/Index?noticeUID=CO1.NTC.2222959&isFromPublicArea=True&isModal=False", "id_element": 462149, "tipo_eleme": 2, "funcion_el": 4, "area_eleme": 86.029246920099993, "SHAPE_Leng": 0.00103346065952, "Shape_Area": 7.0048749956599996e-09 }, "geometry": { "type": "Polygon", "coordinates": [ [ [ -74.15135053360018, 4.540994206117773 ], [ -74.151345124178079, 4.54097554428597 ], [ -74.151345874212666, 4.54097547863546 ], [ -74.151347516374756, 4.540975418380924 ], [ -74.151348664809007, 4.540975483132115 ], [ -74.151350274595472, 4.540975683680927 ], [ -74.151351390654099, 4.540975911209387 ], [ -74.151352960870383, 4.540976369863643 ], [ -74.15135402296977, 4.540976750276855 ], [ -74.151355449294499, 4.540977431962972 ], [ -74.151356556359929, 4.540978023716889 ], [ -74.151357851383693, 4.540978923038892 ], [ -74.151358852329111, 4.540979674872119 ], [ -74.151360011555255, 4.540980792729442 ], [ -74.151360856917961, 4.54098165517928 ], [ -74.151361889339682, 4.540983032041368 ], [ -74.151362529656978, 4.540983924168813 ], [ -74.151363413690547, 4.540985608598987 ], [ -74.151363810291571, 4.540986367626829 ], [ -74.151363865150245, 4.540986507021728 ], [ -74.15136473479464, 4.540989115954972 ], [ -74.151507858300988, 4.541455575414545 ], [ -74.151495683279109, 4.54145940113051 ], [ -74.15135203906533, 4.540999027383236 ], [ -74.15135053360018, 4.540994206117773 ] ] ] } },
{ "type": "Feature", "properties": { "OBJECTID_1": 169, "id_interve": "30001460", "nomenclatu": "CL 68BIS S ENTRE  KR 77A Y DG 67A S", "tipo_inter": 1, "loccodigo": "19", "barrio_leg": "ESPINO I SECTOR", "numero_con": 877, "año_contr": 2021, "numero_c_1": 891, "año_con_1": 2021, "tipo_contr": 1, "estado_con": 1, "entidad_co": 1, "enlace_con": "https:\/\/community.secop.gov.co\/Public\/Tendering\/OpportunityDetail\/Index?noticeUID=CO1.NTC.2222959&isFromPublicArea=True&isModal=False", "id_element": 2502557, "tipo_eleme": 2, "funcion_el": 4, "area_eleme": 87.786586063900003, "SHAPE_Leng": 0.00098773606186999992, "Shape_Area": 7.1484402554700001e-09 }, "geometry": { "type": "Polygon", "coordinates": [ [ [ -74.178649472295263, 4.579954542268354 ], [ -74.178784843645587, 4.579914214869177 ], [ -74.179089925159872, 4.579860555919993 ], [ -74.179092527797877, 4.57987594062223 ], [ -74.179083690160155, 4.579877494650702 ], [ -74.178797244397288, 4.579927877369698 ], [ -74.178780471141806, 4.579930827146029 ], [ -74.178620614849478, 4.579978447147653 ], [ -74.178649472295263, 4.579954542268354 ] ] ] } },
{ "type": "Feature", "properties": { "OBJECTID_1": 170, "id_interve": "30001460", "nomenclatu": "CL 68BIS S ENTRE  KR 77A Y DG 67A S", "tipo_inter": 1, "loccodigo": "19", "barrio_leg": "ESPINO I SECTOR", "numero_con": 877, "año_contr": 2021, "numero_c_1": 891, "año_con_1": 2021, "tipo_contr": 1, "estado_con": 1, "entidad_co": 1, "enlace_con": "https:\/\/community.secop.gov.co\/Public\/Tendering\/OpportunityDetail\/Index?noticeUID=CO1.NTC.2222959&isFromPublicArea=True&isModal=False", "id_element": 92071055, "tipo_eleme": 2, "funcion_el": 4, "area_eleme": 69.724104007199998, "SHAPE_Leng": 0.00071815732546199999, "Shape_Area": 5.6775722074299999e-09 }, "geometry": { "type": "Polygon", "coordinates": [ [ [ -74.178751348395963, 4.57986748519636 ], [ -74.178783250046934, 4.579841056819362 ], [ -74.178787981380196, 4.57986090665554 ], [ -74.179080561418743, 4.579805214339217 ], [ -74.179083243197056, 4.579821065789588 ], [ -74.178774671413919, 4.579879803210417 ], [ -74.178771147870123, 4.579880082000216 ], [ -74.178767626125023, 4.579879790619884 ], [ -74.178764197010025, 4.579878938062564 ], [ -74.178760949558125, 4.579877544113401 ], [ -74.178757968305547, 4.579875647443203 ], [ -74.178755329694695, 4.579873296615403 ], [ -74.178753103872623, 4.579870551884483 ], [ -74.178751348395963, 4.57986748519636 ] ] ] } },
{ "type": "Feature", "properties": { "OBJECTID_1": 171, "id_interve": "30001460", "nomenclatu": "CL 68BIS S ENTRE  KR 77A Y DG 67A S", "tipo_inter": 1, "loccodigo": "19", "barrio_leg": "ESPINO I SECTOR", "numero_con": 877, "año_contr": 2021, "numero_c_1": 891, "año_con_1": 2021, "tipo_contr": 1, "estado_con": 1, "entidad_co": 1, "enlace_con": "https:\/\/community.secop.gov.co\/Public\/Tendering\/OpportunityDetail\/Index?noticeUID=CO1.NTC.2222959&isFromPublicArea=True&isModal=False", "id_element": 2502558, "tipo_eleme": 1, "funcion_el": 1, "area_eleme": 236.26043499100001, "SHAPE_Leng": 0.0012133042150699999, "Shape_Area": 1.9238405198199999e-08 }, "geometry": { "type": "Polygon", "coordinates": [ [ [ -74.178679357666169, 4.579905610155834 ], [ -74.178756560866532, 4.579841653069877 ], [ -74.178754134495648, 4.579844211641102 ], [ -74.17875214609461, 4.579847123645891 ], [ -74.178750646924755, 4.579850315339854 ], [ -74.178749675656945, 4.579853705783933 ], [ -74.178749256572871, 4.579857206844679 ], [ -74.178749400464426, 4.579860730388418 ], [ -74.178750103734274, 4.579864185583745 ], [ -74.178751348395963, 4.57986748519636 ], [ -74.178753103872623, 4.579870551884483 ], [ -74.178755329694695, 4.579873296615403 ], [ -74.178757968305547, 4.579875647443203 ], [ -74.178760949558125, 4.579877544113401 ], [ -74.178764197010025, 4.579878938062564 ], [ -74.178767626125023, 4.579879790619884 ], [ -74.178771147870123, 4.579880082000216 ], [ -74.178774671413919, 4.579879803210417 ], [ -74.179083243197056, 4.579821065789588 ], [ -74.179085199222527, 4.579819219481465 ], [ -74.179086809008993, 4.579817063806502 ], [ -74.179088023993074, 4.579814662616627 ], [ -74.179088808201925, 4.579812089656286 ], [ -74.179089137353742, 4.579809418669811 ], [ -74.179089001556122, 4.579806732394843 ], [ -74.179091203096505, 4.579819741088215 ], [ -74.179094541379925, 4.579839471314585 ], [ -74.179097871569468, 4.579859158373495 ], [ -74.179099701689836, 4.579869966425861 ], [ -74.179099111734558, 4.579867996011274 ], [ -74.179098194426103, 4.579866154199692 ], [ -74.179096976744063, 4.579864496749167 ], [ -74.179095494661283, 4.579863070424381 ], [ -74.179093791345338, 4.579861916594211 ], [ -74.179091916258869, 4.579861070332186 ], [ -74.179089925159872, 4.579860555919993 ], [ -74.178784843645587, 4.579914214869177 ], [ -74.178649472295263, 4.579954542268354 ], [ -74.178630016362149, 4.579960336600323 ], [ -74.178606077308586, 4.579970891043843 ], [ -74.178583866752035, 4.579984716321633 ], [ -74.178603906345188, 4.579968114836674 ], [ -74.178679357666169, 4.579905610155834 ] ] ] } },
{ "type": "Feature", "properties": { "OBJECTID_1": 172, "id_interve": "30001833", "nomenclatu": "KR 77B ENTRE CL 66B S Y CL 66A S", "tipo_inter": 1, "loccodigo": "19", "barrio_leg": "ESPINO I SECTOR", "numero_con": 877, "año_contr": 2021, "numero_c_1": 891, "año_con_1": 2021, "tipo_contr": 1, "estado_con": 1, "entidad_co": 1, "enlace_con": "https:\/\/community.secop.gov.co\/Public\/Tendering\/OpportunityDetail\/Index?noticeUID=CO1.NTC.2222959&isFromPublicArea=True&isModal=False", "id_element": 92071049, "tipo_eleme": 2, "funcion_el": 4, "area_eleme": 20.875350774400001, "SHAPE_Leng": 0.00045372977657300002, "Shape_Area": 1.6998283761300001e-09 }, "geometry": { "type": "Polygon", "coordinates": [ [ [ -74.179532995051659, 4.580975358226226 ], [ -74.179540652778883, 4.580974065001158 ], [ -74.179566778983599, 4.581191609205462 ], [ -74.179559116759776, 4.581192884444135 ], [ -74.17955840809401, 4.581186980394875 ], [ -74.179532995051659, 4.580975358226226 ] ] ] } },
{ "type": "Feature", "properties": { "OBJECTID_1": 173, "id_interve": "30001833", "nomenclatu": "KR 77B ENTRE CL 66B S Y CL 66A S", "tipo_inter": 1, "loccodigo": "19", "barrio_leg": "ESPINO I SECTOR", "numero_con": 877, "año_contr": 2021, "numero_c_1": 891, "año_con_1": 2021, "tipo_contr": 1, "estado_con": 1, "entidad_co": 1, "enlace_con": "https:\/\/community.secop.gov.co\/Public\/Tendering\/OpportunityDetail\/Index?noticeUID=CO1.NTC.2222959&isFromPublicArea=True&isModal=False", "id_element": 92071050, "tipo_eleme": 2, "funcion_el": 4, "area_eleme": 23.9074248304, "SHAPE_Leng": 0.00048866209306299997, "Shape_Area": 1.9468431534200002e-09 }, "geometry": { "type": "Polygon", "coordinates": [ [ [ -74.179597192256551, 4.581184831914527 ], [ -74.179597179666075, 4.581184734787712 ], [ -74.17957083402672, 4.580965350570523 ], [ -74.179570843919294, 4.580963497967105 ], [ -74.179571151487437, 4.580961669645376 ], [ -74.179571747737953, 4.580959915068092 ], [ -74.179572619180988, 4.580958279201298 ], [ -74.179573741534909, 4.580956804313132 ], [ -74.179575086920693, 4.580955529973778 ], [ -74.179576619365434, 4.58095448676022 ], [ -74.17957829929901, 4.580953704350009 ], [ -74.179579889300385, 4.580967445091574 ], [ -74.179580560194665, 4.580973250215379 ], [ -74.179605079310932, 4.581185233911469 ], [ -74.179605895895349, 4.581192296287497 ], [ -74.179604501946187, 4.581192222543109 ], [ -74.179603138573952, 4.581191923068843 ], [ -74.179601842650868, 4.581191404159995 ], [ -74.179600648351197, 4.581190680205793 ], [ -74.179599588949827, 4.581189771890536 ], [ -74.179598691426406, 4.581188701697272 ], [ -74.17959798186132, 4.581187500203043 ], [ -74.179597477341645, 4.581186198884041 ], [ -74.179597192256551, 4.581184831914527 ] ] ] } },
{ "type": "Feature", "properties": { "OBJECTID_1": 174, "id_interve": "30001833", "nomenclatu": "KR 77B ENTRE CL 66B S Y CL 66A S", "tipo_inter": 1, "loccodigo": "19", "barrio_leg": "ESPINO I SECTOR", "numero_con": 877, "año_contr": 2021, "numero_c_1": 891, "año_con_1": 2021, "tipo_contr": 1, "estado_con": 1, "entidad_co": 1, "enlace_con": "https:\/\/community.secop.gov.co\/Public\/Tendering\/OpportunityDetail\/Index?noticeUID=CO1.NTC.2222959&isFromPublicArea=True&isModal=False", "id_element": 30, "tipo_eleme": 1, "funcion_el": 2, "area_eleme": 83.796674216200003, "SHAPE_Leng": 0.00050273793632399995, "Shape_Area": 6.8235053379400002e-09 }, "geometry": { "type": "Polygon", "coordinates": [ [ [ -74.17957083402672, 4.580965350570523 ], [ -74.179597179666075, 4.581184734787712 ], [ -74.179597192256551, 4.581184831914527 ], [ -74.179566778983599, 4.581191609205462 ], [ -74.179540652778883, 4.580974065001158 ], [ -74.17957083402672, 4.580965350570523 ] ] ] } },
{ "type": "Feature", "properties": { "OBJECTID_1": 175, "id_interve": "30001458", "nomenclatu": "CL 68 S ENTRE  KR 77A Y KR 76C", "tipo_inter": 1, "loccodigo": "19", "barrio_leg": "ESPINO I SECTOR", "numero_con": 877, "año_contr": 2021, "numero_c_1": 891, "año_con_1": 2021, "tipo_contr": 1, "estado_con": 1, "entidad_co": 1, "enlace_con": "https:\/\/community.secop.gov.co\/Public\/Tendering\/OpportunityDetail\/Index?noticeUID=CO1.NTC.2222959&isFromPublicArea=True&isModal=False", "id_element": 92071048, "tipo_eleme": 2, "funcion_el": 4, "area_eleme": 86.097859821399993, "SHAPE_Leng": 0.00132295440379, "Shape_Area": 7.0109301791799996e-09 }, "geometry": { "type": "Polygon", "coordinates": [ [ [ -74.178487834445946, 4.580202755153095 ], [ -74.179121230560327, 4.580091181662738 ], [ -74.179128724610905, 4.580089862357283 ], [ -74.179130535845502, 4.580100565188957 ], [ -74.178489725720226, 4.580213279919008 ], [ -74.178487834445946, 4.580202755153095 ] ] ] } },
{ "type": "Feature", "properties": { "OBJECTID_1": 176, "id_interve": "30001458", "nomenclatu": "CL 68 S ENTRE  KR 77A Y KR 76C", "tipo_inter": 1, "loccodigo": "19", "barrio_leg": "ESPINO I SECTOR", "numero_con": 877, "año_contr": 2021, "numero_c_1": 891, "año_con_1": 2021, "tipo_contr": 1, "estado_con": 1, "entidad_co": 1, "enlace_con": "https:\/\/community.secop.gov.co\/Public\/Tendering\/OpportunityDetail\/Index?noticeUID=CO1.NTC.2222959&isFromPublicArea=True&isModal=False", "id_element": 92071046, "tipo_eleme": 2, "funcion_el": 4, "area_eleme": 102.549229172, "SHAPE_Leng": 0.0013264709687500001, "Shape_Area": 8.3504190734800005e-09 }, "geometry": { "type": "Polygon", "coordinates": [ [ [ -74.178497878074552, 4.580260275791147 ], [ -74.179138493946311, 4.58014759523536 ], [ -74.179140636131422, 4.580160254092505 ], [ -74.178500127278994, 4.580272916661841 ], [ -74.178497878074552, 4.580260275791147 ] ] ] } },
{ "type": "Feature", "properties": { "OBJECTID_1": 177, "id_interve": "30001458", "nomenclatu": "CL 68 S ENTRE  KR 77A Y KR 76C", "tipo_inter": 1, "loccodigo": "19", "barrio_leg": "ESPINO I SECTOR", "numero_con": 877, "año_contr": 2021, "numero_c_1": 891, "año_con_1": 2021, "tipo_contr": 1, "estado_con": 1, "entidad_co": 1, "enlace_con": "https:\/\/community.secop.gov.co\/Public\/Tendering\/OpportunityDetail\/Index?noticeUID=CO1.NTC.2222959&isFromPublicArea=True&isModal=False", "id_element": 2502556, "tipo_eleme": 1, "funcion_el": 1, "area_eleme": 391.336356, "SHAPE_Leng": 0.0014928912589700001, "Shape_Area": 3.1866157760400002e-08 }, "geometry": { "type": "Polygon", "coordinates": [ [ [ -74.178486633851037, 4.58023859763324 ], [ -74.178482362071293, 4.580214575842035 ], [ -74.178480698325529, 4.580205220194784 ], [ -74.178481249609945, 4.580206953188394 ], [ -74.178482092274692, 4.58020856567282 ], [ -74.178483200239441, 4.580210007286041 ], [ -74.178484541128626, 4.580211236659295 ], [ -74.178486073573424, 4.580212216020982 ], [ -74.17848775260768, 4.58021291659287 ], [ -74.178489526970054, 4.580213315891854 ], [ -74.178489725720226, 4.580213279919008 ], [ -74.179130535845502, 4.580100565188957 ], [ -74.17913227513435, 4.580099165843876 ], [ -74.179133777002164, 4.580097515587909 ], [ -74.179135007274738, 4.580095653991293 ], [ -74.179135936274406, 4.580093624221433 ], [ -74.179136540618799, 4.580091475741085 ], [ -74.179136806818121, 4.58008925981153 ], [ -74.179138483154418, 4.580099166743196 ], [ -74.1791423520379, 4.580122029308257 ], [ -74.179146441255227, 4.580146196789599 ], [ -74.179148583440337, 4.580158855646744 ], [ -74.179148006075593, 4.580156658602959 ], [ -74.179147090565721, 4.580154580269721 ], [ -74.179145859393884, 4.580152671008989 ], [ -74.179144344036217, 4.580150978484937 ], [ -74.179142581364999, 4.580149546764233 ], [ -74.179140614547691, 4.580148409121819 ], [ -74.179138493946311, 4.58014759523536 ], [ -74.178497878074552, 4.580260275791147 ], [ -74.178496261992848, 4.580261551029821 ], [ -74.178494881533538, 4.580263077179325 ], [ -74.178493773568732, 4.580264811971517 ], [ -74.178492969574847, 4.580266706843076 ], [ -74.17849249293414, 4.580268709633287 ], [ -74.17849235533788, 4.580270762785517 ], [ -74.178490714075167, 4.580261536640649 ], [ -74.178486633851037, 4.58023859763324 ] ] ] } },
{ "type": "Feature", "properties": { "OBJECTID_1": 178, "id_interve": "19012587", "nomenclatu": "DG 65 B BIS SUR ENTRE TV 18 P BIS Y TV 18 Q BIS", "tipo_inter": 1, "loccodigo": "19", "barrio_leg": "LAS DELICIAS DEL SUR", "numero_con": 877, "año_contr": 2021, "numero_c_1": 891, "año_con_1": 2021, "tipo_contr": 1, "estado_con": 1, "entidad_co": 1, "enlace_con": "https:\/\/community.secop.gov.co\/Public\/Tendering\/OpportunityDetail\/Index?noticeUID=CO1.NTC.2222959&isFromPublicArea=True&isModal=False", "id_element": 465024, "tipo_eleme": 2, "funcion_el": 4, "area_eleme": 74.750299291499999, "SHAPE_Leng": 0.0009973959246659999, "Shape_Area": 6.0866571899e-09 }, "geometry": { "type": "Polygon", "coordinates": [ [ [ -74.145620508579555, 4.555847685122615 ], [ -74.145625686875917, 4.555839890698451 ], [ -74.145627209428142, 4.555837601923827 ], [ -74.145637103769275, 4.555843402551034 ], [ -74.14572383708537, 4.555894250219524 ], [ -74.146046369943974, 4.556083333579011 ], [ -74.146043896808351, 4.556087474057733 ], [ -74.14603972934998, 4.556094453696119 ], [ -74.145620508579555, 4.555847685122615 ] ] ] } },
{ "type": "Feature", "properties": { "OBJECTID_1": 179, "id_interve": "19012587", "nomenclatu": "DG 65 B BIS SUR ENTRE TV 18 P BIS Y TV 18 Q BIS", "tipo_inter": 1, "loccodigo": "19", "barrio_leg": "LAS DELICIAS DEL SUR", "numero_con": 877, "año_contr": 2021, "numero_c_1": 891, "año_con_1": 2021, "tipo_contr": 1, "estado_con": 1, "entidad_co": 1, "enlace_con": "https:\/\/community.secop.gov.co\/Public\/Tendering\/OpportunityDetail\/Index?noticeUID=CO1.NTC.2222959&isFromPublicArea=True&isModal=False", "id_element": 465026, "tipo_eleme": 2, "funcion_el": 4, "area_eleme": 82.007969019499996, "SHAPE_Leng": 0.00098635117268800008, "Shape_Area": 6.6776293099099997e-09 }, "geometry": { "type": "Polygon", "coordinates": [ [ [ -74.145639756769299, 4.555818717959539 ], [ -74.145647401906047, 4.555807213831883 ], [ -74.146057421712612, 4.556045825554463 ], [ -74.14606245611742, 4.556048754646383 ], [ -74.146056605128194, 4.556058229903442 ], [ -74.146054803786114, 4.556058183138703 ], [ -74.146051802748445, 4.556057591384786 ], [ -74.146050856661645, 4.556057231655984 ], [ -74.146048942904372, 4.556056504104447 ], [ -74.145765088088297, 4.555892192570695 ], [ -74.145653284371519, 4.555826649080643 ], [ -74.145643773141558, 4.555821073283937 ], [ -74.145641391736774, 4.555819680234094 ], [ -74.145640040055753, 4.555818885233407 ], [ -74.145639756769299, 4.555818717959539 ] ] ] } },
{ "type": "Feature", "properties": { "OBJECTID_1": 180, "id_interve": "19012587", "nomenclatu": "DG 65 B BIS SUR ENTRE TV 18 P BIS Y TV 18 Q BIS", "tipo_inter": 1, "loccodigo": "19", "barrio_leg": "LAS DELICIAS DEL SUR", "numero_con": 877, "año_contr": 2021, "numero_c_1": 891, "año_con_1": 2021, "tipo_contr": 1, "estado_con": 1, "entidad_co": 1, "enlace_con": "https:\/\/community.secop.gov.co\/Public\/Tendering\/OpportunityDetail\/Index?noticeUID=CO1.NTC.2222959&isFromPublicArea=True&isModal=False", "id_element": 465025, "tipo_eleme": 3, "funcion_el": 2, "area_eleme": 140.925069433, "SHAPE_Leng": 0.00104789027231, "Shape_Area": 1.1475055124e-08 }, "geometry": { "type": "Polygon", "coordinates": [ [ [ -74.146046369943974, 4.556083333579011 ], [ -74.14572383708537, 4.555894250219524 ], [ -74.145637103769275, 4.555843402551034 ], [ -74.145627209428142, 4.555837601923827 ], [ -74.14563406585944, 4.555827282203381 ], [ -74.145639756769299, 4.555818717959539 ], [ -74.145640040055753, 4.555818885233407 ], [ -74.145641391736774, 4.555819680234094 ], [ -74.145643773141558, 4.555821073283937 ], [ -74.145653284371519, 4.555826649080643 ], [ -74.145765088088297, 4.555892192570695 ], [ -74.146048942904372, 4.556056504104447 ], [ -74.146050856661645, 4.556057231655984 ], [ -74.146051802748445, 4.556057591384786 ], [ -74.146054803786114, 4.556058183138703 ], [ -74.146056605128194, 4.556058229903442 ], [ -74.146057862380417, 4.556058264077649 ], [ -74.146060891297054, 4.556057829705139 ], [ -74.146063804201162, 4.556056894410176 ], [ -74.146066520153738, 4.556055481575243 ], [ -74.146068962712434, 4.5560536343678 ], [ -74.14606973972667, 4.556052758428109 ], [ -74.146070015818509, 4.556052447262687 ], [ -74.14606980717582, 4.556052797998291 ], [ -74.146050218142989, 4.556085589978068 ], [ -74.146046369943974, 4.556083333579011 ] ] ] } },
{ "type": "Feature", "properties": { "OBJECTID_1": 181, "id_interve": "19012584", "nomenclatu": "KR 18P  ENTRE CL 65D BIS SUR Y CL 65D SUR", "tipo_inter": 1, "loccodigo": "19", "barrio_leg": "LAS DELICIAS DEL SUR", "numero_con": 877, "año_contr": 2021, "numero_c_1": 891, "año_con_1": 2021, "tipo_contr": 1, "estado_con": 1, "entidad_co": 1, "enlace_con": "https:\/\/community.secop.gov.co\/Public\/Tendering\/OpportunityDetail\/Index?noticeUID=CO1.NTC.2222959&isFromPublicArea=True&isModal=False", "id_element": 31, "tipo_eleme": 3, "funcion_el": 2, "area_eleme": 105.26180751699999, "SHAPE_Leng": 0.00054174104943500003, "Shape_Area": 8.5710315158499994e-09 }, "geometry": { "type": "Polygon", "coordinates": [ [ [ -74.145332415258736, 4.555337387310601 ], [ -74.145360549649581, 4.555327208783694 ], [ -74.145459347370945, 4.555289552370994 ], [ -74.145562583246601, 4.555257752343437 ], [ -74.145576440000639, 4.555290059588629 ], [ -74.145371953952463, 4.555361496336047 ], [ -74.145332415258736, 4.555337387310601 ] ] ] } },
{ "type": "Feature", "properties": { "OBJECTID_1": 182, "id_interve": "19012579", "nomenclatu": "KR 18P  ENTRE CL 65D SUR Y CL 65B BIS SUR", "tipo_inter": 1, "loccodigo": "19", "barrio_leg": "LAS DELICIAS DEL SUR", "numero_con": 877, "año_contr": 2021, "numero_c_1": 891, "año_con_1": 2021, "tipo_contr": 1, "estado_con": 1, "entidad_co": 1, "enlace_con": "https:\/\/community.secop.gov.co\/Public\/Tendering\/OpportunityDetail\/Index?noticeUID=CO1.NTC.2222959&isFromPublicArea=True&isModal=False", "id_element": 32, "tipo_eleme": 3, "funcion_el": 2, "area_eleme": 109.844865617, "SHAPE_Leng": 0.00057859597851099998, "Shape_Area": 8.9441404233700003e-09 }, "geometry": { "type": "Polygon", "coordinates": [ [ [ -74.145332415258736, 4.555337387310601 ], [ -74.145371953952463, 4.555361496336047 ], [ -74.145335892037735, 4.555373888993813 ], [ -74.145196517805005, 4.555425699836235 ], [ -74.145118505214782, 4.555447819561266 ], [ -74.145116817187329, 4.555411787324147 ], [ -74.145321981324344, 4.555343382191381 ], [ -74.145332415258736, 4.555337387310601 ] ] ] } },
{ "type": "Feature", "properties": { "OBJECTID_1": 183, "id_interve": "19007574", "nomenclatu": "CL 62 SUR ENTRE KR 18K BIS Y KR 18L", "tipo_inter": 1, "loccodigo": "19", "barrio_leg": "CIUDAD MILAGRO", "numero_con": 877, "año_contr": 2021, "numero_c_1": 891, "año_con_1": 2021, "tipo_contr": 1, "estado_con": 1, "entidad_co": 1, "enlace_con": "https:\/\/community.secop.gov.co\/Public\/Tendering\/OpportunityDetail\/Index?noticeUID=CO1.NTC.2222959&isFromPublicArea=True&isModal=False", "id_element": 454999, "tipo_eleme": 2, "funcion_el": 4, "area_eleme": 78.963802388100007, "SHAPE_Leng": 0.00094034237745599999, "Shape_Area": 6.42970512904e-09 }, "geometry": { "type": "Polygon", "coordinates": [ [ [ -74.139844486833567, 4.556128787113892 ], [ -74.13983983733857, 4.556119791195442 ], [ -74.139839865217539, 4.556119783101565 ], [ -74.13981981123527, 4.556079318106072 ], [ -74.139799754554986, 4.556038852211316 ], [ -74.139779698774021, 4.555998386316503 ], [ -74.139759573745266, 4.555957918623108 ], [ -74.139739517964358, 4.555917452728295 ], [ -74.139719462183393, 4.555876986833539 ], [ -74.139699406402428, 4.555836520938726 ], [ -74.139695363949841, 4.555828365886441 ], [ -74.139679349722201, 4.55579605414465 ], [ -74.139666146775198, 4.555769416225644 ], [ -74.139659293941236, 4.555755588249838 ], [ -74.139649003898398, 4.555734412812967 ], [ -74.139661677144659, 4.555728254255598 ], [ -74.139853216552638, 4.556115327860141 ], [ -74.139863999423994, 4.556137116634659 ], [ -74.139851998870597, 4.556143320158128 ], [ -74.139844486833567, 4.556128787113892 ] ] ] } },
{ "type": "Feature", "properties": { "OBJECTID_1": 184, "id_interve": "19007574", "nomenclatu": "CL 62 SUR ENTRE KR 18K BIS Y KR 18L", "tipo_inter": 1, "loccodigo": "19", "barrio_leg": "CIUDAD MILAGRO", "numero_con": 877, "año_contr": 2021, "numero_c_1": 891, "año_con_1": 2021, "tipo_contr": 1, "estado_con": 1, "entidad_co": 1, "enlace_con": "https:\/\/community.secop.gov.co\/Public\/Tendering\/OpportunityDetail\/Index?noticeUID=CO1.NTC.2222959&isFromPublicArea=True&isModal=False", "id_element": 455001, "tipo_eleme": 2, "funcion_el": 4, "area_eleme": 60.693658269099998, "SHAPE_Leng": 0.00093130464595299995, "Shape_Area": 4.9421380951999998e-09 }, "geometry": { "type": "Polygon", "coordinates": [ [ [ -74.139704957917445, 4.555707220911586 ], [ -74.139714992552797, 4.555702343888129 ], [ -74.139917309436271, 4.556093938384606 ], [ -74.139923679334288, 4.556106266291181 ], [ -74.139914279620257, 4.556111124428924 ], [ -74.139907132707947, 4.55609733422466 ], [ -74.139704957917445, 4.555707220911586 ] ] ] } },
{ "type": "Feature", "properties": { "OBJECTID_1": 185, "id_interve": "19007574", "nomenclatu": "CL 62 SUR ENTRE KR 18K BIS Y KR 18L", "tipo_inter": 1, "loccodigo": "19", "barrio_leg": "CIUDAD MILAGRO", "numero_con": 877, "año_contr": 2021, "numero_c_1": 891, "año_con_1": 2021, "tipo_contr": 1, "estado_con": 1, "entidad_co": 1, "enlace_con": "https:\/\/community.secop.gov.co\/Public\/Tendering\/OpportunityDetail\/Index?noticeUID=CO1.NTC.2222959&isFromPublicArea=True&isModal=False", "id_element": 455000, "tipo_eleme": 1, "funcion_el": 1, "area_eleme": 292.90754905, "SHAPE_Leng": 0.0010158277413800001, "Shape_Area": 2.38503783244e-08 }, "geometry": { "type": "Polygon", "coordinates": [ [ [ -74.139661677144659, 4.555728254255598 ], [ -74.139704957917445, 4.555707220911586 ], [ -74.139907132707947, 4.55609733422466 ], [ -74.139914279620257, 4.556111124428924 ], [ -74.139863999423994, 4.556137116634659 ], [ -74.139853216552638, 4.556115327860141 ], [ -74.139661677144659, 4.555728254255598 ] ] ] } },
{ "type": "Feature", "properties": { "OBJECTID_1": 186, "id_interve": "19007192", "nomenclatu": "KR 18Z ENTE CL 68B BIS SUR Y CL 68B BIS A SUR", "tipo_inter": 1, "loccodigo": "19", "barrio_leg": "LAS DELICIAS DEL SUR", "numero_con": 877, "año_contr": 2021, "numero_c_1": 891, "año_con_1": 2021, "tipo_contr": 1, "estado_con": 1, "entidad_co": 1, "enlace_con": "https:\/\/community.secop.gov.co\/Public\/Tendering\/OpportunityDetail\/Index?noticeUID=CO1.NTC.2222959&isFromPublicArea=True&isModal=False", "id_element": 33, "tipo_eleme": 1, "funcion_el": 2, "area_eleme": 23.985852965900001, "SHAPE_Leng": 0.00024811664889600002, "Shape_Area": 1.9530755577299998e-09 }, "geometry": { "type": "Polygon", "coordinates": [ [ [ -74.149601640902972, 4.557974017886693 ], [ -74.14960166968126, 4.557976891220619 ], [ -74.14960180817684, 4.557993632999796 ], [ -74.149493709666956, 4.557994534120496 ], [ -74.149500208168035, 4.557976755422999 ], [ -74.149601640902972, 4.557974017886693 ] ] ] } },
{ "type": "Feature", "properties": { "OBJECTID_1": 187, "id_interve": "5000309", "nomenclatu": "KR 2 ENTRE DG 61 S Y DG 62 S", "tipo_inter": 1, "loccodigo": "05", "barrio_leg": "BARRIO DANUBIO AZUL", "numero_con": 876, "año_contr": 2021, "numero_c_1": 908, "año_con_1": 2021, "tipo_contr": 1, "estado_con": 1, "entidad_co": 1, "enlace_con": "https:\/\/community.secop.gov.co\/Public\/Tendering\/OpportunityDetail\/Index?noticeUID=CO1.NTC.2222959&isFromPublicArea=True&isModal=False", "id_element": 92069647, "tipo_eleme": 2, "funcion_el": 4, "area_eleme": 29.2094295132, "SHAPE_Leng": 0.00034104562119500001, "Shape_Area": 2.37836197716e-09 }, "geometry": { "type": "Polygon", "coordinates": [ [ [ -74.112620200861556, 4.536758231107513 ], [ -74.112648928804958, 4.53673401955939 ], [ -74.112680611021347, 4.536713827081485 ], [ -74.112684713728527, 4.536711621943823 ], [ -74.112755687325091, 4.536678511604066 ], [ -74.112757083972213, 4.536687291685212 ], [ -74.11275794822069, 4.536692719093764 ], [ -74.112745131982194, 4.536697597915861 ], [ -74.112734221407152, 4.536702253706096 ], [ -74.112704412478593, 4.536717486422901 ], [ -74.112676323053847, 4.536735694996366 ], [ -74.112654792384717, 4.536752697579004 ], [ -74.112634762684138, 4.536771445745671 ], [ -74.112633787818993, 4.536772436798572 ], [ -74.112620200861556, 4.536758231107513 ] ] ] } },
{ "type": "Feature", "properties": { "OBJECTID_1": 188, "id_interve": "5000309", "nomenclatu": "KR 2 ENTRE DG 61 S Y DG 62 S", "tipo_inter": 1, "loccodigo": "05", "barrio_leg": "BARRIO DANUBIO AZUL", "numero_con": 876, "año_contr": 2021, "numero_c_1": 908, "año_con_1": 2021, "tipo_contr": 1, "estado_con": 1, "entidad_co": 1, "enlace_con": "https:\/\/community.secop.gov.co\/Public\/Tendering\/OpportunityDetail\/Index?noticeUID=CO1.NTC.2222959&isFromPublicArea=True&isModal=False", "id_element": 92069648, "tipo_eleme": 2, "funcion_el": 4, "area_eleme": 28.7751678813, "SHAPE_Leng": 0.00032166694810599998, "Shape_Area": 2.3429674395100001e-09 }, "geometry": { "type": "Polygon", "coordinates": [ [ [ -74.112428934847401, 4.537006016814246 ], [ -74.11243811242889, 4.536992158261569 ], [ -74.112464652321819, 4.536952074578608 ], [ -74.112505962680018, 4.536889682313017 ], [ -74.112510847797353, 4.536892185126305 ], [ -74.112513989129241, 4.536893793114132 ], [ -74.112518893132346, 4.53689630492056 ], [ -74.112516332762482, 4.536904351154931 ], [ -74.112452812747051, 4.537000286334205 ], [ -74.112447442895132, 4.537005150767129 ], [ -74.112441385961176, 4.537009126669886 ], [ -74.112435591629207, 4.537011817441453 ], [ -74.112429484333177, 4.537013690729282 ], [ -74.112423178287031, 4.53701471056047 ], [ -74.112428934847401, 4.537006016814246 ] ] ] } },
{ "type": "Feature", "properties": { "OBJECTID_1": 189, "id_interve": "5000309", "nomenclatu": "KR 2 ENTRE DG 61 S Y DG 62 S", "tipo_inter": 1, "loccodigo": "05", "barrio_leg": "BARRIO DANUBIO AZUL", "numero_con": 876, "año_contr": 2021, "numero_c_1": 908, "año_con_1": 2021, "tipo_contr": 1, "estado_con": 1, "entidad_co": 1, "enlace_con": "https:\/\/community.secop.gov.co\/Public\/Tendering\/OpportunityDetail\/Index?noticeUID=CO1.NTC.2222959&isFromPublicArea=True&isModal=False", "id_element": 477628, "tipo_eleme": 1, "funcion_el": 1, "area_eleme": 151.42699860299999, "SHAPE_Leng": 0.00091631139818899995, "Shape_Area": 1.2329863991600001e-08 }, "geometry": { "type": "Polygon", "coordinates": [ [ [ -74.112425428390793, 4.537033229400038 ], [ -74.112441385961176, 4.537009126669886 ], [ -74.112447442895132, 4.537005150767129 ], [ -74.112452812747051, 4.537000286334205 ], [ -74.112516332762482, 4.536904351154931 ], [ -74.112518893132346, 4.53689630492056 ], [ -74.112523429312773, 4.536882047968163 ], [ -74.112533948682767, 4.536848986191785 ], [ -74.112548749724965, 4.536802466960353 ], [ -74.112596420088664, 4.536714095079446 ], [ -74.112613774306226, 4.536686097385541 ], [ -74.112628265082321, 4.536692109353396 ], [ -74.112631550305764, 4.536693471826311 ], [ -74.112680611021347, 4.536713827081485 ], [ -74.112648928804958, 4.53673401955939 ], [ -74.112620200861556, 4.536758231107513 ], [ -74.112595367881909, 4.536785479666207 ], [ -74.112574275182624, 4.536815716672038 ], [ -74.112557277096641, 4.536848431310091 ], [ -74.112539938167572, 4.536895558483309 ], [ -74.112518761831382, 4.536941090259177 ], [ -74.112493893778151, 4.536984716371592 ], [ -74.112450639985013, 4.537050041326381 ], [ -74.112425428390793, 4.537033229400038 ] ] ] } },
{ "type": "Feature", "properties": { "OBJECTID_1": 190, "id_interve": "5000121", "nomenclatu": "KR 3D ENTRE DG 54D S Y CL 54G S", "tipo_inter": 1, "loccodigo": "05", "barrio_leg": "BARRIO DANUBIO AZUL", "numero_con": 876, "año_contr": 2021, "numero_c_1": 908, "año_con_1": 2021, "tipo_contr": 1, "estado_con": 1, "entidad_co": 1, "enlace_con": "https:\/\/community.secop.gov.co\/Public\/Tendering\/OpportunityDetail\/Index?noticeUID=CO1.NTC.2222959&isFromPublicArea=True&isModal=False", "id_element": 290219, "tipo_eleme": 2, "funcion_el": 4, "area_eleme": 40.537247172800001, "SHAPE_Leng": 0.00088224714863400003, "Shape_Area": 3.30063684201e-09 }, "geometry": { "type": "Polygon", "coordinates": [ [ [ -74.113637726200068, 4.540056831957259 ], [ -74.113672871705603, 4.540028552775539 ], [ -74.113672437333094, 4.540030706651862 ], [ -74.113671660318857, 4.540032761602731 ], [ -74.113670563145945, 4.540034664568168 ], [ -74.113669333772691, 4.54003619611359 ], [ -74.113667895756748, 4.540037533405496 ], [ -74.113639701111254, 4.540060217904795 ], [ -74.113343897003233, 4.540302589692828 ], [ -74.113330346018643, 4.540296237781206 ], [ -74.113328965559276, 4.540295591168672 ], [ -74.113364808938741, 4.540269670908629 ], [ -74.113371829945947, 4.540264374801097 ], [ -74.113398634239559, 4.540244155343544 ], [ -74.113455829323016, 4.540200173998869 ], [ -74.113504632832473, 4.540160041752586 ], [ -74.113526120334143, 4.540143596749658 ], [ -74.113548321897497, 4.540126602260955 ], [ -74.113549880422624, 4.540127513274172 ], [ -74.113637726200068, 4.540056831957259 ] ] ] } },
{ "type": "Feature", "properties": { "OBJECTID_1": 191, "id_interve": "5000121", "nomenclatu": "KR 3D ENTRE DG 54D S Y CL 54G S", "tipo_inter": 1, "loccodigo": "05", "barrio_leg": "BARRIO DANUBIO AZUL", "numero_con": 876, "año_contr": 2021, "numero_c_1": 908, "año_con_1": 2021, "tipo_contr": 1, "estado_con": 1, "entidad_co": 1, "enlace_con": "https:\/\/community.secop.gov.co\/Public\/Tendering\/OpportunityDetail\/Index?noticeUID=CO1.NTC.2222959&isFromPublicArea=True&isModal=False", "id_element": 290221, "tipo_eleme": 2, "funcion_el": 4, "area_eleme": 88.870638346700005, "SHAPE_Leng": 0.00091529592469800003, "Shape_Area": 7.2360679253199998e-09 }, "geometry": { "type": "Polygon", "coordinates": [ [ [ -74.11336612104958, 4.540313007439408 ], [ -74.113715420430253, 4.540044863779485 ], [ -74.113717630963833, 4.540043119994039 ], [ -74.1137291557759, 4.540058239396274 ], [ -74.113731074029829, 4.540060753900718 ], [ -74.113731272780001, 4.540061015603442 ], [ -74.113497978748683, 4.540230151999936 ], [ -74.113489563792314, 4.540236253000728 ], [ -74.113476715178251, 4.540245568178477 ], [ -74.113430786801359, 4.54027886557725 ], [ -74.113376795102965, 4.540318010367912 ], [ -74.11336612104958, 4.540313007439408 ] ] ] } },
{ "type": "Feature", "properties": { "OBJECTID_1": 192, "id_interve": "5000121", "nomenclatu": "KR 3D ENTRE DG 54D S Y CL 54G S", "tipo_inter": 1, "loccodigo": "05", "barrio_leg": "BARRIO DANUBIO AZUL", "numero_con": 876, "año_contr": 2021, "numero_c_1": 908, "año_con_1": 2021, "tipo_contr": 1, "estado_con": 1, "entidad_co": 1, "enlace_con": "https:\/\/community.secop.gov.co\/Public\/Tendering\/OpportunityDetail\/Index?noticeUID=CO1.NTC.2222959&isFromPublicArea=True&isModal=False", "id_element": 290220, "tipo_eleme": 1, "funcion_el": 1, "area_eleme": 160.36672085199999, "SHAPE_Leng": 0.00095867457368900002, "Shape_Area": 1.3057957592300001e-08 }, "geometry": { "type": "Polygon", "coordinates": [ [ [ -74.113343897003233, 4.540302589692828 ], [ -74.113639701111254, 4.540060217904795 ], [ -74.113667895756748, 4.540037533405496 ], [ -74.113669333772691, 4.54003619611359 ], [ -74.113670563145945, 4.540034664568168 ], [ -74.113695743263918, 4.540014404641113 ], [ -74.113717630963833, 4.540043119994039 ], [ -74.113715420430253, 4.540044863779485 ], [ -74.11336612104958, 4.540313007439408 ], [ -74.113343897003233, 4.540302589692828 ] ] ] } },
{ "type": "Feature", "properties": { "OBJECTID_1": 193, "id_interve": "5006646", "nomenclatu": "DG 100C SUR ENTRE KR 6 ESTE Y KR 6A ESTE", "tipo_inter": 1, "loccodigo": "05", "barrio_leg": "BARRIO EL TRIANGULO", "numero_con": 882, "año_contr": 2021, "numero_c_1": 922, "año_con_1": 2021, "tipo_contr": 1, "estado_con": 1, "entidad_co": 1, "enlace_con": "https:\/\/community.secop.gov.co\/Public\/Tendering\/OpportunityDetail\/Index?noticeUID=CO1.NTC.2222959&isFromPublicArea=True&isModal=False", "id_element": 304836, "tipo_eleme": 2, "funcion_el": 4, "area_eleme": 212.60368893899999, "SHAPE_Leng": 0.0011320833299499999, "Shape_Area": 1.73099284242e-08 }, "geometry": { "type": "Polygon", "coordinates": [ [ [ -74.104103651662172, 4.490977825965956 ], [ -74.104103671447263, 4.490975777310325 ], [ -74.104104140893355, 4.49097073571096 ], [ -74.104105214683898, 4.490965788540336 ], [ -74.104106876631022, 4.490961005945735 ], [ -74.104110774292735, 4.490948100674359 ], [ -74.104126005210958, 4.49096282437489 ], [ -74.104486797927336, 4.491327456297142 ], [ -74.104490201861267, 4.49133089620392 ], [ -74.104487678363625, 4.49133569318775 ], [ -74.104481449659147, 4.491347528265862 ], [ -74.104477187771977, 4.491355626660891 ], [ -74.104359782178165, 4.491242140312579 ], [ -74.104345822002017, 4.491228646884622 ], [ -74.104341864085711, 4.491224821168601 ], [ -74.104298758680727, 4.491183154678879 ], [ -74.104113267213449, 4.491003855943234 ], [ -74.10410960697277, 4.490998681244207 ], [ -74.10410676961169, 4.490993013716661 ], [ -74.104104819881513, 4.490986982863035 ], [ -74.104103803647604, 4.490980727178851 ], [ -74.104103651662172, 4.490977825965956 ] ] ] } },
{ "type": "Feature", "properties": { "OBJECTID_1": 194, "id_interve": "5006646", "nomenclatu": "DG 100C SUR ENTRE KR 6 ESTE Y KR 6A ESTE", "tipo_inter": 1, "loccodigo": "05", "barrio_leg": "BARRIO EL TRIANGULO", "numero_con": 882, "año_contr": 2021, "numero_c_1": 922, "año_con_1": 2021, "tipo_contr": 1, "estado_con": 1, "entidad_co": 1, "enlace_con": "https:\/\/community.secop.gov.co\/Public\/Tendering\/OpportunityDetail\/Index?noticeUID=CO1.NTC.2222959&isFromPublicArea=True&isModal=False", "id_element": 92083733, "tipo_eleme": 2, "funcion_el": 4, "area_eleme": 299.425560996, "SHAPE_Leng": 0.0019315065426200001, "Shape_Area": 2.43789098874e-08 }, "geometry": { "type": "Polygon", "coordinates": [ [ [ -74.104049201309579, 4.491000625578465 ], [ -74.104054002789951, 4.490995621750585 ], [ -74.104055146727603, 4.490994430148874 ], [ -74.104057754761527, 4.490991713296978 ], [ -74.104502566640122, 4.491421672871979 ], [ -74.104507156779846, 4.491425476104894 ], [ -74.104511125487988, 4.491429923252383 ], [ -74.104514384631102, 4.491434914489787 ], [ -74.104516859565365, 4.491440336502365 ], [ -74.10451849453284, 4.491446068781102 ], [ -74.104519252661362, 4.491451980924239 ], [ -74.104578339918419, 4.49158527034399 ], [ -74.104614695012117, 4.491686970177568 ], [ -74.104607462664205, 4.49171628088169 ], [ -74.104527971588595, 4.491636225031812 ], [ -74.104518172575581, 4.491626355871688 ], [ -74.104481991950308, 4.491589917141027 ], [ -74.104457863139828, 4.491565614761384 ], [ -74.104505862655401, 4.491439124216242 ], [ -74.104372256674253, 4.491310833228397 ], [ -74.104049201309579, 4.491000625578465 ] ] ] } },
{ "type": "Feature", "properties": { "OBJECTID_1": 195, "id_interve": "5006646", "nomenclatu": "DG 100C SUR ENTRE KR 6 ESTE Y KR 6A ESTE", "tipo_inter": 1, "loccodigo": "05", "barrio_leg": "BARRIO EL TRIANGULO", "numero_con": 882, "año_contr": 2021, "numero_c_1": 922, "año_con_1": 2021, "tipo_contr": 1, "estado_con": 1, "entidad_co": 1, "enlace_con": "https:\/\/community.secop.gov.co\/Public\/Tendering\/OpportunityDetail\/Index?noticeUID=CO1.NTC.2222959&isFromPublicArea=True&isModal=False", "id_element": 91031731, "tipo_eleme": 1, "funcion_el": 1, "area_eleme": 396.43334667099998, "SHAPE_Leng": 0.00200410225277, "Shape_Area": 3.2277423805300002e-08 }, "geometry": { "type": "Polygon", "coordinates": [ [ [ -74.104614695012117, 4.491686970177568 ], [ -74.104578339918419, 4.49158527034399 ], [ -74.104519252661362, 4.491451980924239 ], [ -74.10451849453284, 4.491446068781102 ], [ -74.104516859565365, 4.491440336502365 ], [ -74.104514384631102, 4.491434914489787 ], [ -74.104511125487988, 4.491429923252383 ], [ -74.104507156779846, 4.491425476104894 ], [ -74.104502566640122, 4.491421672871979 ], [ -74.104057754761527, 4.490991713296978 ], [ -74.104086756098866, 4.490961494277599 ], [ -74.104089633929448, 4.490964275880685 ], [ -74.104103651662172, 4.490977825965956 ], [ -74.104103803647604, 4.490980727178851 ], [ -74.104104819881513, 4.490986982863035 ], [ -74.10410676961169, 4.490993013716661 ], [ -74.10410960697277, 4.490998681244207 ], [ -74.104113267213449, 4.491003855943234 ], [ -74.104298758680727, 4.491183154678879 ], [ -74.104341864085711, 4.491224821168601 ], [ -74.104345822002017, 4.491228646884622 ], [ -74.104359782178165, 4.491242140312579 ], [ -74.104477187771977, 4.491355626660891 ], [ -74.104482789649012, 4.49136104237823 ], [ -74.104514712883656, 4.491384146860923 ], [ -74.104543178225072, 4.491411398117577 ], [ -74.104567652375238, 4.491442283534582 ], [ -74.104587675780579, 4.491476223948609 ], [ -74.104602873423858, 4.491512582639643 ], [ -74.104611099522572, 4.491541700888831 ], [ -74.104616232852834, 4.491571519709908 ], [ -74.104617049437252, 4.49157302607432 ], [ -74.104618110637261, 4.491574371460104 ], [ -74.104619384976615, 4.491575515397756 ], [ -74.104620836482354, 4.491576426410973 ], [ -74.104622421087811, 4.491577075721523 ], [ -74.104624093826828, 4.491577446242218 ], [ -74.104625805236708, 4.491577525382525 ], [ -74.104627504955374, 4.491577312243237 ], [ -74.104629143520128, 4.49157681222016 ], [ -74.104630673266911, 4.491576040601842 ], [ -74.104632048330302, 4.491575019871334 ], [ -74.104633230039497, 4.491573778806867 ], [ -74.104634182421535, 4.491572355180097 ], [ -74.104634878496825, 4.491570790359731 ], [ -74.104635297580899, 4.491569129311927 ], [ -74.104631711084551, 4.491644024851894 ], [ -74.10462763175974, 4.491729199642919 ], [ -74.104627442902142, 4.491723456572288 ], [ -74.1046264140777, 4.491717803433914 ], [ -74.10462456776952, 4.491712362535566 ], [ -74.10462194444716, 4.491707249889714 ], [ -74.104614695012117, 4.491686970177568 ] ] ] } },
{ "type": "Feature", "properties": { "OBJECTID_1": 196, "id_interve": "5006663", "nomenclatu": "DG 100C SUR ENTRE KR 6A ESTE Y KR 6B ESTE", "tipo_inter": 1, "loccodigo": "05", "barrio_leg": "BARRIO EL TRIANGULO", "numero_con": 882, "año_contr": 2021, "numero_c_1": 922, "año_con_1": 2021, "tipo_contr": 1, "estado_con": 1, "entidad_co": 1, "enlace_con": "https:\/\/community.secop.gov.co\/Public\/Tendering\/OpportunityDetail\/Index?noticeUID=CO1.NTC.2222959&isFromPublicArea=True&isModal=False", "id_element": 304876, "tipo_eleme": 2, "funcion_el": 4, "area_eleme": 40.609368843399999, "SHAPE_Leng": 0.00054289231647999998, "Shape_Area": 3.30633174e-09 }, "geometry": { "type": "Polygon", "coordinates": [ [ [ -74.103862626159241, 4.490821473432277 ], [ -74.103868156090471, 4.490815708777973 ], [ -74.103869259558621, 4.490814559444402 ], [ -74.103871773163746, 4.490811939719265 ], [ -74.104057754761527, 4.490991713296978 ], [ -74.104055146727603, 4.490994430148874 ], [ -74.104054002789951, 4.490995621750585 ], [ -74.104049201309579, 4.491000625578465 ], [ -74.103862626159241, 4.490821473432277 ] ] ] } },
{ "type": "Feature", "properties": { "OBJECTID_1": 197, "id_interve": "5006663", "nomenclatu": "DG 100C SUR ENTRE KR 6A ESTE Y KR 6B ESTE", "tipo_inter": 1, "loccodigo": "05", "barrio_leg": "BARRIO EL TRIANGULO", "numero_con": 882, "año_contr": 2021, "numero_c_1": 922, "año_con_1": 2021, "tipo_contr": 1, "estado_con": 1, "entidad_co": 1, "enlace_con": "https:\/\/community.secop.gov.co\/Public\/Tendering\/OpportunityDetail\/Index?noticeUID=CO1.NTC.2222959&isFromPublicArea=True&isModal=False", "id_element": 304878, "tipo_eleme": 2, "funcion_el": 4, "area_eleme": 25.8547427966, "SHAPE_Leng": 0.00047128835728500003, "Shape_Area": 2.10504939276e-09 }, "geometry": { "type": "Polygon", "coordinates": [ [ [ -74.104070080869519, 4.490945380225185 ], [ -74.104068654544733, 4.490944440433623 ], [ -74.10406739909115, 4.490943281207535 ], [ -74.104066348683034, 4.490941934922432 ], [ -74.10406553119924, 4.490940434853258 ], [ -74.104050197758397, 4.490925614025912 ], [ -74.104047051929854, 4.490922573418061 ], [ -74.104032398376432, 4.490908409095823 ], [ -74.104019967947124, 4.49089639325399 ], [ -74.103918939907089, 4.490798738570959 ], [ -74.103917828345061, 4.49079670520382 ], [ -74.103916594475209, 4.490793455053961 ], [ -74.103915911889771, 4.490790047522751 ], [ -74.103915799474521, 4.490786573441653 ], [ -74.103916259927416, 4.490783128138901 ], [ -74.103932493589696, 4.490798820409282 ], [ -74.103971079901385, 4.490836117992501 ], [ -74.103983509431373, 4.490848131136374 ], [ -74.104050785015659, 4.490913161113554 ], [ -74.104053930844202, 4.490916200822085 ], [ -74.104074996563781, 4.490936565070456 ], [ -74.104082379098486, 4.490943700291609 ], [ -74.104081102061173, 4.490944759692979 ], [ -74.104079673038427, 4.490945604156366 ], [ -74.104078128003152, 4.490946211198718 ], [ -74.10407650652553, 4.490946565531601 ], [ -74.104074849974324, 4.490946659061137 ], [ -74.104073198819037, 4.490946488189934 ], [ -74.10407159532781, 4.490946058313966 ], [ -74.104070080869519, 4.490945380225185 ] ] ] } },
{ "type": "Feature", "properties": { "OBJECTID_1": 198, "id_interve": "5006663", "nomenclatu": "DG 100C SUR ENTRE KR 6A ESTE Y KR 6B ESTE", "tipo_inter": 1, "loccodigo": "05", "barrio_leg": "BARRIO EL TRIANGULO", "numero_con": 882, "año_contr": 2021, "numero_c_1": 922, "año_con_1": 2021, "tipo_contr": 1, "estado_con": 1, "entidad_co": 1, "enlace_con": "https:\/\/community.secop.gov.co\/Public\/Tendering\/OpportunityDetail\/Index?noticeUID=CO1.NTC.2222959&isFromPublicArea=True&isModal=False", "id_element": 304877, "tipo_eleme": 1, "funcion_el": 1, "area_eleme": 134.34519822, "SHAPE_Leng": 0.00060241795696399996, "Shape_Area": 1.09382985301e-08 }, "geometry": { "type": "Polygon", "coordinates": [ [ [ -74.103871773163746, 4.490811939719265 ], [ -74.103901520938393, 4.49078094278633 ], [ -74.103917828345061, 4.49079670520382 ], [ -74.103918939907089, 4.490798738570959 ], [ -74.104019967947124, 4.49089639325399 ], [ -74.104032398376432, 4.490908409095823 ], [ -74.104047051929854, 4.490922573418061 ], [ -74.104050197758397, 4.490925614025912 ], [ -74.10406553119924, 4.490940434853258 ], [ -74.104066348683034, 4.490941934922432 ], [ -74.10406739909115, 4.490943281207535 ], [ -74.104068654544733, 4.490944440433623 ], [ -74.104070080869519, 4.490945380225185 ], [ -74.104086756098866, 4.490961494277599 ], [ -74.104057754761527, 4.490991713296978 ], [ -74.103871773163746, 4.490811939719265 ] ] ] } },
{ "type": "Feature", "properties": { "OBJECTID_1": 199, "id_interve": "5006688", "nomenclatu": "DG 100C SUR ENTRE KR 6B ESTE Y KR 6F ESTE", "tipo_inter": 1, "loccodigo": "05", "barrio_leg": "BARRIO EL TRIANGULO", "numero_con": 882, "año_contr": 2021, "numero_c_1": 922, "año_con_1": 2021, "tipo_contr": 1, "estado_con": 1, "entidad_co": 1, "enlace_con": "https:\/\/community.secop.gov.co\/Public\/Tendering\/OpportunityDetail\/Index?noticeUID=CO1.NTC.2222959&isFromPublicArea=True&isModal=False", "id_element": 92066654, "tipo_eleme": 2, "funcion_el": 4, "area_eleme": 52.098434549499999, "SHAPE_Leng": 0.00064473445966300004, "Shape_Area": 4.2419727682100003e-09 }, "geometry": { "type": "Polygon", "coordinates": [ [ [ -74.10364160697452, 4.490609244221275 ], [ -74.103642206822371, 4.490607560690421 ], [ -74.103642696952875, 4.49060618562703 ], [ -74.103645919223766, 4.490597140245882 ], [ -74.103646260066796, 4.49059719240654 ], [ -74.10364631402615, 4.490597198701835 ], [ -74.103646492091912, 4.490597226580803 ], [ -74.10364836717838, 4.490597687933018 ], [ -74.103650161325845, 4.490598401095383 ], [ -74.10365184215874, 4.490599351678782 ], [ -74.103871773163746, 4.490811939719265 ], [ -74.103869259558621, 4.490814559444402 ], [ -74.103868156090471, 4.490815708777973 ], [ -74.103862626159241, 4.490821473432277 ], [ -74.10364160697452, 4.490609244221275 ] ] ] } },
{ "type": "Feature", "properties": { "OBJECTID_1": 200, "id_interve": "5006688", "nomenclatu": "DG 100C SUR ENTRE KR 6B ESTE Y KR 6F ESTE", "tipo_inter": 1, "loccodigo": "05", "barrio_leg": "BARRIO EL TRIANGULO", "numero_con": 882, "año_contr": 2021, "numero_c_1": 922, "año_con_1": 2021, "tipo_contr": 1, "estado_con": 1, "entidad_co": 1, "enlace_con": "https:\/\/community.secop.gov.co\/Public\/Tendering\/OpportunityDetail\/Index?noticeUID=CO1.NTC.2222959&isFromPublicArea=True&isModal=False", "id_element": 304947, "tipo_eleme": 2, "funcion_el": 4, "area_eleme": 22.178435664199998, "SHAPE_Leng": 0.00050490842239399997, "Shape_Area": 1.8057577019e-09 }, "geometry": { "type": "Polygon", "coordinates": [ [ [ -74.103700490085487, 4.490604325828997 ], [ -74.103703252802859, 4.49059680479877 ], [ -74.103838214062307, 4.490719975046886 ], [ -74.103876930775698, 4.490755310309396 ], [ -74.103879876954693, 4.490758002879602 ], [ -74.103881650417804, 4.490759624357224 ], [ -74.103886852995856, 4.490764379972234 ], [ -74.103884890675147, 4.490764868304097 ], [ -74.103882674745591, 4.490765101228476 ], [ -74.103880448923519, 4.490765009497636 ], [ -74.103878259973669, 4.490764594910161 ], [ -74.103876154660782, 4.490763866459304 ], [ -74.10387417705158, 4.490762839433557 ], [ -74.103700490085487, 4.490604325828997 ] ] ] } },
{ "type": "Feature", "properties": { "OBJECTID_1": 201, "id_interve": "5006688", "nomenclatu": "DG 100C SUR ENTRE KR 6B ESTE Y KR 6F ESTE", "tipo_inter": 1, "loccodigo": "05", "barrio_leg": "BARRIO EL TRIANGULO", "numero_con": 882, "año_contr": 2021, "numero_c_1": 922, "año_con_1": 2021, "tipo_contr": 1, "estado_con": 1, "entidad_co": 1, "enlace_con": "https:\/\/community.secop.gov.co\/Public\/Tendering\/OpportunityDetail\/Index?noticeUID=CO1.NTC.2222959&isFromPublicArea=True&isModal=False", "id_element": 304946, "tipo_eleme": 1, "funcion_el": 1, "area_eleme": 132.724911593, "SHAPE_Leng": 0.00073179170998800001, "Shape_Area": 1.0806224304600001e-08 }, "geometry": { "type": "Polygon", "coordinates": [ [ [ -74.103646492091912, 4.490597226580803 ], [ -74.103651932090941, 4.49058241834399 ], [ -74.103661576420564, 4.490556166234114 ], [ -74.10366178146603, 4.49056052344946 ], [ -74.103662696076526, 4.49056478803459 ], [ -74.103664295071098, 4.490568846674989 ], [ -74.103666536181663, 4.490572589653311 ], [ -74.103669359153571, 4.490575915346255 ], [ -74.103700490085487, 4.490604325828997 ], [ -74.10387417705158, 4.490762839433557 ], [ -74.103876154660782, 4.490763866459304 ], [ -74.103878259973669, 4.490764594910161 ], [ -74.103880448923519, 4.490765009497636 ], [ -74.103882674745591, 4.490765101228476 ], [ -74.103884890675147, 4.490764868304097 ], [ -74.103901520938393, 4.49078094278633 ], [ -74.103871773163746, 4.490811939719265 ], [ -74.10365184215874, 4.490599351678782 ], [ -74.103650161325845, 4.490598401095383 ], [ -74.10364836717838, 4.490597687933018 ], [ -74.103646492091912, 4.490597226580803 ] ] ] } },
{ "type": "Feature", "properties": { "OBJECTID_1": 202, "id_interve": "5006742", "nomenclatu": "CL 101 SUR ENTRE DG 100D SUR Y KR 6F ESTE", "tipo_inter": 1, "loccodigo": "05", "barrio_leg": "BARRIO EL TRIANGULO", "numero_con": 882, "año_contr": 2021, "numero_c_1": 922, "año_con_1": 2021, "tipo_contr": 1, "estado_con": 1, "entidad_co": 1, "enlace_con": "https:\/\/community.secop.gov.co\/Public\/Tendering\/OpportunityDetail\/Index?noticeUID=CO1.NTC.2222959&isFromPublicArea=True&isModal=False", "id_element": 305071, "tipo_eleme": 2, "funcion_el": 4, "area_eleme": 78.922667059299997, "SHAPE_Leng": 0.00060441208491199998, "Shape_Area": 6.4258693789299997e-09 }, "geometry": { "type": "Polygon", "coordinates": [ [ [ -74.103764422889753, 4.490273787205581 ], [ -74.103763361689744, 4.490272787159427 ], [ -74.103766539893854, 4.490263466585759 ], [ -74.103836372250726, 4.490269607156677 ], [ -74.103906350297791, 4.490273764722531 ], [ -74.103922036272934, 4.490274428422197 ], [ -74.104051095281761, 4.490276077778788 ], [ -74.104051328206197, 4.490293639739718 ], [ -74.103916836392841, 4.490300755175781 ], [ -74.103877250034998, 4.490299346837446 ], [ -74.103837958654822, 4.490294325922434 ], [ -74.10379929140413, 4.490285734698944 ], [ -74.103790164184716, 4.490283158141267 ], [ -74.10376803816439, 4.49027600043712 ], [ -74.10376614509147, 4.49027503366591 ], [ -74.103764422889753, 4.490273787205581 ] ] ] } },
{ "type": "Feature", "properties": { "OBJECTID_1": 203, "id_interve": "5006742", "nomenclatu": "CL 101 SUR ENTRE DG 100D SUR Y KR 6F ESTE", "tipo_inter": 1, "loccodigo": "05", "barrio_leg": "BARRIO EL TRIANGULO", "numero_con": 882, "año_contr": 2021, "numero_c_1": 922, "año_con_1": 2021, "tipo_contr": 1, "estado_con": 1, "entidad_co": 1, "enlace_con": "https:\/\/community.secop.gov.co\/Public\/Tendering\/OpportunityDetail\/Index?noticeUID=CO1.NTC.2222959&isFromPublicArea=True&isModal=False", "id_element": 305072, "tipo_eleme": 1, "funcion_el": 1, "area_eleme": 194.80570703699999, "SHAPE_Leng": 0.00074998654796900005, "Shape_Area": 1.5860850205899999e-08 }, "geometry": { "type": "Polygon", "coordinates": [ [ [ -74.103740151986358, 4.490339856798983 ], [ -74.103746015566117, 4.490323893832681 ], [ -74.103746410368501, 4.490322820941458 ], [ -74.103756250750337, 4.490296032835715 ], [ -74.103759003575135, 4.49028853788576 ], [ -74.103760282411088, 4.490285058408745 ], [ -74.103764422889753, 4.490273787205581 ], [ -74.10376614509147, 4.49027503366591 ], [ -74.10376803816439, 4.49027600043712 ], [ -74.103790164184716, 4.490283158141267 ], [ -74.10379929140413, 4.490285734698944 ], [ -74.103837958654822, 4.490294325922434 ], [ -74.103877250034998, 4.490299346837446 ], [ -74.103916836392841, 4.490300755175781 ], [ -74.104051328206197, 4.490293639739718 ], [ -74.104052103421793, 4.490352339389005 ], [ -74.104052125005524, 4.490353968061243 ], [ -74.104052207743166, 4.490360278604044 ], [ -74.104025110270584, 4.490361057416919 ], [ -74.104023164137686, 4.490360463864363 ], [ -74.104021184729845, 4.490360144605063 ], [ -74.104019179241675, 4.490360096940947 ], [ -74.104017187243358, 4.490360321771504 ], [ -74.103985371927308, 4.49036139556199 ], [ -74.103965251395209, 4.490359624796895 ], [ -74.103955611562185, 4.490358622952158 ], [ -74.10389708818002, 4.490350404947264 ], [ -74.103839187128756, 4.490338571667792 ], [ -74.103833213831706, 4.490337137249128 ], [ -74.103778044021453, 4.490321920720135 ], [ -74.103771775746793, 4.4903218676601 ], [ -74.103765570424684, 4.490322751693668 ], [ -74.103759567450027, 4.490324555733707 ], [ -74.103753901721177, 4.490327237512076 ], [ -74.103748701841084, 4.490330736774126 ], [ -74.103744083822392, 4.490334975278927 ], [ -74.103740151986358, 4.490339856798983 ] ] ] } },
{ "type": "Feature", "properties": { "OBJECTID_1": 204, "id_interve": "5006752", "nomenclatu": "CL 101 SUR ENTRE KR 6A ESTE Y DG 100D SUR", "tipo_inter": 1, "loccodigo": "05", "barrio_leg": "BARRIO EL TRIANGULO", "numero_con": 882, "año_contr": 2021, "numero_c_1": 922, "año_con_1": 2021, "tipo_contr": 1, "estado_con": 1, "entidad_co": 1, "enlace_con": "https:\/\/community.secop.gov.co\/Public\/Tendering\/OpportunityDetail\/Index?noticeUID=CO1.NTC.2222959&isFromPublicArea=True&isModal=False", "id_element": 305094, "tipo_eleme": 2, "funcion_el": 4, "area_eleme": 48.7741992256, "SHAPE_Leng": 0.00050303778725500003, "Shape_Area": 3.97109839932e-09 }, "geometry": { "type": "Polygon", "coordinates": [ [ [ -74.104051095281761, 4.490276077778788 ], [ -74.104166685144378, 4.490271835676708 ], [ -74.104281950351663, 4.490262194944364 ], [ -74.104285706819894, 4.490281238988018 ], [ -74.104051328206197, 4.490293639739718 ], [ -74.104051095281761, 4.490276077778788 ] ] ] } },
{ "type": "Feature", "properties": { "OBJECTID_1": 205, "id_interve": "5006752", "nomenclatu": "CL 101 SUR ENTRE KR 6A ESTE Y DG 100D SUR", "tipo_inter": 1, "loccodigo": "05", "barrio_leg": "BARRIO EL TRIANGULO", "numero_con": 882, "año_contr": 2021, "numero_c_1": 922, "año_con_1": 2021, "tipo_contr": 1, "estado_con": 1, "entidad_co": 1, "enlace_con": "https:\/\/community.secop.gov.co\/Public\/Tendering\/OpportunityDetail\/Index?noticeUID=CO1.NTC.2222959&isFromPublicArea=True&isModal=False", "id_element": 92066655, "tipo_eleme": 2, "funcion_el": 4, "area_eleme": 25.8478136238, "SHAPE_Leng": 0.00044243607703600002, "Shape_Area": 2.1045050812199998e-09 }, "geometry": { "type": "Polygon", "coordinates": [ [ [ -74.104078118110635, 4.490359537562654 ], [ -74.10408322985711, 4.490357249687349 ], [ -74.104088614098202, 4.49035570914873 ], [ -74.10409416201594, 4.49035494562429 ], [ -74.104150385831588, 4.49034756938488 ], [ -74.1041750686245, 4.490344330926177 ], [ -74.104269083751149, 4.490331994925668 ], [ -74.104271582967158, 4.49033215050838 ], [ -74.104274019230559, 4.490332726074485 ], [ -74.104275969860055, 4.490333524672451 ], [ -74.104277787389947, 4.490334591268436 ], [ -74.104279435847275, 4.490335905177915 ], [ -74.104280881057775, 4.490337440320673 ], [ -74.104280927822515, 4.490337504172544 ], [ -74.104281990821164, 4.490338998845743 ], [ -74.104282816398836, 4.490340501612934 ], [ -74.104266378590467, 4.49034265908648 ], [ -74.104089484641975, 4.490365867890546 ], [ -74.104067129294549, 4.490368802378384 ], [ -74.104067470137579, 4.490367858989543 ], [ -74.104072436193917, 4.490363240970851 ], [ -74.104078118110635, 4.490359537562654 ] ] ] } },
{ "type": "Feature", "properties": { "OBJECTID_1": 206, "id_interve": "5006752", "nomenclatu": "CL 101 SUR ENTRE KR 6A ESTE Y DG 100D SUR", "tipo_inter": 1, "loccodigo": "05", "barrio_leg": "BARRIO EL TRIANGULO", "numero_con": 882, "año_contr": 2021, "numero_c_1": 922, "año_con_1": 2021, "tipo_contr": 1, "estado_con": 1, "entidad_co": 1, "enlace_con": "https:\/\/community.secop.gov.co\/Public\/Tendering\/OpportunityDetail\/Index?noticeUID=CO1.NTC.2222959&isFromPublicArea=True&isModal=False", "id_element": 305093, "tipo_eleme": 1, "funcion_el": 1, "area_eleme": 260.95682269700001, "SHAPE_Leng": 0.00085984261757399995, "Shape_Area": 2.1246952226899999e-08 }, "geometry": { "type": "Polygon", "coordinates": [ [ [ -74.104353452749592, 4.49035821735788 ], [ -74.104299454756017, 4.490340889220704 ], [ -74.104295588570494, 4.490339648156294 ], [ -74.104291613567057, 4.4903383720183 ], [ -74.10428738495483, 4.49033701494136 ], [ -74.104274019230559, 4.490332726074485 ], [ -74.104271582967158, 4.49033215050838 ], [ -74.104269083751149, 4.490331994925668 ], [ -74.1041750686245, 4.490344330926177 ], [ -74.104150385831588, 4.49034756938488 ], [ -74.10409416201594, 4.49035494562429 ], [ -74.104088614098202, 4.49035570914873 ], [ -74.10408322985711, 4.490357249687349 ], [ -74.104078118110635, 4.490359537562654 ], [ -74.104052207743166, 4.490360278604044 ], [ -74.104052125005524, 4.490353968061243 ], [ -74.104052103421793, 4.490352339389005 ], [ -74.104051328206197, 4.490293639739718 ], [ -74.104285706819894, 4.490281238988018 ], [ -74.104285803047333, 4.4902812335921 ], [ -74.104354283723183, 4.49025809583452 ], [ -74.104356935823887, 4.490256128117892 ], [ -74.104359233591708, 4.490253756605625 ], [ -74.10436111947007, 4.490251046048968 ], [ -74.104362541298201, 4.49024806569571 ], [ -74.104363464002631, 4.490244894686214 ], [ -74.104376055410569, 4.490308710578574 ], [ -74.104387764583635, 4.490368060437675 ], [ -74.104387522666002, 4.490367877875315 ], [ -74.104381152767928, 4.490363943341379 ], [ -74.104374281048194, 4.490360969283358 ], [ -74.104370689155928, 4.49035985682201 ], [ -74.104369547016915, 4.490359565441622 ], [ -74.104365500967049, 4.490358739864007 ], [ -74.104359492596473, 4.49035812562704 ], [ -74.104353452749592, 4.49035821735788 ] ] ] } },
{ "type": "Feature", "properties": { "OBJECTID_1": 207, "id_interve": "5007118", "nomenclatu": "KR 7H ESTE ENTRE CL 107 SUR Y CL 108 SUR", "tipo_inter": 1, "loccodigo": "05", "barrio_leg": "BARRIO PUERTA AL LLANO SECTOR 1", "numero_con": 882, "año_contr": 2021, "numero_c_1": 922, "año_con_1": 2021, "tipo_contr": 1, "estado_con": 1, "entidad_co": 1, "enlace_con": "https:\/\/community.secop.gov.co\/Public\/Tendering\/OpportunityDetail\/Index?noticeUID=CO1.NTC.2222959&isFromPublicArea=True&isModal=False", "id_element": 305937, "tipo_eleme": 2, "funcion_el": 4, "area_eleme": 96.015592594699996, "SHAPE_Leng": 0.0017673647055499999, "Shape_Area": 7.8174939269700006e-09 }, "geometry": { "type": "Polygon", "coordinates": [ [ [ -74.100732141874801, 4.488261686327803 ], [ -74.100730510504604, 4.488258821987074 ], [ -74.100729239762586, 4.48825578137928 ], [ -74.100728346735764, 4.488252607671768 ], [ -74.100476200216406, 4.487433565406775 ], [ -74.100486493856579, 4.487430430370125 ], [ -74.100486885061684, 4.48743031076026 ], [ -74.100518273199725, 4.487534108712168 ], [ -74.100525349964869, 4.487557538749456 ], [ -74.100533937591081, 4.487585998694954 ], [ -74.100541271562406, 4.487610235424086 ], [ -74.100541794068477, 4.48761196392104 ], [ -74.100549653243888, 4.487637911160732 ], [ -74.100565343715573, 4.487689811935297 ], [ -74.100581034187314, 4.4877417118106 ], [ -74.100596723759736, 4.487793612585222 ], [ -74.100605850079887, 4.487823802826313 ], [ -74.100612414231477, 4.487845513359787 ], [ -74.100628116394432, 4.487897412335769 ], [ -74.100628131682868, 4.487897447409296 ], [ -74.100643794275641, 4.487949314909031 ], [ -74.100659484747382, 4.488001215683596 ], [ -74.100675176118443, 4.488053115558898 ], [ -74.100690865690865, 4.488105018132103 ], [ -74.100706566954443, 4.488156915309446 ], [ -74.100736204112479, 4.48825494860705 ], [ -74.100737948797246, 4.488260718657273 ], [ -74.100740758279358, 4.488270013150611 ], [ -74.100737480250473, 4.488267678510624 ], [ -74.100734587131456, 4.488264881619045 ], [ -74.100732141874801, 4.488261686327803 ] ] ] } },
{ "type": "Feature", "properties": { "OBJECTID_1": 208, "id_interve": "5007118", "nomenclatu": "KR 7H ESTE ENTRE CL 107 SUR Y CL 108 SUR", "tipo_inter": 1, "loccodigo": "05", "barrio_leg": "BARRIO PUERTA AL LLANO SECTOR 1", "numero_con": 882, "año_contr": 2021, "numero_c_1": 922, "año_con_1": 2021, "tipo_contr": 1, "estado_con": 1, "entidad_co": 1, "enlace_con": "https:\/\/community.secop.gov.co\/Public\/Tendering\/OpportunityDetail\/Index?noticeUID=CO1.NTC.2222959&isFromPublicArea=True&isModal=False", "id_element": 305935, "tipo_eleme": 2, "funcion_el": 4, "area_eleme": 55.249351116900002, "SHAPE_Leng": 0.0017603111973300001, "Shape_Area": 4.4983956834700002e-09 }, "geometry": { "type": "Polygon", "coordinates": [ [ [ -74.100681280716515, 4.488274231870378 ], [ -74.100663629722703, 4.488214446739391 ], [ -74.100660687140987, 4.48820448764701 ], [ -74.100650567969296, 4.488170243262175 ], [ -74.100643144965147, 4.488145078432694 ], [ -74.100635228233159, 4.488118236367541 ], [ -74.100635221937921, 4.488118209387892 ], [ -74.100619866013972, 4.488066235768201 ], [ -74.100612535639982, 4.488041411781751 ], [ -74.100604511888662, 4.488014235168862 ], [ -74.100589157763409, 4.487962232770883 ], [ -74.100589148770155, 4.487962202193899 ], [ -74.100573806336058, 4.487910227674888 ], [ -74.100558463901962, 4.487858235169483 ], [ -74.100549191891673, 4.48782687940701 ], [ -74.100543089092241, 4.487806230073488 ], [ -74.100543077401085, 4.487806194100642 ], [ -74.100527737664947, 4.487754223178911 ], [ -74.100512390734195, 4.487702231572769 ], [ -74.100497032112287, 4.487650221980232 ], [ -74.100486957007433, 4.487616115191599 ], [ -74.10048166719514, 4.487598222280155 ], [ -74.100466322063085, 4.487546224378775 ], [ -74.100435613812465, 4.487442215985538 ], [ -74.10043676944133, 4.487441872444492 ], [ -74.100440296582406, 4.487446087566923 ], [ -74.100443054803122, 4.487450841383293 ], [ -74.100444963164477, 4.487455996297228 ], [ -74.100685532711111, 4.488270062613367 ], [ -74.100686268356583, 4.488271618440479 ], [ -74.100686793560612, 4.488273257005233 ], [ -74.100687098430797, 4.488274950428661 ], [ -74.1006871793698, 4.488276669033098 ], [ -74.100686964431816, 4.488278791433117 ], [ -74.100686406852162, 4.488280849981265 ], [ -74.100685522818594, 4.488282790718245 ], [ -74.100684333914842, 4.488284562382717 ], [ -74.100681280716515, 4.488274231870378 ] ] ] } },
{ "type": "Feature", "properties": { "OBJECTID_1": 209, "id_interve": "5007118", "nomenclatu": "KR 7H ESTE ENTRE CL 107 SUR Y CL 108 SUR", "tipo_inter": 1, "loccodigo": "05", "barrio_leg": "BARRIO PUERTA AL LLANO SECTOR 1", "numero_con": 882, "año_contr": 2021, "numero_c_1": 922, "año_con_1": 2021, "tipo_contr": 1, "estado_con": 1, "entidad_co": 1, "enlace_con": "https:\/\/community.secop.gov.co\/Public\/Tendering\/OpportunityDetail\/Index?noticeUID=CO1.NTC.2222959&isFromPublicArea=True&isModal=False", "id_element": 305936, "tipo_eleme": 1, "funcion_el": 1, "area_eleme": 465.34990620100001, "SHAPE_Leng": 0.0019517182201, "Shape_Area": 3.7888286330599997e-08 }, "geometry": { "type": "Polygon", "coordinates": [ [ [ -74.1006871793698, 4.488276669033098 ], [ -74.100687098430797, 4.488274950428661 ], [ -74.100686793560612, 4.488273257005233 ], [ -74.100686268356583, 4.488271618440479 ], [ -74.100685532711111, 4.488270062613367 ], [ -74.100444963164477, 4.487455996297228 ], [ -74.100443054803122, 4.487450841383293 ], [ -74.100440296582406, 4.487446087566923 ], [ -74.10043676944133, 4.487441872444492 ], [ -74.100433284568396, 4.487438837232617 ], [ -74.100429398597839, 4.487436337117288 ], [ -74.100425192468606, 4.487434423360014 ], [ -74.100420755213634, 4.487433135530807 ], [ -74.100416177664442, 4.487432500609486 ], [ -74.100452394262561, 4.487421939870671 ], [ -74.100480230977837, 4.487413822589872 ], [ -74.100478275851685, 4.487415714763472 ], [ -74.100476672360514, 4.487417911807256 ], [ -74.10047546636963, 4.487420349869296 ], [ -74.100474694751313, 4.48742295790322 ], [ -74.100474378189972, 4.487425660366 ], [ -74.100474527477445, 4.487428376318576 ], [ -74.100475137217757, 4.487431026620641 ], [ -74.100476190323889, 4.48743353482979 ], [ -74.100476200216406, 4.487433565406775 ], [ -74.100728346735764, 4.488252607671768 ], [ -74.100729239762586, 4.48825578137928 ], [ -74.100730510504604, 4.488258821987074 ], [ -74.100732141874801, 4.488261686327803 ], [ -74.100740142243751, 4.488288151576967 ], [ -74.100694836197704, 4.488301541582928 ], [ -74.1006871793698, 4.488276669033098 ] ] ] } },
{ "type": "Feature", "properties": { "OBJECTID_1": 210, "id_interve": "5007169", "nomenclatu": "CL 108 SUR ENTRE KR 7B ESTE Y KR 7C ESTE", "tipo_inter": 1, "loccodigo": "05", "barrio_leg": "BARRIO PUERTA AL LLANO SECTOR 1", "numero_con": 882, "año_contr": 2021, "numero_c_1": 922, "año_con_1": 2021, "tipo_contr": 1, "estado_con": 1, "entidad_co": 1, "enlace_con": "https:\/\/community.secop.gov.co\/Public\/Tendering\/OpportunityDetail\/Index?noticeUID=CO1.NTC.2222959&isFromPublicArea=True&isModal=False", "id_element": 306040, "tipo_eleme": 2, "funcion_el": 4, "area_eleme": 80.394327515800001, "SHAPE_Leng": 0.00054371163489900002, "Shape_Area": 6.54559258522e-09 }, "geometry": { "type": "Polygon", "coordinates": [ [ [ -74.101562223317899, 4.487057734227108 ], [ -74.101792840966823, 4.486976270038895 ], [ -74.101796545274283, 4.486986832576292 ], [ -74.10179999777165, 4.486996680152743 ], [ -74.101801676805906, 4.487001467243942 ], [ -74.101576689812362, 4.487080942131797 ], [ -74.101570006950226, 4.48708330285217 ], [ -74.101565289106759, 4.487067806634002 ], [ -74.101562223317899, 4.487057734227108 ] ] ] } },
{ "type": "Feature", "properties": { "OBJECTID_1": 211, "id_interve": "5007169", "nomenclatu": "CL 108 SUR ENTRE KR 7B ESTE Y KR 7C ESTE", "tipo_inter": 1, "loccodigo": "05", "barrio_leg": "BARRIO PUERTA AL LLANO SECTOR 1", "numero_con": 882, "año_contr": 2021, "numero_c_1": 922, "año_con_1": 2021, "tipo_contr": 1, "estado_con": 1, "entidad_co": 1, "enlace_con": "https:\/\/community.secop.gov.co\/Public\/Tendering\/OpportunityDetail\/Index?noticeUID=CO1.NTC.2222959&isFromPublicArea=True&isModal=False", "id_element": 306042, "tipo_eleme": 2, "funcion_el": 4, "area_eleme": 44.467944574800001, "SHAPE_Leng": 0.00048363321857499997, "Shape_Area": 3.6205427085499998e-09 }, "geometry": { "type": "Polygon", "coordinates": [ [ [ -74.101541477756939, 4.487002061695819 ], [ -74.101543626237344, 4.487001302668034 ], [ -74.101699137904859, 4.486946369379496 ], [ -74.101743416925103, 4.486930728370453 ], [ -74.10174788385774, 4.486929150060291 ], [ -74.101751117819788, 4.486928007921279 ], [ -74.101758026411744, 4.486925567161222 ], [ -74.101758047096155, 4.486925636409069 ], [ -74.101758327684649, 4.486928807418565 ], [ -74.101758090263615, 4.486931982924716 ], [ -74.101757341128348, 4.486935077491864 ], [ -74.101756099164618, 4.486938009281744 ], [ -74.101754397647312, 4.48694070095263 ], [ -74.10175228334117, 4.486943080558774 ], [ -74.101750315624543, 4.486944725418766 ], [ -74.101748149157743, 4.486946095985616 ], [ -74.101553472015098, 4.487014865343781 ], [ -74.101549734432638, 4.487016061442148 ], [ -74.101545870045811, 4.487016741329569 ], [ -74.101541477756939, 4.487002061695819 ] ] ] } },
{ "type": "Feature", "properties": { "OBJECTID_1": 212, "id_interve": "5007169", "nomenclatu": "CL 108 SUR ENTRE KR 7B ESTE Y KR 7C ESTE", "tipo_inter": 1, "loccodigo": "05", "barrio_leg": "BARRIO PUERTA AL LLANO SECTOR 1", "numero_con": 882, "año_contr": 2021, "numero_c_1": 922, "año_con_1": 2021, "tipo_contr": 1, "estado_con": 1, "entidad_co": 1, "enlace_con": "https:\/\/community.secop.gov.co\/Public\/Tendering\/OpportunityDetail\/Index?noticeUID=CO1.NTC.2222959&isFromPublicArea=True&isModal=False", "id_element": 306041, "tipo_eleme": 1, "funcion_el": 1, "area_eleme": 131.22453842600001, "SHAPE_Leng": 0.000580260826165, "Shape_Area": 1.06841469973e-08 }, "geometry": { "type": "Polygon", "coordinates": [ [ [ -74.101545870045811, 4.487016741329569 ], [ -74.101549734432638, 4.487016061442148 ], [ -74.101553472015098, 4.487014865343781 ], [ -74.101748149157743, 4.486946095985616 ], [ -74.101750315624543, 4.486944725418766 ], [ -74.10175228334117, 4.486943080558774 ], [ -74.101778012944919, 4.486933992010165 ], [ -74.101792840966823, 4.486976270038895 ], [ -74.101562223317899, 4.487057734227108 ], [ -74.101545870045811, 4.487016741329569 ] ] ] } },
{ "type": "Feature", "properties": { "OBJECTID_1": 213, "id_interve": "5007185", "nomenclatu": "CL 108 SUR ENTRE KR 7A ESTE Y KR 7A BIS ESTE", "tipo_inter": 1, "loccodigo": "05", "barrio_leg": "BARRIO PUERTA AL LLANO SECTOR 1", "numero_con": 882, "año_contr": 2021, "numero_c_1": 922, "año_con_1": 2021, "tipo_contr": 1, "estado_con": 1, "entidad_co": 1, "enlace_con": "https:\/\/community.secop.gov.co\/Public\/Tendering\/OpportunityDetail\/Index?noticeUID=CO1.NTC.2222959&isFromPublicArea=True&isModal=False", "id_element": 306078, "tipo_eleme": 2, "funcion_el": 4, "area_eleme": 38.7819122987, "SHAPE_Leng": 0.00047599528221200002, "Shape_Area": 3.15757554291e-09 }, "geometry": { "type": "Polygon", "coordinates": [ [ [ -74.102049342902831, 4.48682296710632 ], [ -74.102065616135235, 4.486817516315398 ], [ -74.102155856807315, 4.486787289202084 ], [ -74.102252793831326, 4.486754818280303 ], [ -74.102266217112174, 4.486750321670058 ], [ -74.102268538262365, 4.486749544655822 ], [ -74.102267560699318, 4.48675284696634 ], [ -74.102266215313534, 4.486756016177253 ], [ -74.10226358479656, 4.486760385983075 ], [ -74.102260255506337, 4.486764250369902 ], [ -74.102256322771041, 4.486767499620441 ], [ -74.102251899905241, 4.486770040205215 ], [ -74.102247111914664, 4.486771799279154 ], [ -74.1020684013356, 4.486831659053848 ], [ -74.102066615282013, 4.486832382108787 ], [ -74.10206474559152, 4.486832844360322 ], [ -74.10206282913623, 4.486833035915936 ], [ -74.102060566441935, 4.486832908212193 ], [ -74.102058355908355, 4.486832405491157 ], [ -74.102056260487984, 4.486831543041319 ], [ -74.102054337737457, 4.48683034334573 ], [ -74.102052640716749, 4.486828840578596 ], [ -74.102051217989299, 4.486827076108739 ], [ -74.102050108225853, 4.486825100298176 ], [ -74.102049342902831, 4.48682296710632 ] ] ] } },
{ "type": "Feature", "properties": { "OBJECTID_1": 214, "id_interve": "5007185", "nomenclatu": "CL 108 SUR ENTRE KR 7A ESTE Y KR 7A BIS ESTE", "tipo_inter": 1, "loccodigo": "05", "barrio_leg": "BARRIO PUERTA AL LLANO SECTOR 1", "numero_con": 882, "año_contr": 2021, "numero_c_1": 922, "año_con_1": 2021, "tipo_contr": 1, "estado_con": 1, "entidad_co": 1, "enlace_con": "https:\/\/community.secop.gov.co\/Public\/Tendering\/OpportunityDetail\/Index?noticeUID=CO1.NTC.2222959&isFromPublicArea=True&isModal=False", "id_element": 306076, "tipo_eleme": 2, "funcion_el": 4, "area_eleme": 87.791746110399998, "SHAPE_Leng": 0.00058881388359599996, "Shape_Area": 7.147770337e-09 }, "geometry": { "type": "Polygon", "coordinates": [ [ [ -74.102052094828252, 4.48688469027627 ], [ -74.102304514741547, 4.486795524294052 ], [ -74.102308713676166, 4.486807496968481 ], [ -74.102309860311777, 4.486810764205472 ], [ -74.102313352379269, 4.486820719700518 ], [ -74.102060930667392, 4.486909885682735 ], [ -74.102058480914138, 4.486902898849735 ], [ -74.102056050046656, 4.486895967774728 ], [ -74.102052094828252, 4.48688469027627 ] ] ] } },
{ "type": "Feature", "properties": { "OBJECTID_1": 215, "id_interve": "5007173", "nomenclatu": "CL 108 SUR ENTRE KR 7A ESTE Y KR 7B ESTE", "tipo_inter": 1, "loccodigo": "05", "barrio_leg": "BARRIO PUERTA AL LLANO SECTOR 1", "numero_con": 882, "año_contr": 2021, "numero_c_1": 922, "año_con_1": 2021, "tipo_contr": 1, "estado_con": 1, "entidad_co": 1, "enlace_con": "https:\/\/community.secop.gov.co\/Public\/Tendering\/OpportunityDetail\/Index?noticeUID=CO1.NTC.2222959&isFromPublicArea=True&isModal=False", "id_element": 306054, "tipo_eleme": 2, "funcion_el": 4, "area_eleme": 36.446537766299997, "SHAPE_Leng": 0.00048095248619700002, "Shape_Area": 2.967411995e-09 }, "geometry": { "type": "Polygon", "coordinates": [ [ [ -74.101791913765794, 4.486915676417368 ], [ -74.101805703970001, 4.48691080389051 ], [ -74.102006013566609, 4.486840046131249 ], [ -74.102012381666043, 4.486837796926807 ], [ -74.102012661355218, 4.486840177432271 ], [ -74.102012570523698, 4.486842572326907 ], [ -74.102012110970122, 4.486844924953346 ], [ -74.102011293486385, 4.486847178654443 ], [ -74.102010138756839, 4.486849278571412 ], [ -74.102008673761247, 4.486851176140931 ], [ -74.102006937170358, 4.486852819202284 ], [ -74.102004967655091, 4.486854174480641 ], [ -74.102002811080808, 4.486855207801625 ], [ -74.102000521406922, 4.486855893984341 ], [ -74.101822661586539, 4.486918720622498 ], [ -74.101811021661263, 4.486922833222252 ], [ -74.101809117796506, 4.486923386305307 ], [ -74.101807159073076, 4.48692369567209 ], [ -74.101804559133086, 4.486923723551058 ], [ -74.101801989769967, 4.486923323352755 ], [ -74.101799521130943, 4.486922507667657 ], [ -74.101797219765842, 4.486921297180174 ], [ -74.101795148627161, 4.486919725165251 ], [ -74.101793364372213, 4.486917833890971 ], [ -74.101791913765794, 4.486915676417368 ] ] ] } },
{ "type": "Feature", "properties": { "OBJECTID_1": 216, "id_interve": "5007173", "nomenclatu": "CL 108 SUR ENTRE KR 7A ESTE Y KR 7B ESTE", "tipo_inter": 1, "loccodigo": "05", "barrio_leg": "BARRIO PUERTA AL LLANO SECTOR 1", "numero_con": 882, "año_contr": 2021, "numero_c_1": 922, "año_con_1": 2021, "tipo_contr": 1, "estado_con": 1, "entidad_co": 1, "enlace_con": "https:\/\/community.secop.gov.co\/Public\/Tendering\/OpportunityDetail\/Index?noticeUID=CO1.NTC.2222959&isFromPublicArea=True&isModal=False", "id_element": 306052, "tipo_eleme": 2, "funcion_el": 4, "area_eleme": 90.169639375399996, "SHAPE_Leng": 0.00060330953443900001, "Shape_Area": 7.3414363058200001e-09 }, "geometry": { "type": "Polygon", "coordinates": [ [ [ -74.101792840966823, 4.486976270038895 ], [ -74.102052094828252, 4.48688469027627 ], [ -74.102056050046656, 4.486895967774728 ], [ -74.102058480914138, 4.486902898849735 ], [ -74.102060930667392, 4.486909885682735 ], [ -74.101801676805906, 4.487001467243942 ], [ -74.10179999777165, 4.486996680152743 ], [ -74.101796545274283, 4.486986832576292 ], [ -74.101792840966823, 4.486976270038895 ] ] ] } },
{ "type": "Feature", "properties": { "OBJECTID_1": 217, "id_interve": "5007185", "nomenclatu": "CL 108 SUR ENTRE KR 7A ESTE Y KR 7A BIS ESTE", "tipo_inter": 1, "loccodigo": "05", "barrio_leg": "BARRIO PUERTA AL LLANO SECTOR 1", "numero_con": 882, "año_contr": 2021, "numero_c_1": 922, "año_con_1": 2021, "tipo_contr": 1, "estado_con": 1, "entidad_co": 1, "enlace_con": "https:\/\/community.secop.gov.co\/Public\/Tendering\/OpportunityDetail\/Index?noticeUID=CO1.NTC.2222959&isFromPublicArea=True&isModal=False", "id_element": 306077, "tipo_eleme": 1, "funcion_el": 1, "area_eleme": 147.061558378, "SHAPE_Leng": 0.00064953992519700004, "Shape_Area": 1.1973570815e-08 }, "geometry": { "type": "Polygon", "coordinates": [ [ [ -74.10203701319756, 4.48684168379674 ], [ -74.10206282913623, 4.486833035915936 ], [ -74.10206474559152, 4.486832844360322 ], [ -74.102066615282013, 4.486832382108787 ], [ -74.1020684013356, 4.486831659053848 ], [ -74.102247111914664, 4.486771799279154 ], [ -74.102251899905241, 4.486770040205215 ], [ -74.102256322771041, 4.486767499620441 ], [ -74.102260255506337, 4.486764250369902 ], [ -74.10226358479656, 4.486760385983075 ], [ -74.102266215313534, 4.486756016177253 ], [ -74.102267560699318, 4.48675284696634 ], [ -74.102268538262365, 4.486749544655822 ], [ -74.10226886381696, 4.486747954654447 ], [ -74.102269318873937, 4.486743824068299 ], [ -74.102284503027363, 4.486738461410937 ], [ -74.102304514741547, 4.486795524294052 ], [ -74.102052094828252, 4.48688469027627 ], [ -74.10203701319756, 4.48684168379674 ] ] ] } },
{ "type": "Feature", "properties": { "OBJECTID_1": 218, "id_interve": "5007173", "nomenclatu": "CL 108 SUR ENTRE KR 7A ESTE Y KR 7B ESTE", "tipo_inter": 1, "loccodigo": "05", "barrio_leg": "BARRIO PUERTA AL LLANO SECTOR 1", "numero_con": 882, "año_contr": 2021, "numero_c_1": 922, "año_con_1": 2021, "tipo_contr": 1, "estado_con": 1, "entidad_co": 1, "enlace_con": "https:\/\/community.secop.gov.co\/Public\/Tendering\/OpportunityDetail\/Index?noticeUID=CO1.NTC.2222959&isFromPublicArea=True&isModal=False", "id_element": 306053, "tipo_eleme": 1, "funcion_el": 1, "area_eleme": 150.483313162, "SHAPE_Leng": 0.00064064452383299998, "Shape_Area": 1.2252246031500001e-08 }, "geometry": { "type": "Polygon", "coordinates": [ [ [ -74.101778012944919, 4.486933992010165 ], [ -74.101807159073076, 4.48692369567209 ], [ -74.101809117796506, 4.486923386305307 ], [ -74.101811021661263, 4.486922833222252 ], [ -74.101822661586539, 4.486918720622498 ], [ -74.102000521406922, 4.486855893984341 ], [ -74.102002811080808, 4.486855207801625 ], [ -74.102004967655091, 4.486854174480641 ], [ -74.102006937170358, 4.486852819202284 ], [ -74.102008673761247, 4.486851176140931 ], [ -74.10203701319756, 4.48684168379674 ], [ -74.102052094828252, 4.48688469027627 ], [ -74.101792840966823, 4.486976270038895 ], [ -74.101778012944919, 4.486933992010165 ] ] ] } },
{ "type": "Feature", "properties": { "OBJECTID_1": 219, "id_interve": "5007202", "nomenclatu": "KR 7H ESTE ENTRE CL 108 SUR Y CL 109 SUR", "tipo_inter": 1, "loccodigo": "05", "barrio_leg": "BARRIO PUERTA AL LLANO SECTOR 1", "numero_con": 882, "año_contr": 2021, "numero_c_1": 922, "año_con_1": 2021, "tipo_contr": 1, "estado_con": 1, "entidad_co": 1, "enlace_con": "https:\/\/community.secop.gov.co\/Public\/Tendering\/OpportunityDetail\/Index?noticeUID=CO1.NTC.2222959&isFromPublicArea=True&isModal=False", "id_element": 306121, "tipo_eleme": 2, "funcion_el": 4, "area_eleme": 195.041595548, "SHAPE_Leng": 0.0017833133769199999, "Shape_Area": 1.58800654932e-08 }, "geometry": { "type": "Polygon", "coordinates": [ [ [ -74.100141878145109, 4.486510959013572 ], [ -74.100142537348177, 4.486510751270202 ], [ -74.100157563220932, 4.486506006447087 ], [ -74.100159536333479, 4.486508198994215 ], [ -74.10016218933356, 4.486512116441077 ], [ -74.100163943011523, 4.486515892694342 ], [ -74.100165113928824, 4.48651988928151 ], [ -74.100165676904453, 4.48652401537106 ], [ -74.100165717373898, 4.486524975847033 ], [ -74.100178726067327, 4.486568482349639 ], [ -74.100404743683953, 4.487324451562245 ], [ -74.100409896799249, 4.487341684371302 ], [ -74.10041016839449, 4.487343383190648 ], [ -74.100393601983114, 4.487348235932416 ], [ -74.100392335737638, 4.487344026205903 ], [ -74.100391657648856, 4.487341768907584 ], [ -74.100142557133267, 4.486513217211268 ], [ -74.100141878145109, 4.486510959013572 ] ] ] } },
{ "type": "Feature", "properties": { "OBJECTID_1": 220, "id_interve": "5007202", "nomenclatu": "KR 7H ESTE ENTRE CL 108 SUR Y CL 109 SUR", "tipo_inter": 1, "loccodigo": "05", "barrio_leg": "BARRIO PUERTA AL LLANO SECTOR 1", "numero_con": 882, "año_contr": 2021, "numero_c_1": 922, "año_con_1": 2021, "tipo_contr": 1, "estado_con": 1, "entidad_co": 1, "enlace_con": "https:\/\/community.secop.gov.co\/Public\/Tendering\/OpportunityDetail\/Index?noticeUID=CO1.NTC.2222959&isFromPublicArea=True&isModal=False", "id_element": 306123, "tipo_eleme": 2, "funcion_el": 4, "area_eleme": 129.81085472199999, "SHAPE_Leng": 0.0017594227194, "Shape_Area": 1.05690942452e-08 }, "geometry": { "type": "Polygon", "coordinates": [ [ [ -74.100197119901111, 4.486495788349998 ], [ -74.100208169871109, 4.486492475247587 ], [ -74.100209919951794, 4.48649195094282 ], [ -74.100240852133595, 4.48659588109507 ], [ -74.100245632929557, 4.486612001442779 ], [ -74.100256307882262, 4.48664785831204 ], [ -74.100264869428145, 4.486676632120918 ], [ -74.100271770825543, 4.486699827435132 ], [ -74.100287235567407, 4.486751796558224 ], [ -74.100302697611369, 4.486803777372472 ], [ -74.100318163252609, 4.486855733905031 ], [ -74.100318172245807, 4.486855762683376 ], [ -74.100333635189088, 4.486907700330164 ], [ -74.100333647779564, 4.486907742598305 ], [ -74.100342720140361, 4.486938278179025 ], [ -74.100349082843877, 4.486959674849174 ], [ -74.100364540391183, 4.487011633180373 ], [ -74.100380011428342, 4.487063608598703 ], [ -74.100395484264141, 4.487115582218394 ], [ -74.100410933717569, 4.487167553140125 ], [ -74.100419101360387, 4.48719500494559 ], [ -74.100426395761531, 4.487219522263217 ], [ -74.100457307258864, 4.487323422737802 ], [ -74.100457318950077, 4.487323462307984 ], [ -74.100446786090288, 4.487326616230405 ], [ -74.100197119901111, 4.486495788349998 ] ] ] } },
{ "type": "Feature", "properties": { "OBJECTID_1": 221, "id_interve": "5007202", "nomenclatu": "KR 7H ESTE ENTRE CL 108 SUR Y CL 109 SUR", "tipo_inter": 1, "loccodigo": "05", "barrio_leg": "BARRIO PUERTA AL LLANO SECTOR 1", "numero_con": 882, "año_contr": 2021, "numero_c_1": 922, "año_con_1": 2021, "tipo_contr": 1, "estado_con": 1, "entidad_co": 1, "enlace_con": "https:\/\/community.secop.gov.co\/Public\/Tendering\/OpportunityDetail\/Index?noticeUID=CO1.NTC.2222959&isFromPublicArea=True&isModal=False", "id_element": 306122, "tipo_eleme": 1, "funcion_el": 1, "area_eleme": 435.68624312100002, "SHAPE_Leng": 0.00193785348335, "Shape_Area": 3.54730708953e-08 }, "geometry": { "type": "Polygon", "coordinates": [ [ [ -74.10041016839449, 4.487343383190648 ], [ -74.100409896799249, 4.487341684371302 ], [ -74.100404743683953, 4.487324451562245 ], [ -74.100178726067327, 4.486568482349639 ], [ -74.100165717373898, 4.486524975847033 ], [ -74.100165676904453, 4.48652401537106 ], [ -74.100165113928824, 4.48651988928151 ], [ -74.100163943011523, 4.486515892694342 ], [ -74.10016218933356, 4.486512116441077 ], [ -74.100159536333479, 4.486508198994215 ], [ -74.100157563220932, 4.486506006447087 ], [ -74.100154115220221, 4.486503082751142 ], [ -74.100150237343541, 4.486500760701574 ], [ -74.100146033012948, 4.486499101452409 ], [ -74.100141613744427, 4.486498149070371 ], [ -74.100176788028307, 4.4864876665726 ], [ -74.100201724430008, 4.486480238172476 ], [ -74.100200174898134, 4.486481518807068 ], [ -74.100198842102827, 4.486483023372898 ], [ -74.100197757520448, 4.48648471589695 ], [ -74.100196946331948, 4.486486555010572 ], [ -74.100196429221796, 4.486488497546191 ], [ -74.100196217881091, 4.486490495839746 ], [ -74.100196316806546, 4.486492504025875 ], [ -74.100196725098726, 4.486494471742503 ], [ -74.100197119901111, 4.486495788349998 ], [ -74.100446786090288, 4.487326616230405 ], [ -74.100451256620147, 4.487341492815688 ], [ -74.100452043526957, 4.48734367277234 ], [ -74.100453193759847, 4.487345684555748 ], [ -74.100454673144611, 4.487347468810697 ], [ -74.100431759318212, 4.48735418224976 ], [ -74.100403514310699, 4.48736245781123 ], [ -74.100405800387364, 4.487359829992215 ], [ -74.100407662883299, 4.487356885611803 ], [ -74.100409056832461, 4.487353693018576 ], [ -74.100409950758603, 4.487350326856131 ], [ -74.100410323977258, 4.487346862667607 ], [ -74.10041016839449, 4.487343383190648 ] ] ] } },
{ "type": "Feature", "properties": { "OBJECTID_1": 222, "id_interve": "5003561", "nomenclatu": "CL 87C SUR ENTRE KR 7D ESTE Y KR 7F ESTE", "tipo_inter": 1, "loccodigo": "05", "barrio_leg": "EL BOSQUE", "numero_con": 876, "año_contr": 2021, "numero_c_1": 908, "año_con_1": 2021, "tipo_contr": 1, "estado_con": 1, "entidad_co": 1, "enlace_con": "https:\/\/community.secop.gov.co\/Public\/Tendering\/OpportunityDetail\/Index?noticeUID=CO1.NTC.2222959&isFromPublicArea=True&isModal=False", "id_element": 297791, "tipo_eleme": 2, "funcion_el": 4, "area_eleme": 57.470954474700001, "SHAPE_Leng": 0.00164453993223, "Shape_Area": 4.6792672010800001e-09 }, "geometry": { "type": "Polygon", "coordinates": [ [ [ -74.100328363363246, 4.506271140900481 ], [ -74.100329765406286, 4.506270387268614 ], [ -74.100334008407742, 4.506268102990589 ], [ -74.100348600807251, 4.506260250110529 ], [ -74.100381667979548, 4.506242455225163 ], [ -74.100445464086874, 4.506208121807447 ], [ -74.101031991133425, 4.505892484050946 ], [ -74.101035629790431, 4.505890637742766 ], [ -74.101039046314895, 4.505889528878697 ], [ -74.101042587845086, 4.505888927232263 ], [ -74.101046178838033, 4.50588884629326 ], [ -74.10104974375065, 4.505889286061745 ], [ -74.101049990164881, 4.505889331927165 ], [ -74.101049816595719, 4.505889424557324 ], [ -74.101041166016955, 4.505894081246879 ], [ -74.100327919098163, 4.506277914594136 ], [ -74.100328363363246, 4.506271140900481 ] ] ] } },
{ "type": "Feature", "properties": { "OBJECTID_1": 223, "id_interve": "5003561", "nomenclatu": "CL 87C SUR ENTRE KR 7D ESTE Y KR 7F ESTE", "tipo_inter": 1, "loccodigo": "05", "barrio_leg": "EL BOSQUE", "numero_con": 876, "año_contr": 2021, "numero_c_1": 908, "año_con_1": 2021, "tipo_contr": 1, "estado_con": 1, "entidad_co": 1, "enlace_con": "https:\/\/community.secop.gov.co\/Public\/Tendering\/OpportunityDetail\/Index?noticeUID=CO1.NTC.2222959&isFromPublicArea=True&isModal=False", "id_element": 297793, "tipo_eleme": 2, "funcion_el": 4, "area_eleme": 67.233246038999994, "SHAPE_Leng": 0.00159514985743, "Shape_Area": 5.4738514841700003e-09 }, "geometry": { "type": "Polygon", "coordinates": [ [ [ -74.100333887898557, 4.506210923195624 ], [ -74.10040915126126, 4.506171996940168 ], [ -74.100432970705015, 4.506159197788804 ], [ -74.100456793745991, 4.506146396838801 ], [ -74.100504438029361, 4.506120795838115 ], [ -74.100552083212051, 4.506095196636068 ], [ -74.100599726596045, 4.506069595635381 ], [ -74.100647370879415, 4.506043996433334 ], [ -74.100695015162785, 4.506018396331967 ], [ -74.100742659446155, 4.505992796230601 ], [ -74.100790303729468, 4.505967195229914 ], [ -74.100837948012838, 4.505941595128547 ], [ -74.100885592296208, 4.505915995027181 ], [ -74.100933235680259, 4.505890394026494 ], [ -74.100980879963629, 4.505864795723767 ], [ -74.100986437773827, 4.50586180907527 ], [ -74.101028525146262, 4.50583919472308 ], [ -74.101031116093111, 4.505837801673238 ], [ -74.101029884921218, 4.50584088275059 ], [ -74.101028223873413, 4.505843754285877 ], [ -74.101026168023225, 4.505846356923882 ], [ -74.101023759638736, 4.505848638503892 ], [ -74.101021049082135, 4.505850549563263 ], [ -74.100344812862772, 4.506214840642428 ], [ -74.100342202130889, 4.506216386577023 ], [ -74.10033938275626, 4.506217510729584 ], [ -74.100336423986732, 4.506218184321824 ], [ -74.100333396868734, 4.506218392065193 ], [ -74.100333887898557, 4.506210923195624 ] ] ] } },
{ "type": "Feature", "properties": { "OBJECTID_1": 224, "id_interve": "5003584", "nomenclatu": "CL 87C SUR ENTRE KR 7C ESTE Y KR 7D ESTE", "tipo_inter": 1, "loccodigo": "05", "barrio_leg": "EL BOSQUE", "numero_con": 876, "año_contr": 2021, "numero_c_1": 908, "año_con_1": 2021, "tipo_contr": 1, "estado_con": 1, "entidad_co": 1, "enlace_con": "https:\/\/community.secop.gov.co\/Public\/Tendering\/OpportunityDetail\/Index?noticeUID=CO1.NTC.2222959&isFromPublicArea=True&isModal=False", "id_element": 297848, "tipo_eleme": 2, "funcion_el": 4, "area_eleme": 71.096258175299994, "SHAPE_Leng": 0.0007839147492, "Shape_Area": 5.7887805125500001e-09 }, "geometry": { "type": "Polygon", "coordinates": [ [ [ -74.101089896681344, 4.505861434057977 ], [ -74.101090277993876, 4.505859124598942 ], [ -74.101091343690541, 4.505855577672833 ], [ -74.101092961570885, 4.50585224658397 ], [ -74.101095092064782, 4.505849215868693 ], [ -74.101097677615712, 4.505846564667252 ], [ -74.101406144178156, 4.505678433712774 ], [ -74.10140956340058, 4.505677982253133 ], [ -74.101413013199988, 4.505677982253133 ], [ -74.101417122202406, 4.505678579402968 ], [ -74.10142108731327, 4.50567981417214 ], [ -74.101424808707918, 4.505681655983665 ], [ -74.101428195554718, 4.505684058972179 ], [ -74.101420030609859, 4.505688509717004 ], [ -74.101414553738607, 4.505691494566861 ], [ -74.101102776771711, 4.505861431360017 ], [ -74.101090155686109, 4.505868311173685 ], [ -74.101089788762692, 4.505865228297694 ], [ -74.101089896681344, 4.505861434057977 ] ] ] } },
{ "type": "Feature", "properties": { "OBJECTID_1": 225, "id_interve": "5003561", "nomenclatu": "CL 87C SUR ENTRE KR 7D ESTE Y KR 7F ESTE", "tipo_inter": 1, "loccodigo": "05", "barrio_leg": "EL BOSQUE", "numero_con": 876, "año_contr": 2021, "numero_c_1": 908, "año_con_1": 2021, "tipo_contr": 1, "estado_con": 1, "entidad_co": 1, "enlace_con": "https:\/\/community.secop.gov.co\/Public\/Tendering\/OpportunityDetail\/Index?noticeUID=CO1.NTC.2222959&isFromPublicArea=True&isModal=False", "id_element": 297792, "tipo_eleme": 1, "funcion_el": 1, "area_eleme": 446.65103758399999, "SHAPE_Leng": 0.0018694751777799999, "Shape_Area": 3.6367017175600001e-08 }, "geometry": { "type": "Polygon", "coordinates": [ [ [ -74.100312495725063, 4.506246707219816 ], [ -74.100315425716303, 4.506206145097565 ], [ -74.100316911396305, 4.506209079585403 ], [ -74.100318867421777, 4.50621172449155 ], [ -74.100321237135347, 4.506214005172239 ], [ -74.100323955785882, 4.506215857775658 ], [ -74.100326945132394, 4.50621723014109 ], [ -74.100330122437185, 4.50621808269841 ], [ -74.100333396868734, 4.506218392065193 ], [ -74.100336423986732, 4.506218184321824 ], [ -74.10033938275626, 4.506217510729584 ], [ -74.100342202130889, 4.506216386577023 ], [ -74.100344812862772, 4.506214840642428 ], [ -74.101021049082135, 4.505850549563263 ], [ -74.101023759638736, 4.505848638503892 ], [ -74.101026168023225, 4.505846356923882 ], [ -74.101028223873413, 4.505843754285877 ], [ -74.101029884921218, 4.50584088275059 ], [ -74.101031116093111, 4.505837801673238 ], [ -74.101031902999864, 4.505834525443049 ], [ -74.101032205172089, 4.505831169173177 ], [ -74.101032016314434, 4.505827804809371 ], [ -74.101031340923612, 4.505824503398173 ], [ -74.101030193388681, 4.50582133508658 ], [ -74.101041406135948, 4.505815222394631 ], [ -74.101071710590929, 4.505871221379834 ], [ -74.101047188776704, 4.505884417132165 ], [ -74.101035629790431, 4.505890637742766 ], [ -74.101031991133425, 4.505892484050946 ], [ -74.100445464086874, 4.506208121807447 ], [ -74.100381667979548, 4.506242455225163 ], [ -74.100348600807251, 4.506260250110529 ], [ -74.100334008407742, 4.506268102990589 ], [ -74.100329765406286, 4.506270387268614 ], [ -74.100328363363246, 4.506271140900481 ], [ -74.10032813403609, 4.506271265006944 ], [ -74.100326875884548, 4.506271942196406 ], [ -74.100323239026238, 4.506273647311048 ], [ -74.10031953921532, 4.506276068285956 ], [ -74.100316234206787, 4.506279005471754 ], [ -74.100313395946444, 4.506282395016569 ], [ -74.10031108378945, 4.506286164974597 ], [ -74.10030934989652, 4.506290231708874 ], [ -74.100312495725063, 4.506246707219816 ] ] ] } },
{ "type": "Feature", "properties": { "OBJECTID_1": 226, "id_interve": "5003584", "nomenclatu": "CL 87C SUR ENTRE KR 7C ESTE Y KR 7D ESTE", "tipo_inter": 1, "loccodigo": "05", "barrio_leg": "EL BOSQUE", "numero_con": 876, "año_contr": 2021, "numero_c_1": 908, "año_con_1": 2021, "tipo_contr": 1, "estado_con": 1, "entidad_co": 1, "enlace_con": "https:\/\/community.secop.gov.co\/Public\/Tendering\/OpportunityDetail\/Index?noticeUID=CO1.NTC.2222959&isFromPublicArea=True&isModal=False", "id_element": 297849, "tipo_eleme": 1, "funcion_el": 1, "area_eleme": 296.46662534699999, "SHAPE_Leng": 0.0012719934203, "Shape_Area": 2.4138457414099999e-08 }, "geometry": { "type": "Polygon", "coordinates": [ [ [ -74.101041406135948, 4.505815222394631 ], [ -74.10106158692264, 4.505804222786708 ], [ -74.101063780369145, 4.505803026688397 ], [ -74.101088586369144, 4.505789508079374 ], [ -74.101371753203807, 4.505660746746116 ], [ -74.101378687876092, 4.505656640441657 ], [ -74.101384974137204, 4.505651596144276 ], [ -74.101390486082039, 4.505645716376762 ], [ -74.101395113993306, 4.505639118050908 ], [ -74.101398765240788, 4.505631933367056 ], [ -74.101400134008941, 4.505628372951094 ], [ -74.101400353443523, 4.505627741626995 ], [ -74.101400005405878, 4.505626208282933 ], [ -74.101396778638389, 4.505611955827135 ], [ -74.101481688129354, 4.505598296024573 ], [ -74.101584140695479, 4.505581812350783 ], [ -74.101468271143744, 4.505644967241494 ], [ -74.101465834880344, 4.505646800959141 ], [ -74.101463672910143, 4.505648951238129 ], [ -74.101461824803323, 4.505651376709693 ], [ -74.101413013199988, 4.505677982253133 ], [ -74.10140956340058, 4.505677982253133 ], [ -74.101406144178156, 4.505678433712774 ], [ -74.101097677615712, 4.505846564667252 ], [ -74.101095092064782, 4.505849215868693 ], [ -74.101092961570885, 4.50585224658397 ], [ -74.101091343690541, 4.505855577672833 ], [ -74.101090277993876, 4.505859124598942 ], [ -74.101089896681344, 4.505861434057977 ], [ -74.101083144571419, 4.505865068218384 ], [ -74.101071710590929, 4.505871221379834 ], [ -74.101041406135948, 4.505815222394631 ] ] ] } },
{ "type": "Feature", "properties": { "OBJECTID_1": 227, "id_interve": "5003670", "nomenclatu": "CL 87G SUR ENTRE KR 7D ESTE Y KR 7F ESTE", "tipo_inter": 1, "loccodigo": "05", "barrio_leg": "EL BOSQUE", "numero_con": 876, "año_contr": 2021, "numero_c_1": 908, "año_con_1": 2021, "tipo_contr": 1, "estado_con": 1, "entidad_co": 1, "enlace_con": "https:\/\/community.secop.gov.co\/Public\/Tendering\/OpportunityDetail\/Index?noticeUID=CO1.NTC.2222959&isFromPublicArea=True&isModal=False", "id_element": 298043, "tipo_eleme": 2, "funcion_el": 4, "area_eleme": 51.578479272400003, "SHAPE_Leng": 0.00064815679863500003, "Shape_Area": 4.1995867176799998e-09 }, "geometry": { "type": "Polygon", "coordinates": [ [ [ -74.100395748664823, 4.505299677937842 ], [ -74.100397985278732, 4.505299308316467 ], [ -74.100400251570306, 4.505299242665956 ], [ -74.100402506170667, 4.505299480986309 ], [ -74.100668483363791, 4.505162966597652 ], [ -74.100676159077466, 4.505178052725 ], [ -74.100671064418066, 4.505180532155862 ], [ -74.100578898297499, 4.505225370554456 ], [ -74.100528655872722, 4.505249838409384 ], [ -74.100480025033107, 4.505273495975132 ], [ -74.100434620960925, 4.505295543754414 ], [ -74.100395157810226, 4.505313266693975 ], [ -74.100395391633981, 4.50530788964744 ], [ -74.100395748664823, 4.505299677937842 ] ] ] } },
{ "type": "Feature", "properties": { "OBJECTID_1": 228, "id_interve": "5003713", "nomenclatu": "CL 87G SUR ENTRE KR 7C ESTE Y KR 7D ESTE", "tipo_inter": 1, "loccodigo": "05", "barrio_leg": "EL BOSQUE", "numero_con": 876, "año_contr": 2021, "numero_c_1": 908, "año_con_1": 2021, "tipo_contr": 1, "estado_con": 1, "entidad_co": 1, "enlace_con": "https:\/\/community.secop.gov.co\/Public\/Tendering\/OpportunityDetail\/Index?noticeUID=CO1.NTC.2222959&isFromPublicArea=True&isModal=False", "id_element": 298147, "tipo_eleme": 2, "funcion_el": 4, "area_eleme": 45.384651422700003, "SHAPE_Leng": 0.00068842337072899998, "Shape_Area": 3.6951473373199999e-09 }, "geometry": { "type": "Polygon", "coordinates": [ [ [ -74.100748119230275, 4.505072355404934 ], [ -74.101041774858004, 4.504915554109573 ], [ -74.101047270615027, 4.504925194841917 ], [ -74.100753228278847, 4.505082202082008 ], [ -74.100748119230275, 4.505072355404934 ] ] ] } },
{ "type": "Feature", "properties": { "OBJECTID_1": 229, "id_interve": "5003670", "nomenclatu": "CL 87G SUR ENTRE KR 7D ESTE Y KR 7F ESTE", "tipo_inter": 1, "loccodigo": "05", "barrio_leg": "EL BOSQUE", "numero_con": 876, "año_contr": 2021, "numero_c_1": 908, "año_con_1": 2021, "tipo_contr": 1, "estado_con": 1, "entidad_co": 1, "enlace_con": "https:\/\/community.secop.gov.co\/Public\/Tendering\/OpportunityDetail\/Index?noticeUID=CO1.NTC.2222959&isFromPublicArea=True&isModal=False", "id_element": 298045, "tipo_eleme": 2, "funcion_el": 4, "area_eleme": 23.435569652400002, "SHAPE_Leng": 0.00054530839007699999, "Shape_Area": 1.9080876977800001e-09 }, "geometry": { "type": "Polygon", "coordinates": [ [ [ -74.100408234852125, 4.505248197146614 ], [ -74.100498715643198, 4.505199477274118 ], [ -74.100546710662115, 4.505174547167655 ], [ -74.100594708379049, 4.50514961706125 ], [ -74.100627506654064, 4.505132581203725 ], [ -74.100642703398023, 4.505124686954787 ], [ -74.100647477898747, 4.505133271883039 ], [ -74.100417799142065, 4.50524745880324 ], [ -74.100416102121358, 4.505248787101891 ], [ -74.100414234229504, 4.505249861791754 ], [ -74.100412233237932, 4.50525066128904 ], [ -74.100410138716882, 4.505251169405994 ], [ -74.100407993833812, 4.505251375350724 ], [ -74.100408234852125, 4.505248197146614 ] ] ] } },
{ "type": "Feature", "properties": { "OBJECTID_1": 230, "id_interve": "5003713", "nomenclatu": "CL 87G SUR ENTRE KR 7C ESTE Y KR 7D ESTE", "tipo_inter": 1, "loccodigo": "05", "barrio_leg": "EL BOSQUE", "numero_con": 876, "año_contr": 2021, "numero_c_1": 908, "año_con_1": 2021, "tipo_contr": 1, "estado_con": 1, "entidad_co": 1, "enlace_con": "https:\/\/community.secop.gov.co\/Public\/Tendering\/OpportunityDetail\/Index?noticeUID=CO1.NTC.2222959&isFromPublicArea=True&isModal=False", "id_element": 298145, "tipo_eleme": 2, "funcion_el": 4, "area_eleme": 32.712955172400001, "SHAPE_Leng": 0.00069188399796999995, "Shape_Area": 2.66339099145e-09 }, "geometry": { "type": "Polygon", "coordinates": [ [ [ -74.100762121674563, 4.505109714142066 ], [ -74.101061371085393, 4.504949927097528 ], [ -74.101062052771454, 4.5049553104393 ], [ -74.101062432285403, 4.504958299785756 ], [ -74.100922221683163, 4.505033165648115 ], [ -74.100765754935594, 4.505116712666222 ], [ -74.100762121674563, 4.505109714142066 ] ] ] } },
{ "type": "Feature", "properties": { "OBJECTID_1": 231, "id_interve": "5003670", "nomenclatu": "CL 87G SUR ENTRE KR 7D ESTE Y KR 7F ESTE", "tipo_inter": 1, "loccodigo": "05", "barrio_leg": "EL BOSQUE", "numero_con": 876, "año_contr": 2021, "numero_c_1": 908, "año_con_1": 2021, "tipo_contr": 1, "estado_con": 1, "entidad_co": 1, "enlace_con": "https:\/\/community.secop.gov.co\/Public\/Tendering\/OpportunityDetail\/Index?noticeUID=CO1.NTC.2222959&isFromPublicArea=True&isModal=False", "id_element": 298044, "tipo_eleme": 1, "funcion_el": 1, "area_eleme": 154.144566965, "SHAPE_Leng": 0.00079559710846900005, "Shape_Area": 1.2550551632499999e-08 }, "geometry": { "type": "Polygon", "coordinates": [ [ [ -74.100389804146118, 4.505273115561863 ], [ -74.100392544380384, 4.505238087867497 ], [ -74.100393056993937, 4.505240512439741 ], [ -74.100393957215317, 4.505242820999456 ], [ -74.100395219863458, 4.505244953291992 ], [ -74.100396811663472, 4.50524685176083 ], [ -74.10039869034722, 4.505248467842591 ], [ -74.100400805552681, 4.505249757470381 ], [ -74.100403103320502, 4.505250686470049 ], [ -74.100405520698189, 4.505251230559907 ], [ -74.100407993833812, 4.505251375350724 ], [ -74.100410138716882, 4.505251169405994 ], [ -74.100412233237932, 4.50525066128904 ], [ -74.100414234229504, 4.505249861791754 ], [ -74.100416102121358, 4.505248787101891 ], [ -74.100417799142065, 4.50524745880324 ], [ -74.100647477898747, 4.505133271883039 ], [ -74.100661082842635, 4.505126507182581 ], [ -74.100663386006431, 4.505123221059876 ], [ -74.100665092020336, 4.505119589597427 ], [ -74.100666150522386, 4.505115719814683 ], [ -74.100666530036278, 4.505111725026154 ], [ -74.100679271631066, 4.505134629859356 ], [ -74.10069649184959, 4.50516558272551 ], [ -74.100694133827176, 4.505163315534617 ], [ -74.10069144215629, 4.505161455736641 ], [ -74.10068848788336, 4.505160052794224 ], [ -74.100685345652153, 4.505159140881688 ], [ -74.100682098200252, 4.505158746079303 ], [ -74.100678829164622, 4.505158877380325 ], [ -74.100675623980806, 4.505159531187473 ], [ -74.10067256538656, 4.505160690413561 ], [ -74.100669731622759, 4.505162326280356 ], [ -74.100668483363791, 4.505162966597652 ], [ -74.100402506170667, 4.505299480986309 ], [ -74.100400251570306, 4.505299242665956 ], [ -74.100397985278732, 4.505299308316467 ], [ -74.100395748664823, 4.505299677937842 ], [ -74.100393406830221, 4.505300411784617 ], [ -74.100391195397322, 4.505301476581906 ], [ -74.100389161130863, 4.505302850746034 ], [ -74.10038734809757, 4.50530450459928 ], [ -74.100389804146118, 4.505273115561863 ] ] ] } },
{ "type": "Feature", "properties": { "OBJECTID_1": 232, "id_interve": "5003713", "nomenclatu": "CL 87G SUR ENTRE KR 7C ESTE Y KR 7D ESTE", "tipo_inter": 1, "loccodigo": "05", "barrio_leg": "EL BOSQUE", "numero_con": 876, "año_contr": 2021, "numero_c_1": 908, "año_con_1": 2021, "tipo_contr": 1, "estado_con": 1, "entidad_co": 1, "enlace_con": "https:\/\/community.secop.gov.co\/Public\/Tendering\/OpportunityDetail\/Index?noticeUID=CO1.NTC.2222959&isFromPublicArea=True&isModal=False", "id_element": 298146, "tipo_eleme": 1, "funcion_el": 1, "area_eleme": 125.495020799, "SHAPE_Leng": 0.00079490696539799999, "Shape_Area": 1.0217942663199999e-08 }, "geometry": { "type": "Polygon", "coordinates": [ [ [ -74.100739851762683, 4.505102968327378 ], [ -74.100728093126975, 4.505080309009088 ], [ -74.100730899011751, 4.50508230820202 ], [ -74.100733986384341, 4.505083836150163 ], [ -74.100737277903022, 4.505084854182712 ], [ -74.100740689031511, 4.505085336219338 ], [ -74.100744133434944, 4.505085269669507 ], [ -74.100747522979759, 4.50508465723118 ], [ -74.100750773129619, 4.505083513293528 ], [ -74.100753228278847, 4.505082202082008 ], [ -74.101047270615027, 4.504925194841917 ], [ -74.101061371085393, 4.504949927097528 ], [ -74.100762121674563, 4.505109714142066 ], [ -74.100759696202999, 4.505111009165773 ], [ -74.10075710435683, 4.505112810507853 ], [ -74.1007548263741, 4.505114994061785 ], [ -74.100752917113368, 4.50511750676759 ], [ -74.100751424238808, 4.505120286572037 ], [ -74.10075038282389, 4.505123266025976 ], [ -74.100739851762683, 4.505102968327378 ] ] ] } },
{ "type": "Feature", "properties": { "OBJECTID_1": 233, "id_interve": "5007309", "nomenclatu": "CL 112A SUR ENTRE KR 8A ESTE Y KR 8C ESTE", "tipo_inter": 1, "loccodigo": "05", "barrio_leg": "EL PORTAL DEL DIVINO", "numero_con": 882, "año_contr": 2021, "numero_c_1": 922, "año_con_1": 2021, "tipo_contr": 1, "estado_con": 1, "entidad_co": 1, "enlace_con": "https:\/\/community.secop.gov.co\/Public\/Tendering\/OpportunityDetail\/Index?noticeUID=CO1.NTC.2222959&isFromPublicArea=True&isModal=False", "id_element": 306351, "tipo_eleme": 2, "funcion_el": 4, "area_eleme": 259.79713674700002, "SHAPE_Leng": 0.00257199314531, "Shape_Area": 2.1152630719699998e-08 }, "geometry": { "type": "Polygon", "coordinates": [ [ [ -74.098044837199438, 4.485807642408815 ], [ -74.098061510630146, 4.485798540370411 ], [ -74.098063215744787, 4.485797608672726 ], [ -74.099161224111185, 4.485198207831047 ], [ -74.09916279342815, 4.485199716893476 ], [ -74.099172585246549, 4.485209124701385 ], [ -74.099170124701459, 4.485212345173636 ], [ -74.099167203703473, 4.485215153756371 ], [ -74.099163890601005, 4.485217486597776 ], [ -74.099160260937253, 4.485219288839176 ], [ -74.098070539823539, 4.485811047242066 ], [ -74.098068043305489, 4.48581236654752 ], [ -74.098065387607505, 4.485813328822132 ], [ -74.098062250772216, 4.48581396554215 ], [ -74.098059052783015, 4.485814104937049 ], [ -74.098055871880945, 4.485813743409551 ], [ -74.098052786306994, 4.485812889053648 ], [ -74.098049872503566, 4.485811564352275 ], [ -74.098047200617771, 4.485809800781738 ], [ -74.098044837199438, 4.485807642408815 ] ] ] } },
{ "type": "Feature", "properties": { "OBJECTID_1": 234, "id_interve": "5007268", "nomenclatu": "CL 112A SUR ENTRE KR 8C ESTE Y KR 8D ESTE", "tipo_inter": 1, "loccodigo": "05", "barrio_leg": "EL PORTAL DEL DIVINO", "numero_con": 882, "año_contr": 2021, "numero_c_1": 922, "año_con_1": 2021, "tipo_contr": 1, "estado_con": 1, "entidad_co": 1, "enlace_con": "https:\/\/community.secop.gov.co\/Public\/Tendering\/OpportunityDetail\/Index?noticeUID=CO1.NTC.2222959&isFromPublicArea=True&isModal=False", "id_element": 306271, "tipo_eleme": 2, "funcion_el": 4, "area_eleme": 126.20297938900001, "SHAPE_Leng": 0.0013654476603799999, "Shape_Area": 1.0275259043000001e-08 }, "geometry": { "type": "Polygon", "coordinates": [ [ [ -74.097460937971846, 4.486167155389978 ], [ -74.097546632570982, 4.486123924979211 ], [ -74.098022477355414, 4.485883880636607 ], [ -74.098037436678339, 4.485876334425313 ], [ -74.098041385601448, 4.48587439908431 ], [ -74.098045597126543, 4.485873135536849 ], [ -74.098049957939168, 4.485872577057819 ], [ -74.098054352026679, 4.485872738935825 ], [ -74.098058660678589, 4.485873615774779 ], [ -74.098062767882368, 4.485875185091743 ], [ -74.098066563920725, 4.485877403719257 ], [ -74.098066688926508, 4.485877505342671 ], [ -74.098067790596019, 4.485878328222327 ], [ -74.098067681778048, 4.485878383080944 ], [ -74.098053372664992, 4.485885601039683 ], [ -74.097945275054371, 4.48594012963332 ], [ -74.097467858255015, 4.486180970775251 ], [ -74.097466416641794, 4.486178093843989 ], [ -74.097461637644415, 4.486168553835739 ], [ -74.097460937971846, 4.486167155389978 ] ] ] } },
{ "type": "Feature", "properties": { "OBJECTID_1": 235, "id_interve": "5007268", "nomenclatu": "CL 112A SUR ENTRE KR 8C ESTE Y KR 8D ESTE", "tipo_inter": 1, "loccodigo": "05", "barrio_leg": "EL PORTAL DEL DIVINO", "numero_con": 882, "año_contr": 2021, "numero_c_1": 922, "año_con_1": 2021, "tipo_contr": 1, "estado_con": 1, "entidad_co": 1, "enlace_con": "https:\/\/community.secop.gov.co\/Public\/Tendering\/OpportunityDetail\/Index?noticeUID=CO1.NTC.2222959&isFromPublicArea=True&isModal=False", "id_element": 306273, "tipo_eleme": 2, "funcion_el": 4, "area_eleme": 111.613494715, "SHAPE_Leng": 0.0012831353538299999, "Shape_Area": 9.0875915197600004e-09 }, "geometry": { "type": "Polygon", "coordinates": [ [ [ -74.097448144216457, 4.486103925855559 ], [ -74.097463147606163, 4.486096853586957 ], [ -74.098006616911789, 4.485840687997381 ], [ -74.098021719226949, 4.485833568964097 ], [ -74.098022131116409, 4.485835106804757 ], [ -74.098022396416411, 4.485836676121778 ], [ -74.098022496241185, 4.48583949729499 ], [ -74.098022119425252, 4.485842295985208 ], [ -74.098021278559145, 4.485844991253373 ], [ -74.098019995226537, 4.485847505757818 ], [ -74.098018308098403, 4.485849769351432 ], [ -74.098016263939371, 4.485851717282969 ], [ -74.09801392120545, 4.485853292895172 ], [ -74.097474025805582, 4.486107774054574 ], [ -74.097471677675742, 4.486109304700676 ], [ -74.097469121802476, 4.486110457631582 ], [ -74.097466420239073, 4.486111204068834 ], [ -74.097463472261381, 4.486111529623429 ], [ -74.097460510793894, 4.486111373141398 ], [ -74.097457614077598, 4.48611073822002 ], [ -74.09745485945416, 4.486109641047165 ], [ -74.097452318869387, 4.486108111300325 ], [ -74.097450060671747, 4.486106189449117 ], [ -74.097448144216457, 4.486103925855559 ] ] ] } },
{ "type": "Feature", "properties": { "OBJECTID_1": 236, "id_interve": "5007309", "nomenclatu": "CL 112A SUR ENTRE KR 8A ESTE Y KR 8C ESTE", "tipo_inter": 1, "loccodigo": "05", "barrio_leg": "EL PORTAL DEL DIVINO", "numero_con": 882, "año_contr": 2021, "numero_c_1": 922, "año_con_1": 2021, "tipo_contr": 1, "estado_con": 1, "entidad_co": 1, "enlace_con": "https:\/\/community.secop.gov.co\/Public\/Tendering\/OpportunityDetail\/Index?noticeUID=CO1.NTC.2222959&isFromPublicArea=True&isModal=False", "id_element": 306349, "tipo_eleme": 2, "funcion_el": 4, "area_eleme": 242.791568227, "SHAPE_Leng": 0.0025428755035, "Shape_Area": 1.9767443248e-08 }, "geometry": { "type": "Polygon", "coordinates": [ [ [ -74.098120591591965, 4.4858477251924 ], [ -74.098122357860461, 4.485846056950038 ], [ -74.098124338167622, 4.485844650410343 ], [ -74.098788810355302, 4.485479646168756 ], [ -74.099209213734184, 4.485248711059228 ], [ -74.099212406327467, 4.485247660651055 ], [ -74.099215480210205, 4.485251067283002 ], [ -74.099222824973367, 4.485259203449516 ], [ -74.098130564174141, 4.485859197843752 ], [ -74.098120336184536, 4.485864815908599 ], [ -74.098118022228903, 4.485866088449256 ], [ -74.098117378314328, 4.48586644188282 ], [ -74.098116473596349, 4.485863724131605 ], [ -74.098116024834667, 4.485860895763778 ], [ -74.098116042821061, 4.485858031423049 ], [ -74.098116527555646, 4.485855208451142 ], [ -74.098117465548569, 4.48585250239114 ], [ -74.098118832518082, 4.485849985188736 ], [ -74.098120591591965, 4.4858477251924 ] ] ] } },
{ "type": "Feature", "properties": { "OBJECTID_1": 237, "id_interve": "5007268", "nomenclatu": "CL 112A SUR ENTRE KR 8C ESTE Y KR 8D ESTE", "tipo_inter": 1, "loccodigo": "05", "barrio_leg": "EL PORTAL DEL DIVINO", "numero_con": 882, "año_contr": 2021, "numero_c_1": 922, "año_con_1": 2021, "tipo_contr": 1, "estado_con": 1, "entidad_co": 1, "enlace_con": "https:\/\/community.secop.gov.co\/Public\/Tendering\/OpportunityDetail\/Index?noticeUID=CO1.NTC.2222959&isFromPublicArea=True&isModal=False", "id_element": 306272, "tipo_eleme": 1, "funcion_el": 1, "area_eleme": 338.21037052600002, "SHAPE_Leng": 0.0014895951130399999, "Shape_Area": 2.7536574725499998e-08 }, "geometry": { "type": "Polygon", "coordinates": [ [ [ -74.097439314672613, 4.486123979837828 ], [ -74.097466420239073, 4.486111204068834 ], [ -74.097469121802476, 4.486110457631582 ], [ -74.097471677675742, 4.486109304700676 ], [ -74.097474025805582, 4.486107774054574 ], [ -74.09801392120545, 4.485853292895172 ], [ -74.098016263939371, 4.485851717282969 ], [ -74.098018308098403, 4.485849769351432 ], [ -74.098019995226537, 4.485847505757818 ], [ -74.098021278559145, 4.485844991253373 ], [ -74.098022119425252, 4.485842295985208 ], [ -74.098022496241185, 4.48583949729499 ], [ -74.098022396416411, 4.485836676121778 ], [ -74.098046126827228, 4.485823788836854 ], [ -74.098087384125449, 4.485865967940128 ], [ -74.098066563920725, 4.485877403719257 ], [ -74.098062767882368, 4.485875185091743 ], [ -74.098058660678589, 4.485873615774779 ], [ -74.098054352026679, 4.485872738935825 ], [ -74.098049957939168, 4.485872577057819 ], [ -74.098045597126543, 4.485873135536849 ], [ -74.098041385601448, 4.48587439908431 ], [ -74.098037436678339, 4.485876334425313 ], [ -74.098022477355414, 4.485883880636607 ], [ -74.097546632570982, 4.486123924979211 ], [ -74.097460937971846, 4.486167155389978 ], [ -74.097439314672613, 4.486123979837828 ] ] ] } },
{ "type": "Feature", "properties": { "OBJECTID_1": 238, "id_interve": "5007309", "nomenclatu": "CL 112A SUR ENTRE KR 8A ESTE Y KR 8C ESTE", "tipo_inter": 1, "loccodigo": "05", "barrio_leg": "EL PORTAL DEL DIVINO", "numero_con": 882, "año_contr": 2021, "numero_c_1": 922, "año_con_1": 2021, "tipo_contr": 1, "estado_con": 1, "entidad_co": 1, "enlace_con": "https:\/\/community.secop.gov.co\/Public\/Tendering\/OpportunityDetail\/Index?noticeUID=CO1.NTC.2222959&isFromPublicArea=True&isModal=False", "id_element": 306350, "tipo_eleme": 1, "funcion_el": 1, "area_eleme": 838.70009893099996, "SHAPE_Leng": 0.0027564988475499998, "Shape_Area": 6.8286372884200005e-08 }, "geometry": { "type": "Polygon", "coordinates": [ [ [ -74.098046126827228, 4.485823788836854 ], [ -74.098065387607505, 4.485813328822132 ], [ -74.098068043305489, 4.48581236654752 ], [ -74.098070539823539, 4.485811047242066 ], [ -74.099160260937253, 4.485219288839176 ], [ -74.099163890601005, 4.485217486597776 ], [ -74.099167203703473, 4.485215153756371 ], [ -74.099170124701459, 4.485212345173636 ], [ -74.099172585246549, 4.485209124701385 ], [ -74.099174603325253, 4.485205404206113 ], [ -74.099176009864948, 4.485201411216224 ], [ -74.099176769792052, 4.485197247355131 ], [ -74.099176862422212, 4.485193015145569 ], [ -74.099176286856107, 4.485188820707549 ], [ -74.099207355734848, 4.485221656754106 ], [ -74.099234898371833, 4.485250765110777 ], [ -74.099230901784665, 4.48524879379687 ], [ -74.099230337010397, 4.485248568066993 ], [ -74.099227089558497, 4.485247551833083 ], [ -74.099223745879158, 4.485246919609722 ], [ -74.099219944444826, 4.485246673195434 ], [ -74.099216143010551, 4.485246921408361 ], [ -74.099212406327467, 4.485247660651055 ], [ -74.099209213734184, 4.485248711059228 ], [ -74.098788810355302, 4.485479646168756 ], [ -74.098124338167622, 4.485844650410343 ], [ -74.098122357860461, 4.485846056950038 ], [ -74.098120591591965, 4.4858477251924 ], [ -74.098087384125449, 4.485865967940128 ], [ -74.098046126827228, 4.485823788836854 ] ] ] } },
{ "type": "Feature", "properties": { "OBJECTID_1": 239, "id_interve": "5003150", "nomenclatu": "KR 10A E ENTRE CL 81C S Y CL 82 S", "tipo_inter": 1, "loccodigo": "05", "barrio_leg": "LA COMPOSTELA II", "numero_con": 876, "año_contr": 2021, "numero_c_1": 908, "año_con_1": 2021, "tipo_contr": 1, "estado_con": 1, "entidad_co": 1, "enlace_con": "https:\/\/community.secop.gov.co\/Public\/Tendering\/OpportunityDetail\/Index?noticeUID=CO1.NTC.2222959&isFromPublicArea=True&isModal=False", "id_element": 296759, "tipo_eleme": 2, "funcion_el": 4, "area_eleme": 61.4853961807, "SHAPE_Leng": 0.00111981046786, "Shape_Area": 5.0061950784199998e-09 }, "geometry": { "type": "Polygon", "coordinates": [ [ [ -74.098479616241264, 4.50874746102653 ], [ -74.098491758887519, 4.508694609668566 ], [ -74.098505844069393, 4.508642248441049 ], [ -74.098506225381982, 4.508640459689502 ], [ -74.098510100560645, 4.508622296981457 ], [ -74.098517151245517, 4.50858921092339 ], [ -74.098528572635473, 4.508536200385379 ], [ -74.098539871717662, 4.508483168263638 ], [ -74.09855126702729, 4.508430129846658 ], [ -74.098562315198649, 4.508378879281906 ], [ -74.09856526407566, 4.508365025225771 ], [ -74.098573611582879, 4.508325846260846 ], [ -74.09858499430203, 4.508272880688935 ], [ -74.098596395007576, 4.508219844969915 ], [ -74.098598557877096, 4.508211037009801 ], [ -74.098604455631062, 4.508211839205046 ], [ -74.098561236911507, 4.508422515286895 ], [ -74.09849399100483, 4.508750308280128 ], [ -74.098479616241264, 4.50874746102653 ] ] ] } },
{ "type": "Feature", "properties": { "OBJECTID_1": 240, "id_interve": "5003150", "nomenclatu": "KR 10A E ENTRE CL 81C S Y CL 82 S", "tipo_inter": 1, "loccodigo": "05", "barrio_leg": "LA COMPOSTELA II", "numero_con": 876, "año_contr": 2021, "numero_c_1": 908, "año_con_1": 2021, "tipo_contr": 1, "estado_con": 1, "entidad_co": 1, "enlace_con": "https:\/\/community.secop.gov.co\/Public\/Tendering\/OpportunityDetail\/Index?noticeUID=CO1.NTC.2222959&isFromPublicArea=True&isModal=False", "id_element": 296761, "tipo_eleme": 2, "funcion_el": 4, "area_eleme": 62.2339572331, "SHAPE_Leng": 0.0011226141985699999, "Shape_Area": 5.0670879411399997e-09 }, "geometry": { "type": "Polygon", "coordinates": [ [ [ -74.098517726811622, 4.508754668193433 ], [ -74.098577858181557, 4.508488200869806 ], [ -74.09863915687157, 4.508216563343751 ], [ -74.098641753214281, 4.508216915877995 ], [ -74.098651518952408, 4.508218245975343 ], [ -74.098549239955446, 4.508647909673357 ], [ -74.098543183920754, 4.508673349695357 ], [ -74.098528830740918, 4.508733643842618 ], [ -74.098523467184236, 4.508755848103931 ], [ -74.098517726811622, 4.508754668193433 ] ] ] } },
{ "type": "Feature", "properties": { "OBJECTID_1": 241, "id_interve": "5003150", "nomenclatu": "KR 10A E ENTRE CL 81C S Y CL 82 S", "tipo_inter": 1, "loccodigo": "05", "barrio_leg": "LA COMPOSTELA II", "numero_con": 876, "año_contr": 2021, "numero_c_1": 908, "año_con_1": 2021, "tipo_contr": 1, "estado_con": 1, "entidad_co": 1, "enlace_con": "https:\/\/community.secop.gov.co\/Public\/Tendering\/OpportunityDetail\/Index?noticeUID=CO1.NTC.2222959&isFromPublicArea=True&isModal=False", "id_element": 296760, "tipo_eleme": 3, "funcion_el": 2, "area_eleme": 211.32425791099999, "SHAPE_Leng": 0.0012649852068900001, "Shape_Area": 1.72062979803e-08 }, "geometry": { "type": "Polygon", "coordinates": [ [ [ -74.098490061866812, 4.508779601897174 ], [ -74.098467296428566, 4.508775091797077 ], [ -74.09847220942487, 4.508773922678415 ], [ -74.098476889496794, 4.508772022410938 ], [ -74.098481226927049, 4.508769434162105 ], [ -74.098485121890803, 4.508766218186452 ], [ -74.09848848445597, 4.508762448228424 ], [ -74.098491236381392, 4.50875821242164 ], [ -74.098493313815368, 4.508753608792063 ], [ -74.09849399100483, 4.508750308280128 ], [ -74.098561236911507, 4.508422515286895 ], [ -74.098604455631062, 4.508211839205046 ], [ -74.098629928028743, 4.508215306091529 ], [ -74.09863915687157, 4.508216563343751 ], [ -74.098577858181557, 4.508488200869806 ], [ -74.098517726811622, 4.508754668193433 ], [ -74.098516188071585, 4.508761494047747 ], [ -74.098515338212223, 4.508765201952542 ], [ -74.098515084603434, 4.508768997990899 ], [ -74.098515432641079, 4.508772785935378 ], [ -74.098516375130544, 4.508776471357123 ], [ -74.098517886890932, 4.508779961625976 ], [ -74.098519930150644, 4.508783170407014 ], [ -74.098522455446926, 4.508786015861972 ], [ -74.098490061866812, 4.508779601897174 ] ] ] } },
{ "type": "Feature", "properties": { "OBJECTID_1": 242, "id_interve": "5005966", "nomenclatu": "CL 98 S ENTRE KR 1G Y KR 1F", "tipo_inter": 1, "loccodigo": "05", "barrio_leg": "LA ESPERANZA K-10", "numero_con": 876, "año_contr": 2021, "numero_c_1": 908, "año_con_1": 2021, "tipo_contr": 1, "estado_con": 1, "entidad_co": 1, "enlace_con": "https:\/\/community.secop.gov.co\/Public\/Tendering\/OpportunityDetail\/Index?noticeUID=CO1.NTC.2222959&isFromPublicArea=True&isModal=False", "id_element": 303126, "tipo_eleme": 2, "funcion_el": 4, "area_eleme": 24.3746693555, "SHAPE_Leng": 0.00027942753553800002, "Shape_Area": 1.9845722778300002e-09 }, "geometry": { "type": "Polygon", "coordinates": [ [ [ -74.109004321891916, 4.495656835794364 ], [ -74.109004061088513, 4.495656667621176 ], [ -74.109002093371885, 4.495655113592647 ], [ -74.109001644610146, 4.495654673824163 ], [ -74.109000449411155, 4.495653287069615 ], [ -74.108999434975885, 4.495651762718751 ], [ -74.108998618391468, 4.49565012415394 ], [ -74.108998029335567, 4.495648463106136 ], [ -74.10899764262706, 4.495646742703059 ], [ -74.108997067960274, 4.495642855833182 ], [ -74.109012817787288, 4.495643686806773 ], [ -74.109015355674103, 4.495643820805753 ], [ -74.109029359916974, 4.495647702279712 ], [ -74.109051033578282, 4.495653707952329 ], [ -74.10910076159081, 4.495667488264019 ], [ -74.109121571902961, 4.495673253817642 ], [ -74.109120989142298, 4.49567596257566 ], [ -74.109119331691772, 4.495683658973746 ], [ -74.109118179660243, 4.495689010839214 ], [ -74.109053022878641, 4.495670955150501 ], [ -74.109007537867512, 4.495658351152031 ], [ -74.109005884014323, 4.495657691049644 ], [ -74.109004321891916, 4.495656835794364 ] ] ] } },
{ "type": "Feature", "properties": { "OBJECTID_1": 243, "id_interve": "5005966", "nomenclatu": "CL 98 S ENTRE KR 1G Y KR 1F", "tipo_inter": 1, "loccodigo": "05", "barrio_leg": "LA ESPERANZA K-10", "numero_con": 876, "año_contr": 2021, "numero_c_1": 908, "año_con_1": 2021, "tipo_contr": 1, "estado_con": 1, "entidad_co": 1, "enlace_con": "https:\/\/community.secop.gov.co\/Public\/Tendering\/OpportunityDetail\/Index?noticeUID=CO1.NTC.2222959&isFromPublicArea=True&isModal=False", "id_element": 303125, "tipo_eleme": 1, "funcion_el": 1, "area_eleme": 66.044737785500004, "SHAPE_Leng": 0.00035229148657000002, "Shape_Area": 5.3773323097399996e-09 }, "geometry": { "type": "Polygon", "coordinates": [ [ [ -74.108976166816603, 4.495690615229762 ], [ -74.108990614425295, 4.495652092769888 ], [ -74.109004321891916, 4.495656835794364 ], [ -74.109005884014323, 4.495657691049644 ], [ -74.109007537867512, 4.495658351152031 ], [ -74.109053022878641, 4.495670955150501 ], [ -74.109118179660243, 4.495689010839214 ], [ -74.109110378940784, 4.495725258913637 ], [ -74.109109861830632, 4.495727661902151 ], [ -74.109067440809724, 4.495715906863666 ], [ -74.108976166816603, 4.495690615229762 ] ] ] } },
{ "type": "Feature", "properties": { "OBJECTID_1": 244, "id_interve": "5005560", "nomenclatu": "CL 92 S  ENTRE KR 14B E Y KR 14A E", "tipo_inter": 1, "loccodigo": "05", "barrio_leg": "LOS ARRAYANES", "numero_con": 876, "año_contr": 2021, "numero_c_1": 908, "año_con_1": 2021, "tipo_contr": 1, "estado_con": 1, "entidad_co": 1, "enlace_con": "https:\/\/community.secop.gov.co\/Public\/Tendering\/OpportunityDetail\/Index?noticeUID=CO1.NTC.2222959&isFromPublicArea=True&isModal=False", "id_element": 302218, "tipo_eleme": 2, "funcion_el": 4, "area_eleme": 37.491464899500002, "SHAPE_Leng": 0.00048397837141199999, "Shape_Area": 3.05256629719e-09 }, "geometry": { "type": "Polygon", "coordinates": [ [ [ -74.085843108172867, 4.49823526134827 ], [ -74.08584422513087, 4.498233888982838 ], [ -74.085845497671528, 4.498232661408224 ], [ -74.085847276530558, 4.498231354693303 ], [ -74.085849229858013, 4.498230328566876 ], [ -74.085851315385867, 4.498229605511938 ], [ -74.085853484550626, 4.498229202615676 ], [ -74.085881371627977, 4.498217438583993 ], [ -74.085913654591423, 4.498203821049572 ], [ -74.085958698035427, 4.498192344800941 ], [ -74.086007944910705, 4.498179188618735 ], [ -74.086058160355776, 4.498170422926705 ], [ -74.086058372595801, 4.498172147826438 ], [ -74.086059852879885, 4.498184100715719 ], [ -74.086007029400832, 4.498192929360243 ], [ -74.085955043190665, 4.498205797759397 ], [ -74.085904201817414, 4.498222631269471 ], [ -74.085854806554039, 4.498243329166371 ], [ -74.085841427339972, 4.498249550676292 ], [ -74.085840678204704, 4.498247165674229 ], [ -74.085840339160313, 4.49824468804195 ], [ -74.085840420998579, 4.498242188825998 ], [ -74.085840921920976, 4.498239739072744 ], [ -74.085841825739635, 4.498237408029979 ], [ -74.085843108172867, 4.49823526134827 ] ] ] } },
{ "type": "Feature", "properties": { "OBJECTID_1": 245, "id_interve": "5005560", "nomenclatu": "CL 92 S  ENTRE KR 14B E Y KR 14A E", "tipo_inter": 1, "loccodigo": "05", "barrio_leg": "LOS ARRAYANES", "numero_con": 876, "año_contr": 2021, "numero_c_1": 908, "año_con_1": 2021, "tipo_contr": 1, "estado_con": 1, "entidad_co": 1, "enlace_con": "https:\/\/community.secop.gov.co\/Public\/Tendering\/OpportunityDetail\/Index?noticeUID=CO1.NTC.2222959&isFromPublicArea=True&isModal=False", "id_element": 302220, "tipo_eleme": 2, "funcion_el": 4, "area_eleme": 27.447426087699998, "SHAPE_Leng": 0.00046500406050400001, "Shape_Area": 2.2348334121899999e-09 }, "geometry": { "type": "Polygon", "coordinates": [ [ [ -74.085802960638091, 4.498198668833538 ], [ -74.085816118618936, 4.498193119117218 ], [ -74.086011985564653, 4.49811049660218 ], [ -74.086014982105723, 4.498117207343284 ], [ -74.086009354148359, 4.498121665282667 ], [ -74.086003145228915, 4.49812526886609 ], [ -74.085827977978738, 4.498199158964042 ], [ -74.085824594729218, 4.498200786736959 ], [ -74.085820999239672, 4.498201869520699 ], [ -74.08581727964372, 4.498202380335613 ], [ -74.085813524974185, 4.498202306591224 ], [ -74.085809827861226, 4.498201650985436 ], [ -74.085806278237101, 4.498200427907477 ], [ -74.085802960638091, 4.498198668833538 ] ] ] } },
{ "type": "Feature", "properties": { "OBJECTID_1": 246, "id_interve": "5005560", "nomenclatu": "CL 92 S  ENTRE KR 14B E Y KR 14A E", "tipo_inter": 1, "loccodigo": "05", "barrio_leg": "LOS ARRAYANES", "numero_con": 876, "año_contr": 2021, "numero_c_1": 908, "año_con_1": 2021, "tipo_contr": 1, "estado_con": 1, "entidad_co": 1, "enlace_con": "https:\/\/community.secop.gov.co\/Public\/Tendering\/OpportunityDetail\/Index?noticeUID=CO1.NTC.2222959&isFromPublicArea=True&isModal=False", "id_element": 302219, "tipo_eleme": 1, "funcion_el": 1, "area_eleme": 155.05962759299999, "SHAPE_Leng": 0.00066815693937500003, "Shape_Area": 1.26249287383e-08 }, "geometry": { "type": "Polygon", "coordinates": [ [ [ -74.085797821012591, 4.498243421796531 ], [ -74.085796902804759, 4.498241087156487 ], [ -74.085793732694583, 4.498233033727558 ], [ -74.085782315801168, 4.498204028792941 ], [ -74.085800452428884, 4.49819683871317 ], [ -74.085802960638091, 4.498198668833538 ], [ -74.085806278237101, 4.498200427907477 ], [ -74.085809827861226, 4.498201650985436 ], [ -74.085813524974185, 4.498202306591224 ], [ -74.08581727964372, 4.498202380335613 ], [ -74.085820999239672, 4.498201869520699 ], [ -74.085824594729218, 4.498200786736959 ], [ -74.085827977978738, 4.498199158964042 ], [ -74.086003145228915, 4.49812526886609 ], [ -74.086009354148359, 4.498121665282667 ], [ -74.086014982105723, 4.498117207343284 ], [ -74.086050734653668, 4.498110422857792 ], [ -74.086057401327992, 4.498164288651026 ], [ -74.086058160355776, 4.498170422926705 ], [ -74.086007944910705, 4.498179188618735 ], [ -74.085958698035427, 4.498192344800941 ], [ -74.085913654591423, 4.498203821049572 ], [ -74.085881371627977, 4.498217438583993 ], [ -74.085853484550626, 4.498229202615676 ], [ -74.085851315385867, 4.498229605511938 ], [ -74.085849229858013, 4.498230328566876 ], [ -74.085847276530558, 4.498231354693303 ], [ -74.085845497671528, 4.498232661408224 ], [ -74.08584422513087, 4.498233888982838 ], [ -74.085843108172867, 4.49823526134827 ], [ -74.08582576114992, 4.498242579131784 ], [ -74.085824744016691, 4.498243008108375 ], [ -74.085819600793911, 4.49824517817251 ], [ -74.085810404326651, 4.498249057847772 ], [ -74.085809025665981, 4.498248044311822 ], [ -74.085805443666231, 4.498245940797574 ], [ -74.08580172137232, 4.498244411950111 ], [ -74.085797821012591, 4.498243421796531 ] ] ] } },
{ "type": "Feature", "properties": { "OBJECTID_1": 247, "id_interve": "5006848", "nomenclatu": "KR 7 BIS A ESTE ENTRE CL 102 SUR Y CL 104 SUR", "tipo_inter": 1, "loccodigo": "05", "barrio_leg": "NUEVO PORVENIR", "numero_con": 882, "año_contr": 2021, "numero_c_1": 922, "año_con_1": 2021, "tipo_contr": 1, "estado_con": 1, "entidad_co": 1, "enlace_con": "https:\/\/community.secop.gov.co\/Public\/Tendering\/OpportunityDetail\/Index?noticeUID=CO1.NTC.2222959&isFromPublicArea=True&isModal=False", "id_element": 305313, "tipo_eleme": 2, "funcion_el": 4, "area_eleme": 72.307739943399994, "SHAPE_Leng": 0.0011971980763400001, "Shape_Area": 5.8871177512000004e-09 }, "geometry": { "type": "Polygon", "coordinates": [ [ [ -74.103127490641157, 4.489472155815406 ], [ -74.103139007359289, 4.489474544414747 ], [ -74.103133707654422, 4.48949990889372 ], [ -74.103133482823921, 4.489500970093729 ], [ -74.103017858787098, 4.49004559772618 ], [ -74.103016252597968, 4.490053124152382 ], [ -74.103014964768761, 4.490051326407638 ], [ -74.103013852307413, 4.490049416247587 ], [ -74.103012359432796, 4.490045881012634 ], [ -74.103011460110736, 4.490042151524108 ], [ -74.103011177723658, 4.490038324908824 ], [ -74.103011518566689, 4.490034503689458 ], [ -74.103012475445325, 4.490030787690728 ], [ -74.103127490641157, 4.489472155815406 ] ] ] } },
{ "type": "Feature", "properties": { "OBJECTID_1": 248, "id_interve": "5006848", "nomenclatu": "KR 7 BIS A ESTE ENTRE CL 102 SUR Y CL 104 SUR", "tipo_inter": 1, "loccodigo": "05", "barrio_leg": "NUEVO PORVENIR", "numero_con": 882, "año_contr": 2021, "numero_c_1": 922, "año_con_1": 2021, "tipo_contr": 1, "estado_con": 1, "entidad_co": 1, "enlace_con": "https:\/\/community.secop.gov.co\/Public\/Tendering\/OpportunityDetail\/Index?noticeUID=CO1.NTC.2222959&isFromPublicArea=True&isModal=False", "id_element": 305311, "tipo_eleme": 2, "funcion_el": 4, "area_eleme": 76.396713217200002, "SHAPE_Leng": 0.0012724496058, "Shape_Area": 6.2201608551099997e-09 }, "geometry": { "type": "Polygon", "coordinates": [ [ [ -74.102960677193437, 4.490077126158496 ], [ -74.102971987067519, 4.490022737859135 ], [ -74.102983028044264, 4.489969644583482 ], [ -74.10299370029901, 4.489918321173604 ], [ -74.103004372553698, 4.489866997763784 ], [ -74.103016149175915, 4.489810364756579 ], [ -74.103027190152659, 4.489757272380245 ], [ -74.103038230230084, 4.489704179104649 ], [ -74.103049271206885, 4.489651085828996 ], [ -74.103060312183629, 4.489597992553342 ], [ -74.103082392338479, 4.489491806901412 ], [ -74.103088067959902, 4.489463980078654 ], [ -74.103097292306131, 4.489465892936664 ], [ -74.102971005907136, 4.490079268343607 ], [ -74.102960677193437, 4.490077126158496 ] ] ] } },
{ "type": "Feature", "properties": { "OBJECTID_1": 249, "id_interve": "5006955", "nomenclatu": "KR 7 BIS A ESTE CL 104 SUR Y CL 105 SUR", "tipo_inter": 1, "loccodigo": "05", "barrio_leg": "NUEVO PORVENIR", "numero_con": 882, "año_contr": 2021, "numero_c_1": 922, "año_con_1": 2021, "tipo_contr": 1, "estado_con": 1, "entidad_co": 1, "enlace_con": "https:\/\/community.secop.gov.co\/Public\/Tendering\/OpportunityDetail\/Index?noticeUID=CO1.NTC.2222959&isFromPublicArea=True&isModal=False", "id_element": 305581, "tipo_eleme": 2, "funcion_el": 4, "area_eleme": 123.52014996699999, "SHAPE_Leng": 0.0018207834873699999, "Shape_Area": 1.0056875767300001e-08 }, "geometry": { "type": "Polygon", "coordinates": [ [ [ -74.103088067959902, 4.489463980078654 ], [ -74.103093111357964, 4.489439265809494 ], [ -74.103109189437475, 4.489359527420277 ], [ -74.103111867618566, 4.48934623723909 ], [ -74.103114547598238, 4.489332947057903 ], [ -74.103125266617724, 4.489279788131739 ], [ -74.103135984737889, 4.489226628306312 ], [ -74.103146702857998, 4.489173469380148 ], [ -74.103157421877484, 4.489120308655345 ], [ -74.103168140896969, 4.489067149729237 ], [ -74.103178859017078, 4.489013989903754 ], [ -74.103189578036563, 4.48896083007827 ], [ -74.10320047512181, 4.488906785319955 ], [ -74.103211014276837, 4.488854511326679 ], [ -74.103221733296323, 4.488801352400515 ], [ -74.103232451416488, 4.488748191675768 ], [ -74.103243170435917, 4.488695031850284 ], [ -74.103253887656763, 4.48864187292412 ], [ -74.103264605776872, 4.488588713998013 ], [ -74.103266541117932, 4.488579119131089 ], [ -74.103268967488816, 4.488580662367724 ], [ -74.103271124063099, 4.488582565333161 ], [ -74.103272957780746, 4.488584780363396 ], [ -74.103274424574977, 4.48858725439834 ], [ -74.103275572109908, 4.488590196080736 ], [ -74.103276203434007, 4.488593289748565 ], [ -74.103276298762125, 4.488596446368945 ], [ -74.103097292306131, 4.489465892936664 ], [ -74.103088067959902, 4.489463980078654 ] ] ] } },
{ "type": "Feature", "properties": { "OBJECTID_1": 250, "id_interve": "5006955", "nomenclatu": "KR 7 BIS A ESTE CL 104 SUR Y CL 105 SUR", "tipo_inter": 1, "loccodigo": "05", "barrio_leg": "NUEVO PORVENIR", "numero_con": 882, "año_contr": 2021, "numero_c_1": 922, "año_con_1": 2021, "tipo_contr": 1, "estado_con": 1, "entidad_co": 1, "enlace_con": "https:\/\/community.secop.gov.co\/Public\/Tendering\/OpportunityDetail\/Index?noticeUID=CO1.NTC.2222959&isFromPublicArea=True&isModal=False", "id_element": 305583, "tipo_eleme": 2, "funcion_el": 4, "area_eleme": 111.939887192, "SHAPE_Leng": 0.0018208437624100001, "Shape_Area": 9.11440071569e-09 }, "geometry": { "type": "Polygon", "coordinates": [ [ [ -74.103127490641157, 4.489472155815406 ], [ -74.103306347809678, 4.488603435000584 ], [ -74.103306946758153, 4.4886011030585 ], [ -74.103307828993081, 4.488598862847311 ], [ -74.103309209452391, 4.488596394208287 ], [ -74.103310935251443, 4.488594153997042 ], [ -74.103312968618582, 4.488592188978373 ], [ -74.103315267285723, 4.488590540521102 ], [ -74.103317781790167, 4.488589246396657 ], [ -74.103316420216572, 4.488595994909303 ], [ -74.103307480955436, 4.488640308103811 ], [ -74.103294965989846, 4.488702347835158 ], [ -74.103284062609362, 4.488756391694153 ], [ -74.103273336395318, 4.488809567707449 ], [ -74.10326641161555, 4.488843889434008 ], [ -74.103262430316875, 4.488863629552895 ], [ -74.103251524238431, 4.488917692297719 ], [ -74.103240796225748, 4.488970868310957 ], [ -74.103230070911025, 4.489024037129639 ], [ -74.103222563370537, 4.489061251975272 ], [ -74.103219344696981, 4.489077205049 ], [ -74.103208619382258, 4.489130373867681 ], [ -74.103207545591715, 4.489135690659623 ], [ -74.103204327817423, 4.489151643733408 ], [ -74.103198964260741, 4.489178232189715 ], [ -74.103197893168215, 4.489183541787099 ], [ -74.103187166954172, 4.48923671060578 ], [ -74.103176440740128, 4.489289880323781 ], [ -74.103165716324725, 4.489343048243143 ], [ -74.103144268393237, 4.489449365196094 ], [ -74.103144091226795, 4.48945021235744 ], [ -74.103139007359289, 4.489474544414747 ], [ -74.103127490641157, 4.489472155815406 ] ] ] } },
{ "type": "Feature", "properties": { "OBJECTID_1": 251, "id_interve": "5006848", "nomenclatu": "KR 7 BIS A ESTE ENTRE CL 102 SUR Y CL 104 SUR", "tipo_inter": 1, "loccodigo": "05", "barrio_leg": "NUEVO PORVENIR", "numero_con": 882, "año_contr": 2021, "numero_c_1": 922, "año_con_1": 2021, "tipo_contr": 1, "estado_con": 1, "entidad_co": 1, "enlace_con": "https:\/\/community.secop.gov.co\/Public\/Tendering\/OpportunityDetail\/Index?noticeUID=CO1.NTC.2222959&isFromPublicArea=True&isModal=False", "id_element": 305312, "tipo_eleme": 1, "funcion_el": 1, "area_eleme": 243.56763934400001, "SHAPE_Leng": 0.0013338424272, "Shape_Area": 1.98309788468e-08 }, "geometry": { "type": "Polygon", "coordinates": [ [ [ -74.102971005907136, 4.490079268343607 ], [ -74.103097292306131, 4.489465892936664 ], [ -74.103127490641157, 4.489472155815406 ], [ -74.103012475445325, 4.490030787690728 ], [ -74.103011518566689, 4.490034503689458 ], [ -74.103011177723658, 4.490038324908824 ], [ -74.103011460110736, 4.490042151524108 ], [ -74.103012359432796, 4.490045881012634 ], [ -74.103013852307413, 4.490049416247587 ], [ -74.103014964768761, 4.490051326407638 ], [ -74.103016252597968, 4.490053124152382 ], [ -74.103018461332908, 4.490055546026667 ], [ -74.103018520688124, 4.490055594590046 ], [ -74.103021150305779, 4.490057756560248 ], [ -74.103014848756231, 4.490088359590175 ], [ -74.102971005907136, 4.490079268343607 ] ] ] } },
{ "type": "Feature", "properties": { "OBJECTID_1": 252, "id_interve": "5006955", "nomenclatu": "KR 7 BIS A ESTE CL 104 SUR Y CL 105 SUR", "tipo_inter": 1, "loccodigo": "05", "barrio_leg": "NUEVO PORVENIR", "numero_con": 882, "año_contr": 2021, "numero_c_1": 922, "año_con_1": 2021, "tipo_contr": 1, "estado_con": 1, "entidad_co": 1, "enlace_con": "https:\/\/community.secop.gov.co\/Public\/Tendering\/OpportunityDetail\/Index?noticeUID=CO1.NTC.2222959&isFromPublicArea=True&isModal=False", "id_element": 305582, "tipo_eleme": 1, "funcion_el": 1, "area_eleme": 349.010448827, "SHAPE_Leng": 0.0019025841167100001, "Shape_Area": 2.84157829845e-08 }, "geometry": { "type": "Polygon", "coordinates": [ [ [ -74.103097292306131, 4.489465892936664 ], [ -74.103276298762125, 4.488596446368945 ], [ -74.103276203434007, 4.488593289748565 ], [ -74.103275572109908, 4.488590196080736 ], [ -74.103274424574977, 4.48858725439834 ], [ -74.10327874581742, 4.488566139216005 ], [ -74.103313027074478, 4.488573100867939 ], [ -74.103307828993081, 4.488598862847311 ], [ -74.103306946758153, 4.4886011030585 ], [ -74.103306347809678, 4.488603435000584 ], [ -74.103127490641157, 4.489472155815406 ], [ -74.103097292306131, 4.489465892936664 ] ] ] } },
{ "type": "Feature", "properties": { "OBJECTID_1": 253, "id_interve": "5003488", "nomenclatu": "CL 87D S ENTRE  KR 10A E Y KR 10 E", "tipo_inter": 1, "loccodigo": "05", "barrio_leg": "SAN ISIDRO SUR", "numero_con": 876, "año_contr": 2021, "numero_c_1": 908, "año_con_1": 2021, "tipo_contr": 1, "estado_con": 1, "entidad_co": 1, "enlace_con": "https:\/\/community.secop.gov.co\/Public\/Tendering\/OpportunityDetail\/Index?noticeUID=CO1.NTC.2222959&isFromPublicArea=True&isModal=False", "id_element": 297608, "tipo_eleme": 2, "funcion_el": 4, "area_eleme": 39.257487524600002, "SHAPE_Leng": 0.00095278715472599999, "Shape_Area": 3.1963703457900001e-09 }, "geometry": { "type": "Polygon", "coordinates": [ [ [ -74.098130736843984, 4.506789689992274 ], [ -74.098132618225691, 4.5067885091824 ], [ -74.098528237188361, 4.506581651621957 ], [ -74.098530509775173, 4.506580429443318 ], [ -74.098532953233189, 4.506579600268367 ], [ -74.09853550101252, 4.506579190177547 ], [ -74.098538082066796, 4.506579208163998 ], [ -74.098540623550889, 4.506579654227721 ], [ -74.098543056217011, 4.506580517576879 ], [ -74.098545310817428, 4.506581772131142 ], [ -74.098545614788236, 4.506581980773831 ], [ -74.098546024879113, 4.506591804967854 ], [ -74.098542539106859, 4.506583202053207 ], [ -74.098534482080652, 4.506587361417644 ], [ -74.098469500666909, 4.506620899834729 ], [ -74.098421437299464, 4.506645695042835 ], [ -74.098373438683211, 4.506670549606213 ], [ -74.098373412602882, 4.506670562196746 ], [ -74.098325386107661, 4.506695430249977 ], [ -74.098302515448665, 4.506707269824688 ], [ -74.098277356914423, 4.506720293806552 ], [ -74.098257338005681, 4.506730656694515 ], [ -74.098229319627364, 4.506745168155021 ], [ -74.098181304823299, 4.506770030812334 ], [ -74.098133261241003, 4.506794888972991 ], [ -74.098132647004036, 4.506793623626891 ], [ -74.098130736843984, 4.506789689992274 ] ] ] } },
{ "type": "Feature", "properties": { "OBJECTID_1": 254, "id_interve": "5003488", "nomenclatu": "CL 87D S ENTRE  KR 10A E Y KR 10 E", "tipo_inter": 1, "loccodigo": "05", "barrio_leg": "SAN ISIDRO SUR", "numero_con": 876, "año_contr": 2021, "numero_c_1": 908, "año_con_1": 2021, "tipo_contr": 1, "estado_con": 1, "entidad_co": 1, "enlace_con": "https:\/\/community.secop.gov.co\/Public\/Tendering\/OpportunityDetail\/Index?noticeUID=CO1.NTC.2222959&isFromPublicArea=True&isModal=False", "id_element": 297610, "tipo_eleme": 2, "funcion_el": 4, "area_eleme": 99.730753038499998, "SHAPE_Leng": 0.0010282592419699999, "Shape_Area": 8.1201967235900007e-09 }, "geometry": { "type": "Polygon", "coordinates": [ [ [ -74.098529375730095, 4.506517581221431 ], [ -74.098534545932523, 4.506557038976212 ], [ -74.098530333508052, 4.506560181207419 ], [ -74.098525675919177, 4.506562617470877 ], [ -74.098520691876388, 4.506564284813919 ], [ -74.09846084469217, 4.506579753153119 ], [ -74.098416186158033, 4.506590927229581 ], [ -74.098373216550669, 4.506607443278938 ], [ -74.098332570791456, 4.506629059383613 ], [ -74.098111977885424, 4.506749057722857 ], [ -74.098101347898876, 4.506756440257561 ], [ -74.098093804385542, 4.506742224673985 ], [ -74.098093049854356, 4.506740803745117 ], [ -74.098092687427538, 4.506740120260417 ], [ -74.098109103652178, 4.506731752968051 ], [ -74.098137164298635, 4.506717454646889 ], [ -74.098529375730095, 4.506517581221431 ] ] ] } },
{ "type": "Feature", "properties": { "OBJECTID_1": 255, "id_interve": "5003488", "nomenclatu": "CL 87D S ENTRE  KR 10A E Y KR 10 E", "tipo_inter": 1, "loccodigo": "05", "barrio_leg": "SAN ISIDRO SUR", "numero_con": 876, "año_contr": 2021, "numero_c_1": 908, "año_con_1": 2021, "tipo_contr": 1, "estado_con": 1, "entidad_co": 1, "enlace_con": "https:\/\/community.secop.gov.co\/Public\/Tendering\/OpportunityDetail\/Index?noticeUID=CO1.NTC.2222959&isFromPublicArea=True&isModal=False", "id_element": 297609, "tipo_eleme": 1, "funcion_el": 1, "area_eleme": 263.50609721000001, "SHAPE_Leng": 0.0011454506423, "Shape_Area": 2.1454929733499999e-08 }, "geometry": { "type": "Polygon", "coordinates": [ [ [ -74.098088165636284, 4.506770383346577 ], [ -74.098094326891612, 4.506763004409152 ], [ -74.098101347898876, 4.506756440257561 ], [ -74.098111977885424, 4.506749057722857 ], [ -74.098332570791456, 4.506629059383613 ], [ -74.098373216550669, 4.506607443278938 ], [ -74.098416186158033, 4.506590927229581 ], [ -74.09846084469217, 4.506579753153119 ], [ -74.098520691876388, 4.506564284813919 ], [ -74.098525675919177, 4.506562617470877 ], [ -74.098530333508052, 4.506560181207419 ], [ -74.098534545932523, 4.506557038976212 ], [ -74.098538168401717, 4.506553320279579 ], [ -74.098541167640747, 4.506549084472738 ], [ -74.098543472603126, 4.506544433179101 ], [ -74.098545025732335, 4.50653947971324 ], [ -74.098548214728282, 4.506563809072588 ], [ -74.098551800325311, 4.506591167348518 ], [ -74.098551126733071, 4.506589007177013 ], [ -74.098550148270704, 4.506586967514579 ], [ -74.098548884723186, 4.506585090629471 ], [ -74.098547363070338, 4.506583416991134 ], [ -74.098545614788236, 4.506581980773831 ], [ -74.098545310817428, 4.506581772131142 ], [ -74.098543056217011, 4.506580517576879 ], [ -74.098540623550889, 4.506579654227721 ], [ -74.098538082066796, 4.506579208163998 ], [ -74.09853550101252, 4.506579190177547 ], [ -74.098532953233189, 4.506579600268367 ], [ -74.098530509775173, 4.506580429443318 ], [ -74.098528237188361, 4.506581651621957 ], [ -74.098132618225691, 4.5067885091824 ], [ -74.098130736843984, 4.506789689992274 ], [ -74.098126583774786, 4.506792969819742 ], [ -74.098122969399469, 4.506796836005208 ], [ -74.098119975556415, 4.506801200415111 ], [ -74.098117670593979, 4.506805964123998 ], [ -74.098116105773613, 4.506811019213217 ], [ -74.098115317068164, 4.506816252368196 ], [ -74.098115321564819, 4.506821544878449 ], [ -74.098088165636284, 4.506770383346577 ] ] ] } },
{ "type": "Feature", "properties": { "OBJECTID_1": 256, "id_interve": "5003387", "nomenclatu": "CL 87BBIS S ENTRE  KR 10A E Y KR 10 E", "tipo_inter": 1, "loccodigo": "05", "barrio_leg": "SAN ISIDRO SUR", "numero_con": 876, "año_contr": 2021, "numero_c_1": 908, "año_con_1": 2021, "tipo_contr": 1, "estado_con": 1, "entidad_co": 1, "enlace_con": "https:\/\/community.secop.gov.co\/Public\/Tendering\/OpportunityDetail\/Index?noticeUID=CO1.NTC.2222959&isFromPublicArea=True&isModal=False", "id_element": 297332, "tipo_eleme": 2, "funcion_el": 4, "area_eleme": 105.426174508, "SHAPE_Leng": 0.00080367542157300004, "Shape_Area": 8.5838891764499996e-09 }, "geometry": { "type": "Polygon", "coordinates": [ [ [ -74.098331934071439, 4.507181333951451 ], [ -74.098380079277206, 4.507156707815852 ], [ -74.098428216389038, 4.507132123049075 ], [ -74.098428237073449, 4.507132105062624 ], [ -74.09847635619883, 4.507107488819599 ], [ -74.098476384077799, 4.507107472631787 ], [ -74.098524549967976, 4.507082850093525 ], [ -74.098572696972326, 4.507058237447723 ], [ -74.098620826889601, 4.507033628399256 ], [ -74.098620850271971, 4.50703361490946 ], [ -74.098644927821113, 4.5070213058886 ], [ -74.098669005370255, 4.50700899596842 ], [ -74.098680007676194, 4.507027091227314 ], [ -74.098343257435317, 4.507202665870409 ], [ -74.098331934071439, 4.507181333951451 ] ] ] } },
{ "type": "Feature", "properties": { "OBJECTID_1": 257, "id_interve": "5003323", "nomenclatu": "CL 87ABIS S ENTRE  KR 10A E Y KR 10 E", "tipo_inter": 1, "loccodigo": "05", "barrio_leg": "SAN ISIDRO SUR", "numero_con": 876, "año_contr": 2021, "numero_c_1": 908, "año_con_1": 2021, "tipo_contr": 1, "estado_con": 1, "entidad_co": 1, "enlace_con": "https:\/\/community.secop.gov.co\/Public\/Tendering\/OpportunityDetail\/Index?noticeUID=CO1.NTC.2222959&isFromPublicArea=True&isModal=False", "id_element": 297168, "tipo_eleme": 2, "funcion_el": 4, "area_eleme": 139.99245483199999, "SHAPE_Leng": 0.00092605623929299999, "Shape_Area": 1.13983380789e-08 }, "geometry": { "type": "Polygon", "coordinates": [ [ [ -74.098452695935123, 4.507424480955081 ], [ -74.098500667571727, 4.507399503184558 ], [ -74.098548639208275, 4.507374526313413 ], [ -74.09859660994556, 4.507349547643571 ], [ -74.098644580682787, 4.507324570772369 ], [ -74.098692553218712, 4.507299593001846 ], [ -74.098740523955996, 4.507274616130701 ], [ -74.09878929419051, 4.507249220175424 ], [ -74.098811294305733, 4.507236844604734 ], [ -74.098830927405345, 4.50722580093003 ], [ -74.098836435752844, 4.507222701866226 ], [ -74.098837540120314, 4.507224129090332 ], [ -74.098853385275447, 4.507244946597041 ], [ -74.098852541711381, 4.507245493384858 ], [ -74.09846819485125, 4.507445883920468 ], [ -74.098464557093621, 4.507447634001153 ], [ -74.098453293084958, 4.507425645577143 ], [ -74.098452901879853, 4.507424882952023 ], [ -74.098452695935123, 4.507424480955081 ] ] ] } },
{ "type": "Feature", "properties": { "OBJECTID_1": 258, "id_interve": "5003387", "nomenclatu": "CL 87BBIS S ENTRE  KR 10A E Y KR 10 E", "tipo_inter": 1, "loccodigo": "05", "barrio_leg": "SAN ISIDRO SUR", "numero_con": 876, "año_contr": 2021, "numero_c_1": 908, "año_con_1": 2021, "tipo_contr": 1, "estado_con": 1, "entidad_co": 1, "enlace_con": "https:\/\/community.secop.gov.co\/Public\/Tendering\/OpportunityDetail\/Index?noticeUID=CO1.NTC.2222959&isFromPublicArea=True&isModal=False", "id_element": 297330, "tipo_eleme": 2, "funcion_el": 4, "area_eleme": 77.844674886500002, "SHAPE_Leng": 0.00082594748617399998, "Shape_Area": 6.3381410704499997e-09 }, "geometry": { "type": "Polygon", "coordinates": [ [ [ -74.098360341856278, 4.507244215448225 ], [ -74.098710057623009, 4.507059984830505 ], [ -74.098714592004796, 4.507065871792577 ], [ -74.098720836897087, 4.507073983677458 ], [ -74.098715199946469, 4.507076901977484 ], [ -74.098366974356338, 4.507257157591823 ], [ -74.09836268279156, 4.507248784004219 ], [ -74.098362087440364, 4.507247619382156 ], [ -74.098360341856278, 4.507244215448225 ] ] ] } },
{ "type": "Feature", "properties": { "OBJECTID_1": 259, "id_interve": "5003323", "nomenclatu": "CL 87ABIS S ENTRE  KR 10A E Y KR 10 E", "tipo_inter": 1, "loccodigo": "05", "barrio_leg": "SAN ISIDRO SUR", "numero_con": 876, "año_contr": 2021, "numero_c_1": 908, "año_con_1": 2021, "tipo_contr": 1, "estado_con": 1, "entidad_co": 1, "enlace_con": "https:\/\/community.secop.gov.co\/Public\/Tendering\/OpportunityDetail\/Index?noticeUID=CO1.NTC.2222959&isFromPublicArea=True&isModal=False", "id_element": 297166, "tipo_eleme": 2, "funcion_el": 4, "area_eleme": 58.150301877799997, "SHAPE_Leng": 0.000950130587444, "Shape_Area": 4.7345741166700003e-09 }, "geometry": { "type": "Polygon", "coordinates": [ [ [ -74.098481987753473, 4.507496433014012 ], [ -74.098482430219917, 4.507494586705832 ], [ -74.09848380078671, 4.507490419247517 ], [ -74.098485654289448, 4.507486442445384 ], [ -74.098487963748482, 4.507482712057538 ], [ -74.098492072750901, 4.507477824242244 ], [ -74.098880542103302, 4.507272641219458 ], [ -74.098882742744365, 4.507271695132658 ], [ -74.098885051304023, 4.507271056614002 ], [ -74.098890879810199, 4.507278762904605 ], [ -74.09887213793877, 4.507288662641713 ], [ -74.098819105817029, 4.507316672926152 ], [ -74.098495467691635, 4.507487613362741 ], [ -74.098495359772983, 4.507487670919318 ], [ -74.098486520336621, 4.507504112324966 ], [ -74.098481987753473, 4.507496433014012 ] ] ] } },
{ "type": "Feature", "properties": { "OBJECTID_1": 260, "id_interve": "5003300", "nomenclatu": "CL 87A S ENTRE  KR 10A E Y KR 10 E", "tipo_inter": 1, "loccodigo": "05", "barrio_leg": "SAN ISIDRO SUR", "numero_con": 876, "año_contr": 2021, "numero_c_1": 908, "año_con_1": 2021, "tipo_contr": 1, "estado_con": 1, "entidad_co": 1, "enlace_con": "https:\/\/community.secop.gov.co\/Public\/Tendering\/OpportunityDetail\/Index?noticeUID=CO1.NTC.2222959&isFromPublicArea=True&isModal=False", "id_element": 297108, "tipo_eleme": 2, "funcion_el": 4, "area_eleme": 54.272945091700002, "SHAPE_Leng": 0.0010211362593800001, "Shape_Area": 4.4190328036400003e-09 }, "geometry": { "type": "Polygon", "coordinates": [ [ [ -74.098571749986206, 4.507675270397442 ], [ -74.098584055409788, 4.507669346563148 ], [ -74.099025609044588, 4.507456837662971 ], [ -74.099031051741633, 4.507464032239341 ], [ -74.098598547984579, 4.507672186622187 ], [ -74.098595186318732, 4.507674461906959 ], [ -74.098591505393642, 4.507676171518142 ], [ -74.098587599637995, 4.507677272288333 ], [ -74.098583567077924, 4.507677736338508 ], [ -74.098579512934123, 4.507677551078189 ], [ -74.098575539729325, 4.507676721903238 ], [ -74.098571749986206, 4.507675270397442 ] ] ] } },
{ "type": "Feature", "properties": { "OBJECTID_1": 261, "id_interve": "5003395", "nomenclatu": "CL 87 S ENTRE  KR 8 E Y CL 86 S", "tipo_inter": 1, "loccodigo": "05", "barrio_leg": "YOMASITA", "numero_con": 876, "año_contr": 2021, "numero_c_1": 908, "año_con_1": 2021, "tipo_contr": 1, "estado_con": 1, "entidad_co": 1, "enlace_con": "https:\/\/community.secop.gov.co\/Public\/Tendering\/OpportunityDetail\/Index?noticeUID=CO1.NTC.2222959&isFromPublicArea=True&isModal=False", "id_element": 297347, "tipo_eleme": 2, "funcion_el": 4, "area_eleme": 107.157502315, "SHAPE_Leng": 0.0015390418703600001, "Shape_Area": 8.7246819639100006e-09 }, "geometry": { "type": "Polygon", "coordinates": [ [ [ -74.099971282148886, 4.506950575108988 ], [ -74.099987409691153, 4.50694314760824 ], [ -74.0999866227844, 4.506949737840159 ], [ -74.099984877200257, 4.50695614101312 ], [ -74.099982210710436, 4.506962218631543 ], [ -74.099978680871402, 4.506967839394349 ], [ -74.099974365024877, 4.506972880993715 ], [ -74.099969355801079, 4.506977234611725 ], [ -74.099947381766242, 4.507005332130404 ], [ -74.099936314709112, 4.50701948206347 ], [ -74.099929537418177, 4.507028146132086 ], [ -74.099926018371036, 4.50703264723893 ], [ -74.099910248758931, 4.50705280913985 ], [ -74.099859016180631, 4.507101748446985 ], [ -74.099804928254798, 4.507147513147288 ], [ -74.099802524366964, 4.507149426904562 ], [ -74.099792184861428, 4.507158210582986 ], [ -74.099433192587753, 4.507463213856283 ], [ -74.09942769683073, 4.507456846656169 ], [ -74.099426150896136, 4.507455055206663 ], [ -74.099682794925002, 4.507237007382059 ], [ -74.099694521185143, 4.50722704379308 ], [ -74.099874936878791, 4.507073759746277 ], [ -74.099924070439442, 4.507010937604718 ], [ -74.099929238843231, 4.507004329386348 ], [ -74.099971282148886, 4.506950575108988 ] ] ] } },
{ "type": "Feature", "properties": { "OBJECTID_1": 262, "id_interve": "5003300", "nomenclatu": "CL 87A S ENTRE  KR 10A E Y KR 10 E", "tipo_inter": 1, "loccodigo": "05", "barrio_leg": "SAN ISIDRO SUR", "numero_con": 876, "año_contr": 2021, "numero_c_1": 908, "año_con_1": 2021, "tipo_contr": 1, "estado_con": 1, "entidad_co": 1, "enlace_con": "https:\/\/community.secop.gov.co\/Public\/Tendering\/OpportunityDetail\/Index?noticeUID=CO1.NTC.2222959&isFromPublicArea=True&isModal=False", "id_element": 297106, "tipo_eleme": 2, "funcion_el": 4, "area_eleme": 69.852856359900002, "SHAPE_Leng": 0.0011696146733499999, "Shape_Area": 5.6874711063399998e-09 }, "geometry": { "type": "Polygon", "coordinates": [ [ [ -74.098541887098349, 4.5077411601265 ], [ -74.09885132402934, 4.507581858715866 ], [ -74.099054710206644, 4.507483972907096 ], [ -74.099056754365677, 4.507483200389458 ], [ -74.099056955813808, 4.50748369501656 ], [ -74.099060043186398, 4.507491280798035 ], [ -74.098899430564245, 4.507570271850625 ], [ -74.098806226626039, 4.507616112093956 ], [ -74.098546354030987, 4.507749897040185 ], [ -74.098541887098349, 4.5077411601265 ] ] ] } },
{ "type": "Feature", "properties": { "OBJECTID_1": 263, "id_interve": "5003395", "nomenclatu": "CL 87 S ENTRE  KR 8 E Y CL 86 S", "tipo_inter": 1, "loccodigo": "05", "barrio_leg": "YOMASITA", "numero_con": 876, "año_contr": 2021, "numero_c_1": 908, "año_con_1": 2021, "tipo_contr": 1, "estado_con": 1, "entidad_co": 1, "enlace_con": "https:\/\/community.secop.gov.co\/Public\/Tendering\/OpportunityDetail\/Index?noticeUID=CO1.NTC.2222959&isFromPublicArea=True&isModal=False", "id_element": 297345, "tipo_eleme": 2, "funcion_el": 4, "area_eleme": 133.013295559, "SHAPE_Leng": 0.0012602962726900001, "Shape_Area": 1.08303405065e-08 }, "geometry": { "type": "Polygon", "coordinates": [ [ [ -74.099449360599465, 4.507481947633835 ], [ -74.099810739673842, 4.507191445029207 ], [ -74.099910532045385, 4.507111223704044 ], [ -74.099917991022437, 4.507105227024681 ], [ -74.099920086442808, 4.507103955383286 ], [ -74.099922365324858, 4.507103048866668 ], [ -74.099924753924199, 4.507102536253115 ], [ -74.099927193784936, 4.507102426535823 ], [ -74.0999296192565, 4.507102722412753 ], [ -74.099931961091102, 4.507103416689404 ], [ -74.09993415633619, 4.50710448868125 ], [ -74.099936142938589, 4.507105910509438 ], [ -74.099937866938944, 4.507107640805032 ], [ -74.099909398000307, 4.507130526752462 ], [ -74.099906643376869, 4.507132740883321 ], [ -74.099744257291604, 4.507265997927504 ], [ -74.099685939854226, 4.507312944336945 ], [ -74.099630046089715, 4.507360003161637 ], [ -74.099591752956997, 4.507392951623444 ], [ -74.099543887440404, 4.507434137875237 ], [ -74.099464013253566, 4.507498925035407 ], [ -74.099449360599465, 4.507481947633835 ] ] ] } },
{ "type": "Feature", "properties": { "OBJECTID_1": 264, "id_interve": "5003380", "nomenclatu": "CL 87A S ENTRE  KR 9 E Y KR 10 E", "tipo_inter": 1, "loccodigo": "05", "barrio_leg": "SAN ISIDRO SUR", "numero_con": 876, "año_contr": 2021, "numero_c_1": 908, "año_con_1": 2021, "tipo_contr": 1, "estado_con": 1, "entidad_co": 1, "enlace_con": "https:\/\/community.secop.gov.co\/Public\/Tendering\/OpportunityDetail\/Index?noticeUID=CO1.NTC.2222959&isFromPublicArea=True&isModal=False", "id_element": 297320, "tipo_eleme": 2, "funcion_el": 4, "area_eleme": 95.430366800200005, "SHAPE_Leng": 0.0010431408011900001, "Shape_Area": 7.7698635337000005e-09 }, "geometry": { "type": "Polygon", "coordinates": [ [ [ -74.099515287200688, 4.507068103909944 ], [ -74.09952687496525, 4.507058459580321 ], [ -74.099527450531355, 4.50706290852645 ], [ -74.099527348008678, 4.507067392546162 ], [ -74.099526568296426, 4.507071810016043 ], [ -74.099524962107296, 4.507076445121868 ], [ -74.09952261038012, 4.507080750176556 ], [ -74.099519578765523, 4.507084607368768 ], [ -74.099162086561023, 4.507382105799593 ], [ -74.099144250306892, 4.507396949109989 ], [ -74.099134893760322, 4.507386525068114 ], [ -74.099133935082989, 4.507385459371505 ], [ -74.099204519273087, 4.507326720152037 ], [ -74.099515287200688, 4.507068103909944 ] ] ] } },
{ "type": "Feature", "properties": { "OBJECTID_1": 265, "id_interve": "5003380", "nomenclatu": "CL 87A S ENTRE  KR 9 E Y KR 10 E", "tipo_inter": 1, "loccodigo": "05", "barrio_leg": "SAN ISIDRO SUR", "numero_con": 876, "año_contr": 2021, "numero_c_1": 908, "año_con_1": 2021, "tipo_contr": 1, "estado_con": 1, "entidad_co": 1, "enlace_con": "https:\/\/community.secop.gov.co\/Public\/Tendering\/OpportunityDetail\/Index?noticeUID=CO1.NTC.2222959&isFromPublicArea=True&isModal=False", "id_element": 297318, "tipo_eleme": 2, "funcion_el": 4, "area_eleme": 75.651735933699996, "SHAPE_Leng": 0.0010698475503700001, "Shape_Area": 6.15969201652e-09 }, "geometry": { "type": "Polygon", "coordinates": [ [ [ -74.099167629982105, 4.507422997073718 ], [ -74.099480406995156, 4.507162708991871 ], [ -74.099527648382207, 4.507123396027964 ], [ -74.099549550471352, 4.507105824174516 ], [ -74.099573524598441, 4.507091203895982 ], [ -74.099574961715064, 4.507093828117718 ], [ -74.099575550771021, 4.50709490460622 ], [ -74.099581406256846, 4.507105601142655 ], [ -74.099558030178912, 4.507118446159438 ], [ -74.099214504445797, 4.507394898655718 ], [ -74.099172647299781, 4.50742858636022 ], [ -74.099167629982105, 4.507422997073718 ] ] ] } },
{ "type": "Feature", "properties": { "OBJECTID_1": 266, "id_interve": "5003387", "nomenclatu": "CL 87BBIS S ENTRE  KR 10A E Y KR 10 E", "tipo_inter": 1, "loccodigo": "05", "barrio_leg": "SAN ISIDRO SUR", "numero_con": 876, "año_contr": 2021, "numero_c_1": 908, "año_con_1": 2021, "tipo_contr": 1, "estado_con": 1, "entidad_co": 1, "enlace_con": "https:\/\/community.secop.gov.co\/Public\/Tendering\/OpportunityDetail\/Index?noticeUID=CO1.NTC.2222959&isFromPublicArea=True&isModal=False", "id_element": 297331, "tipo_eleme": 3, "funcion_el": 2, "area_eleme": 233.27716114099999, "SHAPE_Leng": 0.0009928324347099999, "Shape_Area": 1.89936245232e-08 }, "geometry": { "type": "Polygon", "coordinates": [ [ [ -74.098333173337267, 4.507232264357583 ], [ -74.09831598279635, 4.507199877072708 ], [ -74.098319173590937, 4.507202304342911 ], [ -74.098322736704915, 4.507204141657837 ], [ -74.098326564219519, 4.507205333259549 ], [ -74.098330541021596, 4.50720584407452 ], [ -74.098334545702699, 4.507205657914824 ], [ -74.098338457753584, 4.507204781075814 ], [ -74.098342157564502, 4.507203238738498 ], [ -74.098343257435317, 4.507202665870409 ], [ -74.098680007676194, 4.507027091227314 ], [ -74.098684542957244, 4.507024726909663 ], [ -74.098687186064751, 4.507023170183231 ], [ -74.098689532395952, 4.507021193473349 ], [ -74.098691515401072, 4.507018851638747 ], [ -74.098693078422798, 4.507016212128519 ], [ -74.098694179192989, 4.507013348687167 ], [ -74.098694785336022, 4.507010341354203 ], [ -74.098712829333579, 4.507034023201641 ], [ -74.098730448851086, 4.507057151066704 ], [ -74.098727829125949, 4.507056222067035 ], [ -74.098725100582897, 4.507055696862949 ], [ -74.098722322577089, 4.507055587145658 ], [ -74.098719560759093, 4.507055896512441 ], [ -74.098716876282765, 4.50705661776874 ], [ -74.098714331201393, 4.507057733827423 ], [ -74.098710057623009, 4.507059984830505 ], [ -74.098360341856278, 4.507244215448225 ], [ -74.098356842594171, 4.507246058159126 ], [ -74.098353706658202, 4.507248331645258 ], [ -74.098350902572065, 4.507251005329692 ], [ -74.098348482496419, 4.507254030649051 ], [ -74.098346489598782, 4.507257352744659 ], [ -74.098333173337267, 4.507232264357583 ] ] ] } },
{ "type": "Feature", "properties": { "OBJECTID_1": 267, "id_interve": "5003323", "nomenclatu": "CL 87ABIS S ENTRE  KR 10A E Y KR 10 E", "tipo_inter": 1, "loccodigo": "05", "barrio_leg": "SAN ISIDRO SUR", "numero_con": 876, "año_contr": 2021, "numero_c_1": 908, "año_con_1": 2021, "tipo_contr": 1, "estado_con": 1, "entidad_co": 1, "enlace_con": "https:\/\/community.secop.gov.co\/Public\/Tendering\/OpportunityDetail\/Index?noticeUID=CO1.NTC.2222959&isFromPublicArea=True&isModal=False", "id_element": 297167, "tipo_eleme": 3, "funcion_el": 2, "area_eleme": 227.99468648499999, "SHAPE_Leng": 0.00111459530928, "Shape_Area": 1.8563608584e-08 }, "geometry": { "type": "Polygon", "coordinates": [ [ [ -74.098462546209475, 4.507476472561223 ], [ -74.098448262277429, 4.507449562147599 ], [ -74.098452396460914, 4.507449900292727 ], [ -74.098456538738219, 4.507449688052702 ], [ -74.09846061626439, 4.507448928125598 ], [ -74.098464557093621, 4.507447634001153 ], [ -74.09846819485125, 4.507445883920468 ], [ -74.098852541711381, 4.507245493384858 ], [ -74.098853385275447, 4.507244946597041 ], [ -74.098855728009426, 4.507243014853316 ], [ -74.098857709215849, 4.507240713488159 ], [ -74.098859271338256, 4.507238109051514 ], [ -74.098860369410488, 4.507235277985728 ], [ -74.098860970157602, 4.507232301229749 ], [ -74.098861057391844, 4.507229265118553 ], [ -74.098860627515933, 4.507226258684966 ], [ -74.098859694019609, 4.507223369163228 ], [ -74.09887969404258, 4.507249266040844 ], [ -74.098898765965259, 4.507273961424232 ], [ -74.09889629013162, 4.507272488334706 ], [ -74.098893607453988, 4.50727143882591 ], [ -74.098890788978679, 4.507270842575394 ], [ -74.098887911148154, 4.507270713972332 ], [ -74.098885051304023, 4.507271056614002 ], [ -74.098882742744365, 4.507271695132658 ], [ -74.098880542103302, 4.507272641219458 ], [ -74.098492072750901, 4.507477824242244 ], [ -74.098487963748482, 4.507482712057538 ], [ -74.098485654289448, 4.507486442445384 ], [ -74.09848380078671, 4.507490419247517 ], [ -74.098482430219917, 4.507494586705832 ], [ -74.098481987753473, 4.507496433014012 ], [ -74.098481253906698, 4.507501903590025 ], [ -74.0984813393423, 4.507507421830098 ], [ -74.098481808788392, 4.50751086803217 ], [ -74.098482599292481, 4.507514253979707 ], [ -74.098474430750343, 4.507498865680134 ], [ -74.098462546209475, 4.507476472561223 ] ] ] } },
{ "type": "Feature", "properties": { "OBJECTID_1": 268, "id_interve": "5003380", "nomenclatu": "CL 87A S ENTRE  KR 9 E Y KR 10 E", "tipo_inter": 1, "loccodigo": "05", "barrio_leg": "SAN ISIDRO SUR", "numero_con": 876, "año_contr": 2021, "numero_c_1": 908, "año_con_1": 2021, "tipo_contr": 1, "estado_con": 1, "entidad_co": 1, "enlace_con": "https:\/\/community.secop.gov.co\/Public\/Tendering\/OpportunityDetail\/Index?noticeUID=CO1.NTC.2222959&isFromPublicArea=True&isModal=False", "id_element": 297319, "tipo_eleme": 3, "funcion_el": 2, "area_eleme": 229.58656608800001, "SHAPE_Leng": 0.0011342073370199999, "Shape_Area": 1.8693251588799999e-08 }, "geometry": { "type": "Polygon", "coordinates": [ [ [ -74.099144250306892, 4.507396949109989 ], [ -74.099162086561023, 4.507382105799593 ], [ -74.099519578765523, 4.507084607368768 ], [ -74.09952261038012, 4.507080750176556 ], [ -74.099524962107296, 4.507076445121868 ], [ -74.099526568296426, 4.507071810016043 ], [ -74.099554449977859, 4.507056355166696 ], [ -74.099573524598441, 4.507091203895982 ], [ -74.099549550471352, 4.507105824174516 ], [ -74.099527648382207, 4.507123396027964 ], [ -74.099480406995156, 4.507162708991871 ], [ -74.099167629982105, 4.507422997073718 ], [ -74.099144250306892, 4.507396949109989 ] ] ] } },
{ "type": "Feature", "properties": { "OBJECTID_1": 269, "id_interve": "5003395", "nomenclatu": "CL 87 S ENTRE  KR 8 E Y CL 86 S", "tipo_inter": 1, "loccodigo": "05", "barrio_leg": "YOMASITA", "numero_con": 876, "año_contr": 2021, "numero_c_1": 908, "año_con_1": 2021, "tipo_contr": 1, "estado_con": 1, "entidad_co": 1, "enlace_con": "https:\/\/community.secop.gov.co\/Public\/Tendering\/OpportunityDetail\/Index?noticeUID=CO1.NTC.2222959&isFromPublicArea=True&isModal=False", "id_element": 297346, "tipo_eleme": 1, "funcion_el": 1, "area_eleme": 282.090043756, "SHAPE_Leng": 0.0014185516571699999, "Shape_Area": 2.2968008856699999e-08 }, "geometry": { "type": "Polygon", "coordinates": [ [ [ -74.099433192587753, 4.507463213856283 ], [ -74.099792184861428, 4.507158210582986 ], [ -74.099802524366964, 4.507149426904562 ], [ -74.099804928254798, 4.507147513147288 ], [ -74.099859016180631, 4.507101748446985 ], [ -74.099910248758931, 4.50705280913985 ], [ -74.099926018371036, 4.50703264723893 ], [ -74.099929537418177, 4.507028146132086 ], [ -74.099936314709112, 4.50701948206347 ], [ -74.099962438215925, 4.507087564339656 ], [ -74.099922365324858, 4.507103048866668 ], [ -74.099920086442808, 4.507103955383286 ], [ -74.099917991022437, 4.507105227024681 ], [ -74.099910532045385, 4.507111223704044 ], [ -74.099810739673842, 4.507191445029207 ], [ -74.099449360599465, 4.507481947633835 ], [ -74.099446829007888, 4.507479014045316 ], [ -74.099444391845168, 4.507476190174089 ], [ -74.099433192587753, 4.507463213856283 ] ] ] } },
{ "type": "Feature", "properties": { "OBJECTID_1": 270, "id_interve": "5003300", "nomenclatu": "CL 87A S ENTRE  KR 10A E Y KR 10 E", "tipo_inter": 1, "loccodigo": "05", "barrio_leg": "SAN ISIDRO SUR", "numero_con": 876, "año_contr": 2021, "numero_c_1": 908, "año_con_1": 2021, "tipo_contr": 1, "estado_con": 1, "entidad_co": 1, "enlace_con": "https:\/\/community.secop.gov.co\/Public\/Tendering\/OpportunityDetail\/Index?noticeUID=CO1.NTC.2222959&isFromPublicArea=True&isModal=False", "id_element": 297107, "tipo_eleme": 3, "funcion_el": 2, "area_eleme": 232.274005458, "SHAPE_Leng": 0.0012638277541, "Shape_Area": 1.8912011272300001e-08 }, "geometry": { "type": "Polygon", "coordinates": [ [ [ -74.098571749986206, 4.507675270397442 ], [ -74.098575539729325, 4.507676721903238 ], [ -74.098579512934123, 4.507677551078189 ], [ -74.098583567077924, 4.507677736338508 ], [ -74.098587599637995, 4.507677272288333 ], [ -74.098591505393642, 4.507676171518142 ], [ -74.098595186318732, 4.507674461906959 ], [ -74.098598547984579, 4.507672186622187 ], [ -74.099031051741633, 4.507464032239341 ], [ -74.099031146170432, 4.50746398727324 ], [ -74.099032987981957, 4.507461726377642 ], [ -74.099034470964, 4.507459216369796 ], [ -74.099035563640314, 4.507456512108377 ], [ -74.099036239031193, 4.507453676545992 ], [ -74.099036483646785, 4.507450770836442 ], [ -74.099036292091171, 4.507447860630293 ], [ -74.099052040119545, 4.507468675439043 ], [ -74.099062455168109, 4.507482441361617 ], [ -74.09906021765488, 4.507482509710087 ], [ -74.099058720283665, 4.507482720151472 ], [ -74.099056754365677, 4.507483200389458 ], [ -74.099054710206644, 4.507483972907096 ], [ -74.09885132402934, 4.507581858715866 ], [ -74.098541887098349, 4.5077411601265 ], [ -74.098535261792847, 4.50772819819781 ], [ -74.098518255612987, 4.507694926879424 ], [ -74.098539151360683, 4.507684169189133 ], [ -74.098565199324469, 4.507670760297401 ], [ -74.098568297488896, 4.507673272103887 ], [ -74.098571749986206, 4.507675270397442 ] ] ] } },
{ "type": "Feature", "properties": { "OBJECTID_1": 271, "id_interve": "5006914", "nomenclatu": "CL 105 SUR ENTRE KR 7B ESTE Y KR 7D ESTE", "tipo_inter": 1, "loccodigo": "05", "barrio_leg": "PORTAL DE ORIENTE", "numero_con": 882, "año_contr": 2021, "numero_c_1": 922, "año_con_1": 2021, "tipo_contr": 1, "estado_con": 1, "entidad_co": 1, "enlace_con": "https:\/\/community.secop.gov.co\/Public\/Tendering\/OpportunityDetail\/Index?noticeUID=CO1.NTC.2222959&isFromPublicArea=True&isModal=False", "id_element": 305466, "tipo_eleme": 2, "funcion_el": 4, "area_eleme": 204.5439092, "SHAPE_Leng": 0.0014541744388500001, "Shape_Area": 1.6653753864599999e-08 }, "geometry": { "type": "Polygon", "coordinates": [ [ [ -74.101896818783132, 4.489179442677198 ], [ -74.101893330312919, 4.489178912077193 ], [ -74.101889965949113, 4.489177850877184 ], [ -74.101886803932814, 4.489176284258178 ], [ -74.101883920706314, 4.48917425089104 ], [ -74.101881384618139, 4.48917179754045 ], [ -74.101879255922881, 4.489168982662477 ], [ -74.101877585881823, 4.489165874605476 ], [ -74.101876413165883, 4.489162547113892 ], [ -74.101875063283501, 4.48915887428268 ], [ -74.101880616597157, 4.489157016283343 ], [ -74.101884070893107, 4.489155859755158 ], [ -74.101935337645671, 4.489138704287825 ], [ -74.101986605297554, 4.489121546122476 ], [ -74.102037872050118, 4.489104389755823 ], [ -74.102089137903363, 4.489087231590531 ], [ -74.102129993204585, 4.489073560096756 ], [ -74.102140404655927, 4.489070075223822 ], [ -74.102191671408491, 4.489052917957849 ], [ -74.102217304784745, 4.489044340224154 ], [ -74.102242938161055, 4.489035760691877 ], [ -74.102294204913562, 4.489018605224487 ], [ -74.102345471666126, 4.489001447059195 ], [ -74.10239673841869, 4.488984290692486 ], [ -74.102448005171254, 4.488967133426513 ], [ -74.102499271923818, 4.488949976160541 ], [ -74.102550537777063, 4.488932818894511 ], [ -74.102545842416646, 4.48895514276569 ], [ -74.101900821665538, 4.489179383321925 ], [ -74.101898821573343, 4.489179501133094 ], [ -74.101896818783132, 4.489179442677198 ] ] ] } },
{ "type": "Feature", "properties": { "OBJECTID_1": 272, "id_interve": "5006878", "nomenclatu": "CL 105 SUR ENTRE KR 7D ESTE Y KR 7H ESTE", "tipo_inter": 1, "loccodigo": "05", "barrio_leg": "PORTAL DE ORIENTE", "numero_con": 882, "año_contr": 2021, "numero_c_1": 922, "año_con_1": 2021, "tipo_contr": 1, "estado_con": 1, "entidad_co": 1, "enlace_con": "https:\/\/community.secop.gov.co\/Public\/Tendering\/OpportunityDetail\/Index?noticeUID=CO1.NTC.2222959&isFromPublicArea=True&isModal=False", "id_element": 305379, "tipo_eleme": 2, "funcion_el": 4, "area_eleme": 187.73724571299999, "SHAPE_Leng": 0.00124521791512, "Shape_Area": 1.52852778296e-08 }, "geometry": { "type": "Polygon", "coordinates": [ [ [ -74.101277753365594, 4.489400472653756 ], [ -74.101259731851087, 4.489376303373774 ], [ -74.101306627898509, 4.48936027925356 ], [ -74.101357785833102, 4.489342798231576 ], [ -74.101408943767694, 4.489325317209648 ], [ -74.101460100802967, 4.48930783618772 ], [ -74.10151125873756, 4.489290355165792 ], [ -74.101562417571472, 4.489272874143865 ], [ -74.101613576405384, 4.489255394021257 ], [ -74.101664734339977, 4.489237912999329 ], [ -74.10171589137525, 4.489220431977401 ], [ -74.101767049309842, 4.489202950955473 ], [ -74.101818208143754, 4.489185470832865 ], [ -74.101832480384644, 4.489180593809408 ], [ -74.101833516403644, 4.489183408687381 ], [ -74.10183429611584, 4.489186348571195 ], [ -74.101834562315162, 4.489189378387152 ], [ -74.101834306907676, 4.489192409102429 ], [ -74.101833536188678, 4.489195351684202 ], [ -74.101832273540538, 4.489198118898116 ], [ -74.10183055673474, 4.489200628905962 ], [ -74.10182843613336, 4.489202808862615 ], [ -74.101826490000462, 4.489204268462288 ], [ -74.101824360405885, 4.489205444775507 ], [ -74.101822089617713, 4.489206317117862 ], [ -74.101292874566468, 4.489396824104176 ], [ -74.10128806769012, 4.489398898840136 ], [ -74.101282977527376, 4.48940012731407 ], [ -74.101277753365594, 4.489400472653756 ] ] ] } },
{ "type": "Feature", "properties": { "OBJECTID_1": 273, "id_interve": "5006914", "nomenclatu": "CL 105 SUR ENTRE KR 7B ESTE Y KR 7D ESTE", "tipo_inter": 1, "loccodigo": "05", "barrio_leg": "PORTAL DE ORIENTE", "numero_con": 882, "año_contr": 2021, "numero_c_1": 922, "año_con_1": 2021, "tipo_contr": 1, "estado_con": 1, "entidad_co": 1, "enlace_con": "https:\/\/community.secop.gov.co\/Public\/Tendering\/OpportunityDetail\/Index?noticeUID=CO1.NTC.2222959&isFromPublicArea=True&isModal=False", "id_element": 305464, "tipo_eleme": 2, "funcion_el": 4, "area_eleme": 87.262008455499995, "SHAPE_Leng": 0.0013557744457800001, "Shape_Area": 7.1048310039e-09 }, "geometry": { "type": "Polygon", "coordinates": [ [ [ -74.101902764201157, 4.489242430293984 ], [ -74.101905270611724, 4.48923987082344 ], [ -74.101908152039528, 4.489237742128125 ], [ -74.101911334740294, 4.489236099066773 ], [ -74.102528335314389, 4.489021599966918 ], [ -74.102530546747289, 4.489020294151317 ], [ -74.102527391026229, 4.489034319977918 ], [ -74.102426011351326, 4.489069234357714 ], [ -74.102374892087539, 4.489086828694212 ], [ -74.102323771924489, 4.489104423930087 ], [ -74.102272653560078, 4.489122019165904 ], [ -74.102221534296348, 4.489139614401722 ], [ -74.10217041503256, 4.48915720873822 ], [ -74.10211929576883, 4.489174803974095 ], [ -74.102105364371027, 4.489179600058549 ], [ -74.102068177404419, 4.489192398310593 ], [ -74.102017057241369, 4.489209992647091 ], [ -74.101965937977639, 4.489227587882908 ], [ -74.101926777898427, 4.489241067821069 ], [ -74.101914818713851, 4.489245183118726 ], [ -74.101898350328554, 4.489250852444911 ], [ -74.101899417823859, 4.489247845112004 ], [ -74.101900899007262, 4.489245018542817 ], [ -74.101902764201157, 4.489242430293984 ] ] ] } },
{ "type": "Feature", "properties": { "OBJECTID_1": 274, "id_interve": "5006878", "nomenclatu": "CL 105 SUR ENTRE KR 7D ESTE Y KR 7H ESTE", "tipo_inter": 1, "loccodigo": "05", "barrio_leg": "PORTAL DE ORIENTE", "numero_con": 882, "año_contr": 2021, "numero_c_1": 922, "año_con_1": 2021, "tipo_contr": 1, "estado_con": 1, "entidad_co": 1, "enlace_con": "https:\/\/community.secop.gov.co\/Public\/Tendering\/OpportunityDetail\/Index?noticeUID=CO1.NTC.2222959&isFromPublicArea=True&isModal=False", "id_element": 305377, "tipo_eleme": 2, "funcion_el": 4, "area_eleme": 83.901409918499994, "SHAPE_Leng": 0.0011280196536500001, "Shape_Area": 6.8312003239800001e-09 }, "geometry": { "type": "Polygon", "coordinates": [ [ [ -74.101324751935692, 4.489449424551367 ], [ -74.101527224401821, 4.489376538996112 ], [ -74.101830665552711, 4.489267306441093 ], [ -74.101832912958514, 4.489266554607866 ], [ -74.101835234108705, 4.489266080665118 ], [ -74.101837594829078, 4.48926589000888 ], [ -74.10184099606505, 4.489266121134619 ], [ -74.101844305570182, 4.489266937719037 ], [ -74.101847422620438, 4.489268315480444 ], [ -74.101850254585543, 4.489270212150643 ], [ -74.101852715130633, 4.48927257197164 ], [ -74.101850203324204, 4.489273475790299 ], [ -74.101846076335335, 4.489274962369677 ], [ -74.101838911436573, 4.489277540725993 ], [ -74.101332145262234, 4.489459967303674 ], [ -74.101324911115739, 4.489449651180507 ], [ -74.101324751935692, 4.489449424551367 ] ] ] } },
{ "type": "Feature", "properties": { "OBJECTID_1": 275, "id_interve": "5006878", "nomenclatu": "CL 105 SUR ENTRE KR 7D ESTE Y KR 7H ESTE", "tipo_inter": 1, "loccodigo": "05", "barrio_leg": "PORTAL DE ORIENTE", "numero_con": 882, "año_contr": 2021, "numero_c_1": 922, "año_con_1": 2021, "tipo_contr": 1, "estado_con": 1, "entidad_co": 1, "enlace_con": "https:\/\/community.secop.gov.co\/Public\/Tendering\/OpportunityDetail\/Index?noticeUID=CO1.NTC.2222959&isFromPublicArea=True&isModal=False", "id_element": 305378, "tipo_eleme": 1, "funcion_el": 1, "area_eleme": 456.73875897400001, "SHAPE_Leng": 0.0013797980804, "Shape_Area": 3.7187298857800003e-08 }, "geometry": { "type": "Polygon", "coordinates": [ [ [ -74.10127868776118, 4.489413422891175 ], [ -74.101268465167493, 4.489398843981519 ], [ -74.10127304631402, 4.489400017596779 ], [ -74.101277753365594, 4.489400472653756 ], [ -74.101282977527376, 4.48940012731407 ], [ -74.10128806769012, 4.489398898840136 ], [ -74.101292874566468, 4.489396824104176 ], [ -74.101822089617713, 4.489206317117862 ], [ -74.101824360405885, 4.489205444775507 ], [ -74.101826490000462, 4.489204268462288 ], [ -74.10182843613336, 4.489202808862615 ], [ -74.101857700972062, 4.489192810200052 ], [ -74.101877915933017, 4.489251375850358 ], [ -74.101837594829078, 4.48926589000888 ], [ -74.101835234108705, 4.489266080665118 ], [ -74.101832912958514, 4.489266554607866 ], [ -74.101830665552711, 4.489267306441093 ], [ -74.101527224401821, 4.489376538996112 ], [ -74.101324751935692, 4.489449424551367 ], [ -74.101324481239772, 4.489449521678125 ], [ -74.101323163732957, 4.489450245632383 ], [ -74.101323125062152, 4.489450267216114 ], [ -74.101321891192299, 4.48945111257882 ], [ -74.101320746355327, 4.489452074853432 ], [ -74.101319165347149, 4.489453779968017 ], [ -74.101317857732909, 4.489455702718544 ], [ -74.101316854089532, 4.489457799937554 ], [ -74.101316176900013, 4.489460024860307 ], [ -74.101315842352221, 4.489462325326087 ], [ -74.101315855842017, 4.489464650073614 ], [ -74.101316219168154, 4.489466946942116 ], [ -74.10127868776118, 4.489413422891175 ] ] ] } },
{ "type": "Feature", "properties": { "OBJECTID_1": 276, "id_interve": "5006914", "nomenclatu": "CL 105 SUR ENTRE KR 7B ESTE Y KR 7D ESTE", "tipo_inter": 1, "loccodigo": "05", "barrio_leg": "PORTAL DE ORIENTE", "numero_con": 882, "año_contr": 2021, "numero_c_1": 922, "año_con_1": 2021, "tipo_contr": 1, "estado_con": 1, "entidad_co": 1, "enlace_con": "https:\/\/community.secop.gov.co\/Public\/Tendering\/OpportunityDetail\/Index?noticeUID=CO1.NTC.2222959&isFromPublicArea=True&isModal=False", "id_element": 305465, "tipo_eleme": 1, "funcion_el": 1, "area_eleme": 522.71201716600001, "SHAPE_Leng": 0.00165259989352, "Shape_Area": 4.2558689377699999e-08 }, "geometry": { "type": "Polygon", "coordinates": [ [ [ -74.101857700972062, 4.489192810200052 ], [ -74.101896818783132, 4.489179442677198 ], [ -74.101898821573343, 4.489179501133094 ], [ -74.101900821665538, 4.489179383321925 ], [ -74.102545842416646, 4.48895514276569 ], [ -74.102556937352745, 4.488951284674101 ], [ -74.102561103012476, 4.488950135340531 ], [ -74.10256502225792, 4.48894831511268 ], [ -74.102568588069857, 4.48894587345336 ], [ -74.102571703321416, 4.48894287781161 ], [ -74.102574280778413, 4.488939409126488 ], [ -74.102564191284387, 4.488990124594636 ], [ -74.1025547870737, 4.489037386666098 ], [ -74.102554871609982, 4.48903460866029 ], [ -74.102554500189967, 4.489031854936229 ], [ -74.10255368270623, 4.489029198338869 ], [ -74.1025524407425, 4.48902671261277 ], [ -74.102550809372303, 4.489024462509008 ], [ -74.102548830863839, 4.489022510980135 ], [ -74.102546559176346, 4.489020909287603 ], [ -74.102544056363058, 4.48901970059876 ], [ -74.102541389873181, 4.489018919087869 ], [ -74.102538630753145, 4.489018584540077 ], [ -74.102535854546034, 4.489018706847901 ], [ -74.102533134996122, 4.489019281514686 ], [ -74.102530546747289, 4.489020294151317 ], [ -74.102528335314389, 4.489021599966918 ], [ -74.101911334740294, 4.489236099066773 ], [ -74.101908152039528, 4.489237742128125 ], [ -74.101905270611724, 4.48923987082344 ], [ -74.101902764201157, 4.489242430293984 ], [ -74.101877915933017, 4.489251375850358 ], [ -74.101857700972062, 4.489192810200052 ] ] ] } },
{ "type": "Feature", "properties": { "OBJECTID_1": 277, "id_interve": "5006143", "nomenclatu": "KR 7A ESTE ENTRE CL 97B SUR Y CL 97D SUR", "tipo_inter": 1, "loccodigo": "05", "barrio_leg": "VILLA HERMOSA", "numero_con": 882, "año_contr": 2021, "numero_c_1": 922, "año_con_1": 2021, "tipo_contr": 1, "estado_con": 1, "entidad_co": 1, "enlace_con": "https:\/\/community.secop.gov.co\/Public\/Tendering\/OpportunityDetail\/Index?noticeUID=CO1.NTC.2222959&isFromPublicArea=True&isModal=False", "id_element": 303555, "tipo_eleme": 2, "funcion_el": 4, "area_eleme": 171.91788539800001, "SHAPE_Leng": 0.00173169363645, "Shape_Area": 1.3997520623499999e-08 }, "geometry": { "type": "Polygon", "coordinates": [ [ [ -74.101649241719088, 4.495678850298759 ], [ -74.10164930107436, 4.495678576005503 ], [ -74.101778775569983, 4.494839590374852 ], [ -74.101785593330419, 4.494840628192492 ], [ -74.101790650218277, 4.49484139891149 ], [ -74.101795067688158, 4.494842070705033 ], [ -74.101677287077109, 4.495605284856083 ], [ -74.101665791942708, 4.49567977210387 ], [ -74.101665502361016, 4.495681648988977 ], [ -74.101658443582267, 4.495680433105576 ], [ -74.101649241719088, 4.495678850298759 ] ] ] } },
{ "type": "Feature", "properties": { "OBJECTID_1": 278, "id_interve": "5006143", "nomenclatu": "KR 7A ESTE ENTRE CL 97B SUR Y CL 97D SUR", "tipo_inter": 1, "loccodigo": "05", "barrio_leg": "VILLA HERMOSA", "numero_con": 882, "año_contr": 2021, "numero_c_1": 922, "año_con_1": 2021, "tipo_contr": 1, "estado_con": 1, "entidad_co": 1, "enlace_con": "https:\/\/community.secop.gov.co\/Public\/Tendering\/OpportunityDetail\/Index?noticeUID=CO1.NTC.2222959&isFromPublicArea=True&isModal=False", "id_element": 303553, "tipo_eleme": 2, "funcion_el": 4, "area_eleme": 142.235296852, "SHAPE_Leng": 0.0017594791850699999, "Shape_Area": 1.15806506638e-08 }, "geometry": { "type": "Polygon", "coordinates": [ [ [ -74.101604118235457, 4.495673948993613 ], [ -74.101608363934815, 4.495647167183051 ], [ -74.101612608734854, 4.495620385372547 ], [ -74.101621101032947, 4.495566821751481 ], [ -74.101629592431721, 4.495513259029735 ], [ -74.101638082931117, 4.495459696307989 ], [ -74.101646575229211, 4.495406131787604 ], [ -74.101655065728664, 4.495352569065858 ], [ -74.101663558026758, 4.495299006344112 ], [ -74.101672049425474, 4.495245441823727 ], [ -74.101680540824248, 4.495191879101981 ], [ -74.101689032223021, 4.495138316380235 ], [ -74.101697522722475, 4.495084752759169 ], [ -74.101706015020511, 4.495031189138103 ], [ -74.101714506419285, 4.494977626416357 ], [ -74.101722997818058, 4.494924062795292 ], [ -74.101731489216832, 4.494870500073546 ], [ -74.101735028049063, 4.494848180699023 ], [ -74.101739980615548, 4.49481693555316 ], [ -74.101748010662106, 4.494818217986392 ], [ -74.10174928590078, 4.494821317050196 ], [ -74.101750033237408, 4.494824583387867 ], [ -74.1017502328869, 4.494827928865845 ], [ -74.101749880352656, 4.494831260854028 ], [ -74.101748983728555, 4.494834490319533 ], [ -74.101619421099372, 4.495674045221051 ], [ -74.101618975934969, 4.495676318707183 ], [ -74.101604118235457, 4.495673948993613 ] ] ] } },
{ "type": "Feature", "properties": { "OBJECTID_1": 279, "id_interve": "5006143", "nomenclatu": "KR 7A ESTE ENTRE CL 97B SUR Y CL 97D SUR", "tipo_inter": 1, "loccodigo": "05", "barrio_leg": "VILLA HERMOSA", "numero_con": 882, "año_contr": 2021, "numero_c_1": 922, "año_con_1": 2021, "tipo_contr": 1, "estado_con": 1, "entidad_co": 1, "enlace_con": "https:\/\/community.secop.gov.co\/Public\/Tendering\/OpportunityDetail\/Index?noticeUID=CO1.NTC.2222959&isFromPublicArea=True&isModal=False", "id_element": 303554, "tipo_eleme": 1, "funcion_el": 1, "area_eleme": 331.22982755300001, "SHAPE_Leng": 0.00189542327269, "Shape_Area": 2.6968544184799999e-08 }, "geometry": { "type": "Polygon", "coordinates": [ [ [ -74.101628384642197, 4.495693341074855 ], [ -74.101603746815442, 4.495689410138198 ], [ -74.101606737061218, 4.495688826478215 ], [ -74.101609583415495, 4.495687738298557 ], [ -74.101612200442673, 4.49568617797479 ], [ -74.101614510800971, 4.495684191372391 ], [ -74.101616447041351, 4.495681837846575 ], [ -74.101617949808485, 4.495679187544511 ], [ -74.101618975934969, 4.495676318707183 ], [ -74.101619421099372, 4.495674045221051 ], [ -74.101748983728555, 4.494834490319533 ], [ -74.101749880352656, 4.494831260854028 ], [ -74.1017502328869, 4.494827928865845 ], [ -74.101750033237408, 4.494824583387867 ], [ -74.10174928590078, 4.494821317050196 ], [ -74.101748010662106, 4.494818217986392 ], [ -74.101747067273323, 4.494816570428441 ], [ -74.101745973697689, 4.494815018198551 ], [ -74.101768573660706, 4.494818459004705 ], [ -74.101788669911173, 4.494821520296966 ], [ -74.101798057034671, 4.494822949319712 ], [ -74.101795464289182, 4.49482302396342 ], [ -74.101792904818637, 4.494823443047494 ], [ -74.101790423589136, 4.494824199377319 ], [ -74.101788064667403, 4.494825277664461 ], [ -74.101785425157232, 4.49482699087298 ], [ -74.101783094114467, 4.494829106078441 ], [ -74.101781131793757, 4.494831566623532 ], [ -74.101779590355761, 4.494834309555813 ], [ -74.101778775569983, 4.494839590374852 ], [ -74.10164930107436, 4.495678576005503 ], [ -74.101649241719088, 4.495678850298759 ], [ -74.101648832527587, 4.495682174193007 ], [ -74.101648952137396, 4.495685520570362 ], [ -74.10164959785061, 4.495688807592444 ], [ -74.101650752580156, 4.495691950722971 ], [ -74.10165238934627, 4.495694872620334 ], [ -74.10165446498155, 4.495697501338668 ], [ -74.101628384642197, 4.495693341074855 ] ] ] } },
{ "type": "Feature", "properties": { "OBJECTID_1": 280, "id_interve": "5006296", "nomenclatu": "KR 7A ESTE ENTRE CL 97D SUR Y CL 97F SUR", "tipo_inter": 1, "loccodigo": "05", "barrio_leg": "VILLA HERMOSA", "numero_con": 882, "año_contr": 2021, "numero_c_1": 922, "año_con_1": 2021, "tipo_contr": 1, "estado_con": 1, "entidad_co": 1, "enlace_con": "https:\/\/community.secop.gov.co\/Public\/Tendering\/OpportunityDetail\/Index?noticeUID=CO1.NTC.2222959&isFromPublicArea=True&isModal=False", "id_element": 303951, "tipo_eleme": 2, "funcion_el": 4, "area_eleme": 169.88072299199999, "SHAPE_Leng": 0.0017367282480400001, "Shape_Area": 1.38318461835e-08 }, "geometry": { "type": "Polygon", "coordinates": [ [ [ -74.101793159326803, 4.494769009782033 ], [ -74.101793000146813, 4.494766804644371 ], [ -74.101909725853147, 4.494020483358668 ], [ -74.101922230926164, 4.49393943465725 ], [ -74.101925508955048, 4.493933585466664 ], [ -74.101929654829689, 4.493928316338781 ], [ -74.101932200810381, 4.493928719235043 ], [ -74.101939115697576, 4.493929814609317 ], [ -74.101945222094287, 4.493930784078486 ], [ -74.101937243309067, 4.493949450406831 ], [ -74.101810168204679, 4.494761926721594 ], [ -74.101809327338572, 4.494767309164047 ], [ -74.101808690618554, 4.494771375898324 ], [ -74.101793159326803, 4.494769009782033 ] ] ] } },
{ "type": "Feature", "properties": { "OBJECTID_1": 281, "id_interve": "5006296", "nomenclatu": "KR 7A ESTE ENTRE CL 97D SUR Y CL 97F SUR", "tipo_inter": 1, "loccodigo": "05", "barrio_leg": "VILLA HERMOSA", "numero_con": 882, "año_contr": 2021, "numero_c_1": 922, "año_con_1": 2021, "tipo_contr": 1, "estado_con": 1, "entidad_co": 1, "enlace_con": "https:\/\/community.secop.gov.co\/Public\/Tendering\/OpportunityDetail\/Index?noticeUID=CO1.NTC.2222959&isFromPublicArea=True&isModal=False", "id_element": 92067366, "tipo_eleme": 2, "funcion_el": 4, "area_eleme": 120.43818233099999, "SHAPE_Leng": 0.00172436212741, "Shape_Area": 9.8055857539299993e-09 }, "geometry": { "type": "Polygon", "coordinates": [ [ [ -74.101749590770964, 4.49476155260362 ], [ -74.101865611408812, 4.49400956738765 ], [ -74.101879334163925, 4.493920635229188 ], [ -74.101880513175104, 4.493920864556287 ], [ -74.101885674384334, 4.49392186819972 ], [ -74.101890656628484, 4.49392283766889 ], [ -74.101763285647053, 4.494748384730201 ], [ -74.101760980684674, 4.494763325167355 ], [ -74.101749590770964, 4.49476155260362 ] ] ] } },
{ "type": "Feature", "properties": { "OBJECTID_1": 282, "id_interve": "5006296", "nomenclatu": "KR 7A ESTE ENTRE CL 97D SUR Y CL 97F SUR", "tipo_inter": 1, "loccodigo": "05", "barrio_leg": "VILLA HERMOSA", "numero_con": 882, "año_contr": 2021, "numero_c_1": 922, "año_con_1": 2021, "tipo_contr": 1, "estado_con": 1, "entidad_co": 1, "enlace_con": "https:\/\/community.secop.gov.co\/Public\/Tendering\/OpportunityDetail\/Index?noticeUID=CO1.NTC.2222959&isFromPublicArea=True&isModal=False", "id_element": 303950, "tipo_eleme": 1, "funcion_el": 1, "area_eleme": 360.909590767, "SHAPE_Leng": 0.00190101384619, "Shape_Area": 2.9385464201900001e-08 }, "geometry": { "type": "Polygon", "coordinates": [ [ [ -74.101774561346872, 4.494778860056385 ], [ -74.101746858630577, 4.494774642235996 ], [ -74.101749692394321, 4.494774126924483 ], [ -74.101752403850298, 4.494773156555993 ], [ -74.101754920153382, 4.494771756311536 ], [ -74.1017571747538, 4.494769963063391 ], [ -74.101759105598205, 4.494767826274199 ], [ -74.101760661425374, 4.494765402601274 ], [ -74.101760980684674, 4.494763325167355 ], [ -74.101763285647053, 4.494748384730201 ], [ -74.101890656628484, 4.49392283766889 ], [ -74.101890759151161, 4.493922177566503 ], [ -74.101891239389147, 4.493920215245794 ], [ -74.10189141115967, 4.493918202563066 ], [ -74.101891269066755, 4.493916187182322 ], [ -74.101890818506433, 4.493914217667054 ], [ -74.101890068471846, 4.493912341681266 ], [ -74.101889037848764, 4.493910603291738 ], [ -74.101887750918934, 4.493909045665987 ], [ -74.101886443304693, 4.493907864856112 ], [ -74.101884987302299, 4.493906872004573 ], [ -74.1018834098914, 4.493906085997139 ], [ -74.101888109748415, 4.493906830635751 ], [ -74.101912516449431, 4.493910700418553 ], [ -74.101934639771741, 4.493914205975898 ], [ -74.101941542967779, 4.493915299551475 ], [ -74.10194852800214, 4.493916406616904 ], [ -74.101944593468147, 4.493917837438289 ], [ -74.101940817214881, 4.493919645075607 ], [ -74.101936638964673, 4.493922219834644 ], [ -74.101932782671724, 4.49392525594584 ], [ -74.101929654829689, 4.493928316338781 ], [ -74.101925508955048, 4.493933585466664 ], [ -74.101922230926164, 4.49393943465725 ], [ -74.101909725853147, 4.494020483358668 ], [ -74.101793000146813, 4.494766804644371 ], [ -74.101793159326803, 4.494769009782033 ], [ -74.101793964220008, 4.494772844491251 ], [ -74.101795417524443, 4.494776482248881 ], [ -74.101797475173328, 4.494779816035702 ], [ -74.101800076012637, 4.494782746026942 ], [ -74.101774561346872, 4.494778860056385 ] ] ] } },
{ "type": "Feature", "properties": { "OBJECTID_1": 283, "id_interve": "5006427", "nomenclatu": "KR 7A ESTE ENTRE CL 97F SUR Y CL 97G SUR", "tipo_inter": 1, "loccodigo": "05", "barrio_leg": "VILLA HERMOSA", "numero_con": 882, "año_contr": 2021, "numero_c_1": 922, "año_con_1": 2021, "tipo_contr": 1, "estado_con": 1, "entidad_co": 1, "enlace_con": "https:\/\/community.secop.gov.co\/Public\/Tendering\/OpportunityDetail\/Index?noticeUID=CO1.NTC.2222959&isFromPublicArea=True&isModal=False", "id_element": 304275, "tipo_eleme": 2, "funcion_el": 4, "area_eleme": 120.662773356, "SHAPE_Leng": 0.0019287778392099999, "Shape_Area": 9.82414589726e-09 }, "geometry": { "type": "Polygon", "coordinates": [ [ [ -74.101938747874897, 4.493866151601651 ], [ -74.101938784747063, 4.493865832342351 ], [ -74.101941042045439, 4.493851282210926 ], [ -74.102084990230082, 4.492923154879747 ], [ -74.102086911181971, 4.492923456152653 ], [ -74.102096705698386, 4.492924985899435 ], [ -74.102091967170509, 4.492954290308319 ], [ -74.102082908299565, 4.493010508728048 ], [ -74.102075658864521, 4.493060603663992 ], [ -74.102066981306109, 4.493114137607392 ], [ -74.102058322633468, 4.493167674248809 ], [ -74.102049537156404, 4.493222105715631 ], [ -74.102040615881663, 4.493277430209275 ], [ -74.102032677566001, 4.493331992977119 ], [ -74.102024018893303, 4.493385528719216 ], [ -74.10201534223421, 4.493439061763354 ], [ -74.102006815761911, 4.493491703579309 ], [ -74.101998013197715, 4.493546133247492 ], [ -74.101989353625754, 4.493599668989589 ], [ -74.101985539600946, 4.493626058695725 ], [ -74.101981725576138, 4.493652449301123 ], [ -74.101972923011942, 4.493706878969363 ], [ -74.101964264339301, 4.493760414711403 ], [ -74.101960656259223, 4.49378272059613 ], [ -74.101958491591063, 4.493796106105435 ], [ -74.101954162254742, 4.493822874426144 ], [ -74.101947146643454, 4.493866246929827 ], [ -74.101946946094642, 4.493867487994237 ], [ -74.101938747874897, 4.493866151601651 ] ] ] } },
{ "type": "Feature", "properties": { "OBJECTID_1": 284, "id_interve": "5006427", "nomenclatu": "KR 7A ESTE ENTRE CL 97F SUR Y CL 97G SUR", "tipo_inter": 1, "loccodigo": "05", "barrio_leg": "VILLA HERMOSA", "numero_con": 882, "año_contr": 2021, "numero_c_1": 922, "año_con_1": 2021, "tipo_contr": 1, "estado_con": 1, "entidad_co": 1, "enlace_con": "https:\/\/community.secop.gov.co\/Public\/Tendering\/OpportunityDetail\/Index?noticeUID=CO1.NTC.2222959&isFromPublicArea=True&isModal=False", "id_element": 304273, "tipo_eleme": 2, "funcion_el": 4, "area_eleme": 114.510842883, "SHAPE_Leng": 0.00187919534732, "Shape_Area": 9.3234968597600006e-09 }, "geometry": { "type": "Polygon", "coordinates": [ [ [ -74.10189712005598, 4.493851960299764 ], [ -74.101905324571021, 4.493798352611918 ], [ -74.101913530884701, 4.493744744024752 ], [ -74.101921736299062, 4.493691136336906 ], [ -74.101929941713422, 4.493637526850421 ], [ -74.101938147127726, 4.493583920061894 ], [ -74.101946215845146, 4.49353120540087 ], [ -74.101954283663247, 4.49347848984047 ], [ -74.10196248907755, 4.493424882152624 ], [ -74.10197083208817, 4.493370379639373 ], [ -74.101979036603211, 4.493316771951527 ], [ -74.101987242017572, 4.493263164263681 ], [ -74.101995447431932, 4.493209555676515 ], [ -74.102003652846236, 4.493155947988669 ], [ -74.102011858260596, 4.493102340300823 ], [ -74.102020062775637, 4.493048730814337 ], [ -74.102025399352669, 4.493013874890437 ], [ -74.102028269089317, 4.492995124025811 ], [ -74.102036473604358, 4.492941515438645 ], [ -74.102038224584362, 4.492930073364221 ], [ -74.102040108664028, 4.492931549151706 ], [ -74.102041751725437, 4.492933289339874 ], [ -74.102043119594271, 4.492935252559903 ], [ -74.10204418079428, 4.492937397442972 ], [ -74.102044912842416, 4.492939676325022 ], [ -74.102045298651547, 4.492942037944772 ], [ -74.102045347214982, 4.492944125271208 ], [ -74.102045125082441, 4.492946201805808 ], [ -74.10190920514566, 4.493844551684788 ], [ -74.101909148488346, 4.493846873734299 ], [ -74.101908781564987, 4.493849167904841 ], [ -74.101908111570026, 4.493851391928217 ], [ -74.101907150194791, 4.493853506234359 ], [ -74.10189712005598, 4.493851960299764 ] ] ] } },
{ "type": "Feature", "properties": { "OBJECTID_1": 285, "id_interve": "5006427", "nomenclatu": "KR 7A ESTE ENTRE CL 97F SUR Y CL 97G SUR", "tipo_inter": 1, "loccodigo": "05", "barrio_leg": "VILLA HERMOSA", "numero_con": 882, "año_contr": 2021, "numero_c_1": 922, "año_con_1": 2021, "tipo_contr": 1, "estado_con": 1, "entidad_co": 1, "enlace_con": "https:\/\/community.secop.gov.co\/Public\/Tendering\/OpportunityDetail\/Index?noticeUID=CO1.NTC.2222959&isFromPublicArea=True&isModal=False", "id_element": 304274, "tipo_eleme": 1, "funcion_el": 1, "area_eleme": 402.83902986300001, "SHAPE_Leng": 0.0020018293386599999, "Shape_Area": 3.27990495053e-08 }, "geometry": { "type": "Polygon", "coordinates": [ [ [ -74.101919496087817, 4.493866339559986 ], [ -74.101894518317351, 4.493862381643623 ], [ -74.101897116458701, 4.493861787191747 ], [ -74.101899591392964, 4.493860797937543 ], [ -74.101901884664187, 4.493859439061907 ], [ -74.101903940514433, 4.49385774294052 ], [ -74.101905709480889, 4.493855749143563 ], [ -74.101907150194791, 4.493853506234359 ], [ -74.101908111570026, 4.493851391928217 ], [ -74.101908781564987, 4.493849167904841 ], [ -74.101909148488346, 4.493846873734299 ], [ -74.10190920514566, 4.493844551684788 ], [ -74.102045125082441, 4.492946201805808 ], [ -74.102045347214982, 4.492944125271208 ], [ -74.102045298651547, 4.492942037944772 ], [ -74.102049047925163, 4.492917541311556 ], [ -74.102084990230082, 4.492923154879747 ], [ -74.101941042045439, 4.493851282210926 ], [ -74.101938784747063, 4.493865832342351 ], [ -74.101938747874897, 4.493866151601651 ], [ -74.101938729888445, 4.493867802756938 ], [ -74.101938996987087, 4.493869431429175 ], [ -74.101919496087817, 4.493866339559986 ] ] ] } },
{ "type": "Feature", "properties": { "OBJECTID_1": 286, "id_interve": "11007776", "nomenclatu": "CL 126B BIS ENTRE KR 118D Y KR 119", "tipo_inter": 1, "loccodigo": "11", "barrio_leg": "LA CAROLINA III", "numero_con": 599, "año_contr": 2021, "numero_c_1": 593, "año_con_1": 2021, "tipo_contr": 1, "estado_con": 2, "entidad_co": 1, "enlace_con": "https:\/\/community.secop.gov.co\/Public\/Tendering\/OpportunityDetail\/Index?noticeUID=CO1.NTC.2093229&isFromPublicArea=True&isModal=False", "id_element": 54932, "tipo_eleme": 2, "funcion_el": 4, "area_eleme": 74.323623788399999, "SHAPE_Leng": 0.00093546603311699995, "Shape_Area": 6.0533083766600001e-09 }, "geometry": { "type": "Polygon", "coordinates": [ [ [ -74.105241572840271, 4.727561973006686 ], [ -74.105247401346446, 4.727550011124151 ], [ -74.104850884860411, 4.727372297893282 ], [ -74.104850665425829, 4.727372200766524 ], [ -74.104856296980472, 4.727359874658532 ], [ -74.105253338670593, 4.727537826209755 ], [ -74.105258341599153, 4.727540068219639 ], [ -74.105247528150869, 4.727564563054216 ], [ -74.105241572840271, 4.727561973006686 ] ] ] } },
{ "type": "Feature", "properties": { "OBJECTID_1": 287, "id_interve": "11007776", "nomenclatu": "CL 126B BIS ENTRE KR 118D Y KR 119", "tipo_inter": 1, "loccodigo": "11", "barrio_leg": "LA CAROLINA III", "numero_con": 599, "año_contr": 2021, "numero_c_1": 593, "año_con_1": 2021, "tipo_contr": 1, "estado_con": 2, "entidad_co": 1, "enlace_con": "https:\/\/community.secop.gov.co\/Public\/Tendering\/OpportunityDetail\/Index?noticeUID=CO1.NTC.2093229&isFromPublicArea=True&isModal=False", "id_element": 54933, "tipo_eleme": 2, "funcion_el": 4, "area_eleme": 74.446853280300004, "SHAPE_Leng": 0.000934192114398, "Shape_Area": 6.06332878532e-09 }, "geometry": { "type": "Polygon", "coordinates": [ [ [ -74.104832414584223, 4.727412767385374 ], [ -74.104837890556155, 4.727400369331633 ], [ -74.105235997942884, 4.727573413282471 ], [ -74.105241572840271, 4.727561973006686 ], [ -74.105247528150869, 4.727564563054216 ], [ -74.105236917949355, 4.727588591140602 ], [ -74.105230057920778, 4.727585608988704 ], [ -74.104832414584223, 4.727412767385374 ] ] ] } },
{ "type": "Feature", "properties": { "OBJECTID_1": 288, "id_interve": "11007775", "nomenclatu": "KR 118D ENTRE CL 126 B BIS Y CL 126C", "tipo_inter": 1, "loccodigo": "11", "barrio_leg": "LA CAROLINA III", "numero_con": 599, "año_contr": 2021, "numero_c_1": 593, "año_con_1": 2021, "tipo_contr": 1, "estado_con": 2, "entidad_co": 1, "enlace_con": "https:\/\/community.secop.gov.co\/Public\/Tendering\/OpportunityDetail\/Index?noticeUID=CO1.NTC.2093229&isFromPublicArea=True&isModal=False", "id_element": 55011, "tipo_eleme": 2, "funcion_el": 4, "area_eleme": 39.518337196200001, "SHAPE_Leng": 0.00050326615811799996, "Shape_Area": 3.21858951646e-09 }, "geometry": { "type": "Polygon", "coordinates": [ [ [ -74.10466379799584, 4.727624685430953 ], [ -74.104669362101333, 4.727612326947394 ], [ -74.104669426852524, 4.727612353927043 ], [ -74.104758411171701, 4.727414688337262 ], [ -74.104763974377875, 4.727402330753023 ], [ -74.104765976268766, 4.727403452207625 ], [ -74.104767759624394, 4.727404897418126 ], [ -74.104769274982004, 4.727406624116441 ], [ -74.10477047737561, 4.727408581940551 ], [ -74.104771332630833, 4.727410716931104 ], [ -74.104771815566778, 4.727412964336906 ], [ -74.104771912693593, 4.727415263903367 ], [ -74.104771623111901, 4.727417544584057 ], [ -74.104770951318301, 4.7274197443258 ], [ -74.104770722890521, 4.727420279422404 ], [ -74.104681743067943, 4.727617936018987 ], [ -74.10468060182825, 4.727619980178019 ], [ -74.104679126040821, 4.727621796808535 ], [ -74.104677359772325, 4.727623331951236 ], [ -74.104675357881433, 4.72762453794212 ], [ -74.104673176126141, 4.727625382405506 ], [ -74.104670885552878, 4.727625834764524 ], [ -74.104668550013514, 4.727625886025862 ], [ -74.104666239655216, 4.727625530793659 ], [ -74.104664024624981, 4.727624785255671 ], [ -74.10466379799584, 4.727624685430953 ] ] ] } },
{ "type": "Feature", "properties": { "OBJECTID_1": 289, "id_interve": "11007775", "nomenclatu": "KR 118D ENTRE CL 126 B BIS Y CL 126C", "tipo_inter": 1, "loccodigo": "11", "barrio_leg": "LA CAROLINA III", "numero_con": 599, "año_contr": 2021, "numero_c_1": 593, "año_con_1": 2021, "tipo_contr": 1, "estado_con": 2, "entidad_co": 1, "enlace_con": "https:\/\/community.secop.gov.co\/Public\/Tendering\/OpportunityDetail\/Index?noticeUID=CO1.NTC.2093229&isFromPublicArea=True&isModal=False", "id_element": 55010, "tipo_eleme": 2, "funcion_el": 4, "area_eleme": 36.518797008299998, "SHAPE_Leng": 0.000467148163272, "Shape_Area": 2.9742153137000001e-09 }, "geometry": { "type": "Polygon", "coordinates": [ [ [ -74.104739766427031, 4.727589127136582 ], [ -74.104814168239216, 4.727420617567475 ], [ -74.104817234927395, 4.727413667606697 ], [ -74.104820058798623, 4.727407271628351 ], [ -74.104820151428783, 4.72740707107954 ], [ -74.104821300762353, 4.727405052101517 ], [ -74.104822781046494, 4.727403258853371 ], [ -74.104824542818335, 4.727401746193664 ], [ -74.104826535716029, 4.727400558189231 ], [ -74.104828703981468, 4.727399729913657 ], [ -74.104830980165559, 4.727399283849934 ], [ -74.104833298617791, 4.727399237085194 ], [ -74.104835590989694, 4.727399586022102 ], [ -74.104837789832118, 4.727400325264853 ], [ -74.104837890556155, 4.727400369331633 ], [ -74.104832414584223, 4.727412767385374 ], [ -74.10475212491059, 4.727594613001031 ], [ -74.104746651636617, 4.727607011054772 ], [ -74.104744588591871, 4.72760586801644 ], [ -74.104742755773543, 4.727604385933716 ], [ -74.104741208040252, 4.727602605276047 ], [ -74.104739990358212, 4.727600582700802 ], [ -74.104739142297547, 4.72759837756314 ], [ -74.104738688139889, 4.727596060010228 ], [ -74.10473864137515, 4.727593696591896 ], [ -74.104739004701287, 4.727591362851172 ], [ -74.104739766427031, 4.727589127136582 ] ] ] } },
{ "type": "Feature", "properties": { "OBJECTID_1": 290, "id_interve": "11004370", "nomenclatu": "KR 153 ENTRE CL 132 Y CL 132BIS", "tipo_inter": 1, "loccodigo": "11", "barrio_leg": "LISBOA", "numero_con": 599, "año_contr": 2021, "numero_c_1": 593, "año_con_1": 2021, "tipo_contr": 1, "estado_con": 2, "entidad_co": 1, "enlace_con": "https:\/\/community.secop.gov.co\/Public\/Tendering\/OpportunityDetail\/Index?noticeUID=CO1.NTC.2093229&isFromPublicArea=True&isModal=False", "id_element": 57517, "tipo_eleme": 2, "funcion_el": 4, "area_eleme": 54.449928227999997, "SHAPE_Leng": 0.00052827994197500005, "Shape_Area": 4.4349015088299997e-09 }, "geometry": { "type": "Polygon", "coordinates": [ [ [ -74.12347053933388, 4.742487155857589 ], [ -74.123470526743404, 4.742487118086103 ], [ -74.123390855803336, 4.742284505325699 ], [ -74.123384246685589, 4.742267693399356 ], [ -74.123384693648632, 4.742267516232914 ], [ -74.123387656914815, 4.742266714037669 ], [ -74.123390712811101, 4.742266426254616 ], [ -74.123393773204043, 4.742266662776331 ], [ -74.123396748161383, 4.742267419106156 ], [ -74.12339955224752, 4.74226867006314 ], [ -74.12340210272481, 4.742270378775004 ], [ -74.123404329446203, 4.742272497577744 ], [ -74.123406190143498, 4.74227500668627 ], [ -74.123407592186595, 4.742277799980513 ], [ -74.123487416011415, 4.74248081293922 ], [ -74.123488201119528, 4.742483593642987 ], [ -74.123488505989712, 4.7424858167671 ], [ -74.123488532969361, 4.742488063273527 ], [ -74.123488147160231, 4.742490989667488 ], [ -74.123487289206992, 4.742493815337355 ], [ -74.123485986089349, 4.742496462042141 ], [ -74.123484271082191, 4.742498861433376 ], [ -74.123482189151673, 4.742500948759812 ], [ -74.123479796055676, 4.742502668263569 ], [ -74.123477155646185, 4.74250397407917 ], [ -74.12347053933388, 4.742487155857589 ] ] ] } },
{ "type": "Feature", "properties": { "OBJECTID_1": 291, "id_interve": "11004290", "nomenclatu": "KR 153 ENTRE CL 131A Y CL 132D", "tipo_inter": 1, "loccodigo": "11", "barrio_leg": "LISBOA", "numero_con": 599, "año_contr": 2021, "numero_c_1": 593, "año_con_1": 2021, "tipo_contr": 1, "estado_con": 2, "entidad_co": 1, "enlace_con": "https:\/\/community.secop.gov.co\/Public\/Tendering\/OpportunityDetail\/Index?noticeUID=CO1.NTC.2093229&isFromPublicArea=True&isModal=False", "id_element": 92051366, "tipo_eleme": 2, "funcion_el": 4, "area_eleme": 48.564506250299999, "SHAPE_Leng": 0.00049353926168200005, "Shape_Area": 3.9554178844800003e-09 }, "geometry": { "type": "Polygon", "coordinates": [ [ [ -74.123489155300263, 4.742538270624721 ], [ -74.123482473337447, 4.742521481181484 ], [ -74.123482598343173, 4.742521432618048 ], [ -74.123485584991727, 4.742520550383119 ], [ -74.123488678659555, 4.742520199647572 ], [ -74.123491787615876, 4.74252039030381 ], [ -74.123494817431833, 4.742521115157388 ], [ -74.123497674578005, 4.742522352624519 ], [ -74.12350027901465, 4.742524066732358 ], [ -74.123502548004126, 4.742526208018148 ], [ -74.123504414996717, 4.74252870813342 ], [ -74.123505824234371, 4.742531494233106 ], [ -74.123505860207217, 4.742531585064626 ], [ -74.1235060796418, 4.74253209318158 ], [ -74.123553284156685, 4.742650667894054 ], [ -74.123581769283192, 4.742734794075545 ], [ -74.12356932806199, 4.742739713367143 ], [ -74.123489155300263, 4.742538270624721 ] ] ] } },
{ "type": "Feature", "properties": { "OBJECTID_1": 292, "id_interve": "11004437", "nomenclatu": "KR 153 ENTRE CL 132 Y CL 132 BIS", "tipo_inter": 1, "loccodigo": "11", "barrio_leg": "LISBOA", "numero_con": 599, "año_contr": 2021, "numero_c_1": 593, "año_con_1": 2021, "tipo_contr": 1, "estado_con": 2, "entidad_co": 1, "enlace_con": "https:\/\/community.secop.gov.co\/Public\/Tendering\/OpportunityDetail\/Index?noticeUID=CO1.NTC.2093229&isFromPublicArea=True&isModal=False", "id_element": 57515, "tipo_eleme": 2, "funcion_el": 4, "area_eleme": 54.249958464899997, "SHAPE_Leng": 0.00052643959767999997, "Shape_Area": 4.4184923378700002e-09 }, "geometry": { "type": "Polygon", "coordinates": [ [ [ -74.1233698800159, 4.742234861849454 ], [ -74.123289441054794, 4.742033486556181 ], [ -74.123282738407624, 4.742016704307503 ], [ -74.123282811252693, 4.742016674629895 ], [ -74.123285814089002, 4.742015778005793 ], [ -74.123288923944642, 4.742015414679713 ], [ -74.123292049988095, 4.742015598141393 ], [ -74.123295099589143, 4.742016321196331 ], [ -74.123297977419668, 4.742017563160061 ], [ -74.123300596245485, 4.742019288059737 ], [ -74.123302878724814, 4.742021440137421 ], [ -74.123304754710603, 4.742023956440505 ], [ -74.123306166646216, 4.742026759627322 ], [ -74.123386609204601, 4.742228136719177 ], [ -74.123387471654439, 4.742231001959226 ], [ -74.123387625438511, 4.742232046072104 ], [ -74.123387858362946, 4.742233993104321 ], [ -74.123387843074454, 4.742235147833867 ], [ -74.123387742350417, 4.742236995940686 ], [ -74.123387532808351, 4.742238220817285 ], [ -74.123387132610048, 4.742239934925124 ], [ -74.123386726116451, 4.742241145412606 ], [ -74.123386037235775, 4.742242760594991 ], [ -74.12338546166967, 4.742243862264502 ], [ -74.123384484106623, 4.742245362333676 ], [ -74.123383750259848, 4.742246350688561 ], [ -74.123382516389995, 4.742247672691974 ], [ -74.123381658436756, 4.742248512658762 ], [ -74.123380069334701, 4.742249707857752 ], [ -74.123379253649603, 4.742250287021193 ], [ -74.123376582663127, 4.742251643198813 ], [ -74.1233698800159, 4.742234861849454 ] ] ] } },
{ "type": "Feature", "properties": { "OBJECTID_1": 293, "id_interve": "11004437", "nomenclatu": "KR 153 ENTRE CL 132 Y CL 132 BIS", "tipo_inter": 1, "loccodigo": "11", "barrio_leg": "LISBOA", "numero_con": 599, "año_contr": 2021, "numero_c_1": 593, "año_con_1": 2021, "tipo_contr": 1, "estado_con": 2, "entidad_co": 1, "enlace_con": "https:\/\/community.secop.gov.co\/Public\/Tendering\/OpportunityDetail\/Index?noticeUID=CO1.NTC.2093229&isFromPublicArea=True&isModal=False", "id_element": 57514, "tipo_eleme": 2, "funcion_el": 4, "area_eleme": 54.25776003, "SHAPE_Leng": 0.00052649330215499997, "Shape_Area": 4.419227364e-09 }, "geometry": { "type": "Polygon", "coordinates": [ [ [ -74.123329354765872, 4.742000755730317 ], [ -74.123331851283865, 4.74199952455848 ], [ -74.123338532347361, 4.742016314001717 ], [ -74.123418704209769, 4.742217750448845 ], [ -74.12341872219622, 4.742217795415002 ], [ -74.123425405058356, 4.742234584858238 ], [ -74.123425333112607, 4.742234613636583 ], [ -74.123422650434918, 4.742235440113518 ], [ -74.123419870630471, 4.742235837613862 ], [ -74.123417062947055, 4.74223579804368 ], [ -74.123414296632461, 4.74223532140303 ], [ -74.123411639135782, 4.74223441758437 ], [ -74.123409151611042, 4.742233112668089 ], [ -74.123406896111305, 4.742231437231112 ], [ -74.123404929293997, 4.742229428145663 ], [ -74.123403296125161, 4.742227139371039 ], [ -74.123401976819707, 4.742224475579121 ], [ -74.123321796863422, 4.742023019346902 ], [ -74.123320941608142, 4.742020242240415 ], [ -74.123320542309159, 4.74201736261125 ], [ -74.12332060706035, 4.742014457801019 ], [ -74.123321135861715, 4.742011599755585 ], [ -74.123322064861384, 4.742008969238611 ], [ -74.123323387764117, 4.742006515888022 ], [ -74.123325073093611, 4.742004293663285 ], [ -74.123327076783141, 4.742002358322225 ], [ -74.123329354765872, 4.742000755730317 ] ] ] } },
{ "type": "Feature", "properties": { "OBJECTID_1": 294, "id_interve": "11004290", "nomenclatu": "KR 153 ENTRE CL 131A Y CL 132D", "tipo_inter": 1, "loccodigo": "11", "barrio_leg": "LISBOA", "numero_con": 599, "año_contr": 2021, "numero_c_1": 593, "año_con_1": 2021, "tipo_contr": 1, "estado_con": 2, "entidad_co": 1, "enlace_con": "https:\/\/community.secop.gov.co\/Public\/Tendering\/OpportunityDetail\/Index?noticeUID=CO1.NTC.2093229&isFromPublicArea=True&isModal=False", "id_element": 92051368, "tipo_eleme": 2, "funcion_el": 4, "area_eleme": 51.1188654527, "SHAPE_Leng": 0.00049805308592200002, "Shape_Area": 4.1635180701000003e-09 }, "geometry": { "type": "Polygon", "coordinates": [ [ [ -74.123529139158393, 4.7425038607646 ], [ -74.123531874896059, 4.742502489298488 ], [ -74.123538535275145, 4.742519287734979 ], [ -74.123618447233525, 4.74272087257026 ], [ -74.123601673078724, 4.742727479889311 ], [ -74.123521786301353, 4.742525960704597 ], [ -74.12352118105764, 4.742524156664558 ], [ -74.123520767369484, 4.742522297765902 ], [ -74.123520513760639, 4.7425192391716 ], [ -74.123520782657977, 4.742516184174633 ], [ -74.123521562370172, 4.742513214613211 ], [ -74.123522830414231, 4.742510424016928 ], [ -74.123524550817308, 4.742507886130113 ], [ -74.123526674116704, 4.742505678294492 ], [ -74.123529139158393, 4.7425038607646 ] ] ] } },
{ "type": "Feature", "properties": { "OBJECTID_1": 295, "id_interve": "11004370", "nomenclatu": "KR 153 ENTRE CL 132 Y CL 132BIS", "tipo_inter": 1, "loccodigo": "11", "barrio_leg": "LISBOA", "numero_con": 599, "año_contr": 2021, "numero_c_1": 593, "año_con_1": 2021, "tipo_contr": 1, "estado_con": 2, "entidad_co": 1, "enlace_con": "https:\/\/community.secop.gov.co\/Public\/Tendering\/OpportunityDetail\/Index?noticeUID=CO1.NTC.2093229&isFromPublicArea=True&isModal=False", "id_element": 57516, "tipo_eleme": 2, "funcion_el": 4, "area_eleme": 54.250138791799998, "SHAPE_Leng": 0.00052644790986499995, "Shape_Area": 4.4186143934000004e-09 }, "geometry": { "type": "Polygon", "coordinates": [ [ [ -74.123429771266899, 4.742252943618496 ], [ -74.123432434159497, 4.742251598232713 ], [ -74.123439116122256, 4.742268387676006 ], [ -74.123519303273213, 4.742469867290595 ], [ -74.123525986135292, 4.742486656733888 ], [ -74.123525910592264, 4.742486688210136 ], [ -74.123522908655275, 4.742487581236958 ], [ -74.123519796101675, 4.742487940965759 ], [ -74.123516668259583, 4.742487753007424 ], [ -74.123513621356494, 4.742487023657247 ], [ -74.123510747123248, 4.742485778096238 ], [ -74.123508128297431, 4.742484052297243 ], [ -74.12350584941538, 4.742481894823641 ], [ -74.123503977026871, 4.742479375822597 ], [ -74.123502566889897, 4.742476569937821 ], [ -74.123422379738997, 4.742275093021192 ], [ -74.1234215145912, 4.742272207096732 ], [ -74.1234213796929, 4.742271276298425 ], [ -74.123421137775267, 4.74226923933395 ], [ -74.123421153063703, 4.742268053128214 ], [ -74.123421255586436, 4.742266240994297 ], [ -74.123421467826461, 4.74226499903051 ], [ -74.123421868024764, 4.742263291217967 ], [ -74.123422276316944, 4.742262087025722 ], [ -74.1234229642983, 4.742260479037952 ], [ -74.123423551555618, 4.74225935938199 ], [ -74.123424515628869, 4.742257879997226 ], [ -74.123425260267481, 4.742256881749768 ], [ -74.12342652111704, 4.742255534565288 ], [ -74.123427344896015, 4.742254728772764 ], [ -74.123428931300111, 4.742253538969692 ], [ -74.123429771266899, 4.742252943618496 ] ] ] } },
{ "type": "Feature", "properties": { "OBJECTID_1": 296, "id_interve": "11004514", "nomenclatu": "KR 153 ENTRE CL 131B Y CL 132", "tipo_inter": 1, "loccodigo": "11", "barrio_leg": "LISBOA", "numero_con": 599, "año_contr": 2021, "numero_c_1": 593, "año_con_1": 2021, "tipo_contr": 1, "estado_con": 2, "entidad_co": 1, "enlace_con": "https:\/\/community.secop.gov.co\/Public\/Tendering\/OpportunityDetail\/Index?noticeUID=CO1.NTC.2093229&isFromPublicArea=True&isModal=False", "id_element": 57513, "tipo_eleme": 2, "funcion_el": 4, "area_eleme": 54.848263753499999, "SHAPE_Leng": 0.00053186118215600004, "Shape_Area": 4.4671671037000003e-09 }, "geometry": { "type": "Polygon", "coordinates": [ [ [ -74.123272506820683, 4.741984520269455 ], [ -74.123190510233826, 4.741780910160912 ], [ -74.123190494945334, 4.74178087238937 ], [ -74.123183746432687, 4.74176411622102 ], [ -74.123184332790686, 4.741763883296642 ], [ -74.123186832006638, 4.74176317103354 ], [ -74.123189408564315, 4.74176282839187 ], [ -74.123192007605041, 4.741762858069478 ], [ -74.123194778416234, 4.741763312227135 ], [ -74.123197445805431, 4.741764192663425 ], [ -74.123199944122064, 4.741765479593255 ], [ -74.123202213111597, 4.7417671379431 ], [ -74.123204198814676, 4.741769131740114 ], [ -74.123205849070644, 4.741771409722844 ], [ -74.123207127906596, 4.741773917931994 ], [ -74.123207273596734, 4.741774281258131 ], [ -74.123289130788692, 4.741977543329028 ], [ -74.123289915896862, 4.741979858183981 ], [ -74.123290385342955, 4.7419822548772 ], [ -74.123290524737911, 4.741984695637257 ], [ -74.123290337678895, 4.741987131001338 ], [ -74.123289619120612, 4.741990182401025 ], [ -74.123288387948719, 4.741993062030247 ], [ -74.12328667563952, 4.741995687151302 ], [ -74.123284539749648, 4.741997975925869 ], [ -74.123282042332335, 4.741999860005592 ], [ -74.123279256232649, 4.742001280934403 ], [ -74.123272506820683, 4.741984520269455 ] ] ] } },
{ "type": "Feature", "properties": { "OBJECTID_1": 297, "id_interve": "11004514", "nomenclatu": "KR 153 ENTRE CL 131B Y CL 132", "tipo_inter": 1, "loccodigo": "11", "barrio_leg": "LISBOA", "numero_con": 599, "año_contr": 2021, "numero_c_1": 593, "año_con_1": 2021, "tipo_contr": 1, "estado_con": 2, "entidad_co": 1, "enlace_con": "https:\/\/community.secop.gov.co\/Public\/Tendering\/OpportunityDetail\/Index?noticeUID=CO1.NTC.2093229&isFromPublicArea=True&isModal=False", "id_element": 57512, "tipo_eleme": 2, "funcion_el": 4, "area_eleme": 54.2555881348, "SHAPE_Leng": 0.00052647935385500004, "Shape_Area": 4.4189539408400004e-09 }, "geometry": { "type": "Polygon", "coordinates": [ [ [ -74.123232633579164, 4.741748709035733 ], [ -74.123235363920855, 4.741747336670301 ], [ -74.123242044984352, 4.741764126113594 ], [ -74.123322234833211, 4.741965604828863 ], [ -74.123328915896707, 4.741982395171476 ], [ -74.123328843950958, 4.741982423949764 ], [ -74.123325842013969, 4.741983318775169 ], [ -74.12332272856105, 4.741983679403347 ], [ -74.123319603416917, 4.741983491445012 ], [ -74.123316553815869, 4.741982763893475 ], [ -74.123313677783983, 4.741981518332466 ], [ -74.123311060756805, 4.741979790734831 ], [ -74.123308781874755, 4.741977635059868 ], [ -74.123306907687606, 4.741975116058825 ], [ -74.123305499349271, 4.741972310174049 ], [ -74.123225308601093, 4.741770830559403 ], [ -74.123224692565486, 4.741769001338412 ], [ -74.123224272582092, 4.74176711456073 ], [ -74.123224025268485, 4.741764062261723 ], [ -74.123224295065143, 4.741761011761355 ], [ -74.123225073878018, 4.741758051193131 ], [ -74.123226341022757, 4.741755263294806 ], [ -74.123228056029916, 4.74175272990459 ], [ -74.123230175731976, 4.741750524766928 ], [ -74.123232633579164, 4.741748709035733 ] ] ] } },
{ "type": "Feature", "properties": { "OBJECTID_1": 298, "id_interve": "11004660", "nomenclatu": "KR 153 ENTRE CL 131 Y CL 131A", "tipo_inter": 1, "loccodigo": "11", "barrio_leg": "LISBOA", "numero_con": 599, "año_contr": 2021, "numero_c_1": 593, "año_con_1": 2021, "tipo_contr": 1, "estado_con": 2, "entidad_co": 1, "enlace_con": "https:\/\/community.secop.gov.co\/Public\/Tendering\/OpportunityDetail\/Index?noticeUID=CO1.NTC.2093229&isFromPublicArea=True&isModal=False", "id_element": 57509, "tipo_eleme": 2, "funcion_el": 4, "area_eleme": 54.255606022599999, "SHAPE_Leng": 0.000526497028355, "Shape_Area": 4.4189336726500002e-09 }, "geometry": { "type": "Polygon", "coordinates": [ [ [ -74.123072925674933, 4.741478720866326 ], [ -74.122992742121312, 4.741277229560524 ], [ -74.122986061057816, 4.741260440117287 ], [ -74.122986129406286, 4.741260413137582 ], [ -74.122989132242594, 4.741259518312177 ], [ -74.122992245695571, 4.741259158583375 ], [ -74.122995374436925, 4.741259347440973 ], [ -74.122998421340014, 4.741260074093191 ], [ -74.123001297371957, 4.74126131875488 ], [ -74.123003915298398, 4.741263046352572 ], [ -74.123006195079824, 4.741265202926797 ], [ -74.123008069266916, 4.741267721028578 ], [ -74.123009477605251, 4.741270528711993 ], [ -74.123089662058192, 4.74147201642046 ], [ -74.123090395005704, 4.741474280913394 ], [ -74.123090825780935, 4.741476623647316 ], [ -74.1230909453908, 4.74147900325346 ], [ -74.123090644117894, 4.74148202137826 ], [ -74.123089844620608, 4.741484944174886 ], [ -74.123088569381935, 4.741487694301725 ], [ -74.123086856173416, 4.741490189920398 ], [ -74.123084749061888, 4.741492362682436 ], [ -74.123082309201152, 4.741494155031262 ], [ -74.123079607637749, 4.741495511208939 ], [ -74.123072925674933, 4.741478720866326 ] ] ] } },
{ "type": "Feature", "properties": { "OBJECTID_1": 299, "id_interve": "11004660", "nomenclatu": "KR 153 ENTRE CL 131 Y CL 131A", "tipo_inter": 1, "loccodigo": "11", "barrio_leg": "LISBOA", "numero_con": 599, "año_contr": 2021, "numero_c_1": 593, "año_con_1": 2021, "tipo_contr": 1, "estado_con": 2, "entidad_co": 1, "enlace_con": "https:\/\/community.secop.gov.co\/Public\/Tendering\/OpportunityDetail\/Index?noticeUID=CO1.NTC.2093229&isFromPublicArea=True&isModal=False", "id_element": 57508, "tipo_eleme": 2, "funcion_el": 4, "area_eleme": 54.253444388699997, "SHAPE_Leng": 0.000526475029865, "Shape_Area": 4.4187986962899999e-09 }, "geometry": { "type": "Polygon", "coordinates": [ [ [ -74.123106581003867, 4.741467966773314 ], [ -74.123026383061074, 4.741266488957365 ], [ -74.123025504423424, 4.741263603032905 ], [ -74.123025116815654, 4.741260610089114 ], [ -74.123025203150576, 4.74125782039215 ], [ -74.123025719361408, 4.741255076560606 ], [ -74.123026650159716, 4.741252446942894 ], [ -74.123027973062449, 4.741249989995083 ], [ -74.12302965569404, 4.74124776777029 ], [ -74.123031662081473, 4.741245834227925 ], [ -74.123033940064261, 4.741244229837378 ], [ -74.123036438380893, 4.741242998665484 ], [ -74.12304311944439, 4.741259786310138 ], [ -74.123123314689167, 4.741461259629489 ], [ -74.123129999349942, 4.741478048173406 ], [ -74.123129925605554, 4.741478076951751 ], [ -74.123126923668565, 4.741478971777155 ], [ -74.123123812014285, 4.741479332405333 ], [ -74.123120685970832, 4.741479145346318 ], [ -74.123117638168424, 4.741478416895461 ], [ -74.123114762136538, 4.741477173133092 ], [ -74.12311214600868, 4.741475446434777 ], [ -74.12310986622731, 4.741473290759814 ], [ -74.123107992040161, 4.74147077265809 ], [ -74.123106581003867, 4.741467966773314 ] ] ] } },
{ "type": "Feature", "properties": { "OBJECTID_1": 300, "id_interve": "11003174", "nomenclatu": "CL 135 ENTRE KR 143A Y KR 142", "tipo_inter": 1, "loccodigo": "11", "barrio_leg": "SAN PEDRO DE TIBABUYES", "numero_con": 599, "año_contr": 2021, "numero_c_1": 593, "año_con_1": 2021, "tipo_contr": 1, "estado_con": 2, "entidad_co": 1, "enlace_con": "https:\/\/community.secop.gov.co\/Public\/Tendering\/OpportunityDetail\/Index?noticeUID=CO1.NTC.2093229&isFromPublicArea=True&isModal=False", "id_element": 92051801, "tipo_eleme": 2, "funcion_el": 4, "area_eleme": 56.1567703192, "SHAPE_Leng": 0.00057400859718200001, "Shape_Area": 4.5738681112499999e-09 }, "geometry": { "type": "Polygon", "coordinates": [ [ [ -74.116552127678517, 4.745697194170248 ], [ -74.11642050290385, 4.745688432974873 ], [ -74.11630297500227, 4.745659009855444 ], [ -74.11628944740005, 4.745655623008645 ], [ -74.116294387376058, 4.745651306262801 ], [ -74.116299892126278, 4.745647745846838 ], [ -74.116305850134836, 4.74564501460577 ], [ -74.116312137295267, 4.745643170995606 ], [ -74.116318972142835, 4.745642227606766 ], [ -74.116325871741537, 4.745642332827458 ], [ -74.116332676911497, 4.745643483060348 ], [ -74.116426317020853, 4.745672597712257 ], [ -74.116551663628343, 4.745683644084977 ], [ -74.116553690700243, 4.745683726822563 ], [ -74.11655568359788, 4.74568411173243 ], [ -74.116557595556571, 4.745684794317867 ], [ -74.116559553380625, 4.745685863611754 ], [ -74.116561307957966, 4.745687242272481 ], [ -74.116562813423059, 4.745688890729753 ], [ -74.116564026608501, 4.745690765816221 ], [ -74.116564918735946, 4.745692813572532 ], [ -74.116565461926484, 4.745694983636611 ], [ -74.116565642690205, 4.745697211257323 ], [ -74.116565665173255, 4.745698095290891 ], [ -74.116552127678517, 4.745697194170248 ] ] ] } },
{ "type": "Feature", "properties": { "OBJECTID_1": 301, "id_interve": "11003174", "nomenclatu": "CL 135 ENTRE KR 143A Y KR 142", "tipo_inter": 1, "loccodigo": "11", "barrio_leg": "SAN PEDRO DE TIBABUYES", "numero_con": 599, "año_contr": 2021, "numero_c_1": 593, "año_con_1": 2021, "tipo_contr": 1, "estado_con": 2, "entidad_co": 1, "enlace_con": "https:\/\/community.secop.gov.co\/Public\/Tendering\/OpportunityDetail\/Index?noticeUID=CO1.NTC.2093229&isFromPublicArea=True&isModal=False", "id_element": 56932, "tipo_eleme": 2, "funcion_el": 4, "area_eleme": 52.599149577299997, "SHAPE_Leng": 0.00060620769862999998, "Shape_Area": 4.2840659774699998e-09 }, "geometry": { "type": "Polygon", "coordinates": [ [ [ -74.116286928399006, 4.74557195278345 ], [ -74.116290707350231, 4.745558548388374 ], [ -74.11649209523398, 4.74561344480469 ], [ -74.116557225935196, 4.745613520347717 ], [ -74.116573966815054, 4.745613538334169 ], [ -74.116571988306589, 4.745617090656253 ], [ -74.116569559237746, 4.745620351598006 ], [ -74.116566723675305, 4.745623262703475 ], [ -74.116562532834564, 4.745626431914332 ], [ -74.116557865353172, 4.745628837600805 ], [ -74.116552857028694, 4.745630414112384 ], [ -74.116547655349962, 4.745631111986256 ], [ -74.116487856729179, 4.74562796525845 ], [ -74.116286928399006, 4.74557195278345 ] ] ] } },
{ "type": "Feature", "properties": { "OBJECTID_1": 302, "id_interve": "11003454", "nomenclatu": "KR 143A CON CL 132D", "tipo_inter": 1, "loccodigo": "11", "barrio_leg": "LA ISABELA", "numero_con": 599, "año_contr": 2021, "numero_c_1": 593, "año_con_1": 2021, "tipo_contr": 1, "estado_con": 2, "entidad_co": 1, "enlace_con": "https:\/\/community.secop.gov.co\/Public\/Tendering\/OpportunityDetail\/Index?noticeUID=CO1.NTC.2093229&isFromPublicArea=True&isModal=False", "id_element": 56904, "tipo_eleme": 2, "funcion_el": 4, "area_eleme": 35.536626962299998, "SHAPE_Leng": 0.00043855497344100002, "Shape_Area": 2.89445245006e-09 }, "geometry": { "type": "Polygon", "coordinates": [ [ [ -74.116549356867267, 4.745200575046567 ], [ -74.116549382048277, 4.745200181143503 ], [ -74.116549721992044, 4.745198440056015 ], [ -74.116550285866936, 4.74519675922312 ], [ -74.116551062881229, 4.745195165624466 ], [ -74.116562630860699, 4.745174218615318 ], [ -74.116644392724481, 4.745026170421454 ], [ -74.116647612297413, 4.745022018251575 ], [ -74.1166514299195, 4.745018412869513 ], [ -74.116662174119995, 4.745024290838387 ], [ -74.11656278734273, 4.745201914137056 ], [ -74.116549356867267, 4.745200575046567 ] ] ] } },
{ "type": "Feature", "properties": { "OBJECTID_1": 303, "id_interve": "11003454", "nomenclatu": "KR 143A CON CL 132D", "tipo_inter": 1, "loccodigo": "11", "barrio_leg": "LA ISABELA", "numero_con": 599, "año_contr": 2021, "numero_c_1": 593, "año_con_1": 2021, "tipo_contr": 1, "estado_con": 2, "entidad_co": 1, "enlace_con": "https:\/\/community.secop.gov.co\/Public\/Tendering\/OpportunityDetail\/Index?noticeUID=CO1.NTC.2093229&isFromPublicArea=True&isModal=False", "id_element": 56905, "tipo_eleme": 2, "funcion_el": 4, "area_eleme": 36.779603760900002, "SHAPE_Leng": 0.00047115408628599999, "Shape_Area": 2.9956331708699998e-09 }, "geometry": { "type": "Polygon", "coordinates": [ [ [ -74.116509445854206, 4.745196596445794 ], [ -74.116509438659648, 4.745196518204807 ], [ -74.116523158716745, 4.745171059296979 ], [ -74.116615581144117, 4.74499954779094 ], [ -74.116627514248364, 4.745005909595079 ], [ -74.11662741262495, 4.745006100251373 ], [ -74.116548989044588, 4.745151712181837 ], [ -74.116524934877816, 4.745196374313252 ], [ -74.116525059883543, 4.745198152272962 ], [ -74.116509445854206, 4.745196596445794 ] ] ] } },
{ "type": "Feature", "properties": { "OBJECTID_1": 304, "id_interve": "11005274", "nomenclatu": "CL 131 A ENTRE KR 158 C Y KR 159", "tipo_inter": 1, "loccodigo": "11", "barrio_leg": "SANTA CECILIA SECTOR I", "numero_con": 599, "año_contr": 2021, "numero_c_1": 593, "año_con_1": 2021, "tipo_contr": 1, "estado_con": 2, "entidad_co": 1, "enlace_con": "https:\/\/community.secop.gov.co\/Public\/Tendering\/OpportunityDetail\/Index?noticeUID=CO1.NTC.2093229&isFromPublicArea=True&isModal=False", "id_element": 57673, "tipo_eleme": 2, "funcion_el": 4, "area_eleme": 54.2579740543, "SHAPE_Leng": 0.00052544496994900004, "Shape_Area": 4.4191913749500002e-09 }, "geometry": { "type": "Polygon", "coordinates": [ [ [ -74.128219119816492, 4.739258407149805 ], [ -74.128416667595104, 4.739170138691009 ], [ -74.128419638055789, 4.739169114363165 ], [ -74.128422738918232, 4.739168619736063 ], [ -74.12842588025012, 4.73916867459468 ], [ -74.128428963126112, 4.739169277140491 ], [ -74.128431894915991, 4.739170404890331 ], [ -74.128434586586877, 4.739172027267273 ], [ -74.128436958998407, 4.739174094808675 ], [ -74.128438935708289, 4.739176542763289 ], [ -74.128440458260513, 4.739179298286047 ], [ -74.128423997969094, 4.739186655639685 ], [ -74.128226448391842, 4.739274923199218 ], [ -74.128209986301783, 4.739282279653537 ], [ -74.128209042013623, 4.739279605069783 ], [ -74.128208524903471, 4.739276815372762 ], [ -74.128208451159082, 4.739273978911058 ], [ -74.128208820780401, 4.739271165831667 ], [ -74.128209622975703, 4.739268445382493 ], [ -74.128210840657744, 4.739265885012628 ], [ -74.128212443249595, 4.739263544976666 ], [ -74.128214391181189, 4.739261488227157 ], [ -74.128216634989656, 4.739259762428162 ], [ -74.128219119816492, 4.739258407149805 ] ] ] } },
{ "type": "Feature", "properties": { "OBJECTID_1": 305, "id_interve": "11005052", "nomenclatu": "KR 159 ENTRE CL 132A Y CL 132BIS", "tipo_inter": 1, "loccodigo": "11", "barrio_leg": "SANTA CECILIA SECTOR I", "numero_con": 599, "año_contr": 2021, "numero_c_1": 593, "año_con_1": 2021, "tipo_contr": 1, "estado_con": 2, "entidad_co": 1, "enlace_con": "https:\/\/community.secop.gov.co\/Public\/Tendering\/OpportunityDetail\/Index?noticeUID=CO1.NTC.2093229&isFromPublicArea=True&isModal=False", "id_element": 57913, "tipo_eleme": 2, "funcion_el": 4, "area_eleme": 54.2589348562, "SHAPE_Leng": 0.00052647197610699995, "Shape_Area": 4.4191566964099998e-09 }, "geometry": { "type": "Polygon", "coordinates": [ [ [ -74.128857773367486, 4.740179374978197 ], [ -74.128771229808365, 4.739980589732454 ], [ -74.128771215419192, 4.739980557356887 ], [ -74.128764001957109, 4.739963990046135 ], [ -74.128766717909684, 4.73996305025463 ], [ -74.128769545378191, 4.739962553828832 ], [ -74.128772416014158, 4.739962517855986 ], [ -74.128775257871837, 4.73996293783938 ], [ -74.128777995408143, 4.739963805685136 ], [ -74.128780561173926, 4.739965098010885 ], [ -74.128782888619355, 4.739966783340435 ], [ -74.128784841946867, 4.739968724976734 ], [ -74.128786476914343, 4.739970941805552 ], [ -74.128787755750295, 4.739973381666289 ], [ -74.12887428671894, 4.740172139033064 ], [ -74.128875127585047, 4.740174514142552 ], [ -74.128875633903363, 4.740176983680897 ], [ -74.128875793083353, 4.740179499983981 ], [ -74.12887552778335, 4.740182459652829 ], [ -74.128874784943321, 4.740185335684714 ], [ -74.128873581650453, 4.740188054335306 ], [ -74.128871951179576, 4.740190533766167 ], [ -74.128869935798832, 4.74019271372282 ], [ -74.128867593064911, 4.740194533051294 ], [ -74.128864985930306, 4.740195943188269 ], [ -74.128857773367486, 4.740179374978197 ] ] ] } },
{ "type": "Feature", "properties": { "OBJECTID_1": 306, "id_interve": "11005242", "nomenclatu": "CL 131A ENTRE KR 158 B Y KR 158 C", "tipo_inter": 1, "loccodigo": "11", "barrio_leg": "SANTA CECILIA SECTOR I", "numero_con": 599, "año_contr": 2021, "numero_c_1": 593, "año_con_1": 2021, "tipo_contr": 1, "estado_con": 2, "entidad_co": 1, "enlace_con": "https:\/\/community.secop.gov.co\/Public\/Tendering\/OpportunityDetail\/Index?noticeUID=CO1.NTC.2093229&isFromPublicArea=True&isModal=False", "id_element": 57670, "tipo_eleme": 2, "funcion_el": 4, "area_eleme": 60.825106760700002, "SHAPE_Leng": 0.00056874581363899998, "Shape_Area": 4.9539883805099999e-09 }, "geometry": { "type": "Polygon", "coordinates": [ [ [ -74.127929957201729, 4.739321624093748 ], [ -74.128173567356214, 4.739214652434327 ], [ -74.128180720563762, 4.739232244072866 ], [ -74.128171956670428, 4.739236066191552 ], [ -74.127946785315828, 4.739334252373908 ], [ -74.127937451252308, 4.739338320906825 ], [ -74.127929957201729, 4.739321624093748 ] ] ] } },
{ "type": "Feature", "properties": { "OBJECTID_1": 307, "id_interve": "11013490", "nomenclatu": "CL 131A  CON KR 158B", "tipo_inter": 1, "loccodigo": "11", "barrio_leg": "SANTA CECILIA SECTOR I", "numero_con": 599, "año_contr": 2021, "numero_c_1": 593, "año_con_1": 2021, "tipo_contr": 1, "estado_con": 2, "entidad_co": 1, "enlace_con": "https:\/\/community.secop.gov.co\/Public\/Tendering\/OpportunityDetail\/Index?noticeUID=CO1.NTC.2093229&isFromPublicArea=True&isModal=False", "id_element": 92073522, "tipo_eleme": 2, "funcion_el": 4, "area_eleme": 19.0319507265, "SHAPE_Leng": 0.00020597348761000001, "Shape_Area": 1.5500924573199999e-09 }, "geometry": { "type": "Polygon", "coordinates": [ [ [ -74.127851099248801, 4.739356249791115 ], [ -74.127929957201729, 4.739321624093748 ], [ -74.127937451252308, 4.739338320906825 ], [ -74.127926242102376, 4.739343209621495 ], [ -74.127867749297138, 4.739368716193326 ], [ -74.127864785131692, 4.73936969465575 ], [ -74.12786172473875, 4.739370305295381 ], [ -74.12785861308447, 4.739370538219816 ], [ -74.127851099248801, 4.739356249791115 ] ] ] } },
{ "type": "Feature", "properties": { "OBJECTID_1": 308, "id_interve": "11005275", "nomenclatu": "KR 159 ENTRE CL 131 A Y CL 131 B", "tipo_inter": 1, "loccodigo": "11", "barrio_leg": "SANTA CECILIA SECTOR I", "numero_con": 599, "año_contr": 2021, "numero_c_1": 593, "año_con_1": 2021, "tipo_contr": 1, "estado_con": 2, "entidad_co": 1, "enlace_con": "https:\/\/community.secop.gov.co\/Public\/Tendering\/OpportunityDetail\/Index?noticeUID=CO1.NTC.2093229&isFromPublicArea=True&isModal=False", "id_element": 57906, "tipo_eleme": 2, "funcion_el": 4, "area_eleme": 51.213497642, "SHAPE_Leng": 0.00049885056736899999, "Shape_Area": 4.1711585057399997e-09 }, "geometry": { "type": "Polygon", "coordinates": [ [ [ -74.12857602926033, 4.739369496804898 ], [ -74.128574797189117, 4.739369316940497 ], [ -74.12857307678604, 4.739368957211639 ], [ -74.128571857305303, 4.739368574999787 ], [ -74.128570253814132, 4.739367931984532 ], [ -74.128569112574439, 4.739367368109583 ], [ -74.128567605310707, 4.739366429217398 ], [ -74.128566607962568, 4.739365719652312 ], [ -74.12856523469776, 4.739364489379739 ], [ -74.128564406422186, 4.739363677291919 ], [ -74.128563162659816, 4.739362093585783 ], [ -74.128562571805219, 4.739361297685775 ], [ -74.128561158970285, 4.739358654578268 ], [ -74.128475923025405, 4.739159265887452 ], [ -74.128475625349779, 4.739158525745438 ], [ -74.128492484040862, 4.739152139659552 ], [ -74.128577721784382, 4.739351531048385 ], [ -74.128584822831272, 4.739368145123819 ], [ -74.128581973779035, 4.739369084915381 ], [ -74.128581007907144, 4.739369252189306 ], [ -74.128579025801344, 4.739369539073039 ], [ -74.128577835098952, 4.739369552562835 ], [ -74.12857602926033, 4.739369496804898 ] ] ] } },
{ "type": "Feature", "properties": { "OBJECTID_1": 309, "id_interve": "11005183", "nomenclatu": "KR 158A ENTRE CL 132 Y CL 131A", "tipo_inter": 1, "loccodigo": "11", "barrio_leg": "SANTA CECILIA SECTOR I", "numero_con": 599, "año_contr": 2021, "numero_c_1": 593, "año_con_1": 2021, "tipo_contr": 1, "estado_con": 2, "entidad_co": 1, "enlace_con": "https:\/\/community.secop.gov.co\/Public\/Tendering\/OpportunityDetail\/Index?noticeUID=CO1.NTC.2093229&isFromPublicArea=True&isModal=False", "id_element": 57900, "tipo_eleme": 2, "funcion_el": 4, "area_eleme": 111.949912256, "SHAPE_Leng": 0.00104795768455, "Shape_Area": 9.1177758778900006e-09 }, "geometry": { "type": "Polygon", "coordinates": [ [ [ -74.127716036365939, 4.739493348739074 ], [ -74.12773258299228, 4.739486189236288 ], [ -74.127932407854303, 4.739951025419543 ], [ -74.127915893603586, 4.739958171432534 ], [ -74.127915461928978, 4.739957212755201 ], [ -74.127716036365939, 4.739493348739074 ] ] ] } },
{ "type": "Feature", "properties": { "OBJECTID_1": 310, "id_interve": "11005209", "nomenclatu": "KR 158 B ENTRE CL 131A Y CL 132", "tipo_inter": 1, "loccodigo": "11", "barrio_leg": "SANTA CECILIA SECTOR I", "numero_con": 599, "año_contr": 2021, "numero_c_1": 593, "año_con_1": 2021, "tipo_contr": 1, "estado_con": 2, "entidad_co": 1, "enlace_con": "https:\/\/community.secop.gov.co\/Public\/Tendering\/OpportunityDetail\/Index?noticeUID=CO1.NTC.2093229&isFromPublicArea=True&isModal=False", "id_element": 57903, "tipo_eleme": 2, "funcion_el": 4, "area_eleme": 112.038655123, "SHAPE_Leng": 0.00104802287901, "Shape_Area": 9.1254786853200002e-09 }, "geometry": { "type": "Polygon", "coordinates": [ [ [ -74.127931141608883, 4.739400256316799 ], [ -74.127947688235167, 4.739393094116053 ], [ -74.128147531083641, 4.739857936594547 ], [ -74.128130971866824, 4.739865096097333 ], [ -74.127931141608883, 4.739400256316799 ] ] ] } },
{ "type": "Feature", "properties": { "OBJECTID_1": 311, "id_interve": "11005203", "nomenclatu": "KR 159 ENTRE CL 131 B Y CL 132", "tipo_inter": 1, "loccodigo": "11", "barrio_leg": "SANTA CECILIA SECTOR I", "numero_con": 599, "año_contr": 2021, "numero_c_1": 593, "año_con_1": 2021, "tipo_contr": 1, "estado_con": 2, "entidad_co": 1, "enlace_con": "https:\/\/community.secop.gov.co\/Public\/Tendering\/OpportunityDetail\/Index?noticeUID=CO1.NTC.2093229&isFromPublicArea=True&isModal=False", "id_element": 57909, "tipo_eleme": 2, "funcion_el": 4, "area_eleme": 60.410187703799998, "SHAPE_Leng": 0.00058174593023400001, "Shape_Area": 4.9201988400400002e-09 }, "geometry": { "type": "Polygon", "coordinates": [ [ [ -74.128629286212572, 4.739649087035787 ], [ -74.128524311048068, 4.73941260670648 ], [ -74.128540833392719, 4.739405386949102 ], [ -74.128645760893107, 4.739641732380107 ], [ -74.128646726764998, 4.739644474413012 ], [ -74.128647171929401, 4.739646743402545 ], [ -74.128647324814153, 4.739649050163564 ], [ -74.128647180922599, 4.739651358723279 ], [ -74.128646531612105, 4.739654377747399 ], [ -74.128645377781936, 4.739657241188752 ], [ -74.128643755404937, 4.739659866309808 ], [ -74.128641706749306, 4.739662173070883 ], [ -74.128639295666915, 4.73966409672073 ], [ -74.128636595002831, 4.739665577004814 ], [ -74.128629286212572, 4.739649087035787 ] ] ] } },
{ "type": "Feature", "properties": { "OBJECTID_1": 312, "id_interve": "11005243", "nomenclatu": "KR 158 C ENTRE CL 131 A Y CL 132", "tipo_inter": 1, "loccodigo": "11", "barrio_leg": "SANTA CECILIA SECTOR I", "numero_con": 599, "año_contr": 2021, "numero_c_1": 593, "año_con_1": 2021, "tipo_contr": 1, "estado_con": 2, "entidad_co": 1, "enlace_con": "https:\/\/community.secop.gov.co\/Public\/Tendering\/OpportunityDetail\/Index?noticeUID=CO1.NTC.2093229&isFromPublicArea=True&isModal=False", "id_element": 57904, "tipo_eleme": 2, "funcion_el": 4, "area_eleme": 111.939434189, "SHAPE_Leng": 0.00104797011012, "Shape_Area": 9.1171780523499998e-09 }, "geometry": { "type": "Polygon", "coordinates": [ [ [ -74.128209986301783, 4.739282279653537 ], [ -74.128226448391842, 4.739274923199218 ], [ -74.128431751024436, 4.739737353695944 ], [ -74.128415296128992, 4.739744710150319 ], [ -74.128414797005235, 4.739743546427576 ], [ -74.128209986301783, 4.739282279653537 ] ] ] } },
{ "type": "Feature", "properties": { "OBJECTID_1": 313, "id_interve": "11005209", "nomenclatu": "KR 158 B ENTRE CL 131A Y CL 132", "tipo_inter": 1, "loccodigo": "11", "barrio_leg": "SANTA CECILIA SECTOR I", "numero_con": 599, "año_contr": 2021, "numero_c_1": 593, "año_con_1": 2021, "tipo_contr": 1, "estado_con": 2, "entidad_co": 1, "enlace_con": "https:\/\/community.secop.gov.co\/Public\/Tendering\/OpportunityDetail\/Index?noticeUID=CO1.NTC.2093229&isFromPublicArea=True&isModal=False", "id_element": 57902, "tipo_eleme": 2, "funcion_el": 4, "area_eleme": 97.862370162000005, "SHAPE_Leng": 0.00104099910596, "Shape_Area": 7.9706155269100007e-09 }, "geometry": { "type": "Polygon", "coordinates": [ [ [ -74.127965573952054, 4.739370083162839 ], [ -74.127979838998328, 4.73936403971868 ], [ -74.128182895124496, 4.739827161794153 ], [ -74.12817042332631, 4.739832557726402 ], [ -74.127966647742539, 4.739378509810422 ], [ -74.127965873426263, 4.739375765079558 ], [ -74.127965512798141, 4.739372935812412 ], [ -74.127965573952054, 4.739370083162839 ] ] ] } },
{ "type": "Feature", "properties": { "OBJECTID_1": 314, "id_interve": "11005242", "nomenclatu": "CL 131A ENTRE KR 158 B Y KR 158 C", "tipo_inter": 1, "loccodigo": "11", "barrio_leg": "SANTA CECILIA SECTOR I", "numero_con": 599, "año_contr": 2021, "numero_c_1": 593, "año_con_1": 2021, "tipo_contr": 1, "estado_con": 2, "entidad_co": 1, "enlace_con": "https:\/\/community.secop.gov.co\/Public\/Tendering\/OpportunityDetail\/Index?noticeUID=CO1.NTC.2093229&isFromPublicArea=True&isModal=False", "id_element": 57671, "tipo_eleme": 2, "funcion_el": 4, "area_eleme": 23.906132450699999, "SHAPE_Leng": 0.00048274799272800002, "Shape_Area": 1.94706448634e-09 }, "geometry": { "type": "Polygon", "coordinates": [ [ [ -74.128171555572806, 4.739273881784243 ], [ -74.128174052090799, 4.739273845811397 ], [ -74.128177696143723, 4.739274299968997 ], [ -74.128181215190864, 4.739275343182612 ], [ -74.128183096572627, 4.739276175954785 ], [ -74.128184893418052, 4.739277177799579 ], [ -74.128174642945396, 4.739281517927736 ], [ -74.127979838998328, 4.73936403971868 ], [ -74.127965573952054, 4.739370083162839 ], [ -74.127965980445595, 4.739367617221831 ], [ -74.127966013720538, 4.739367473330276 ], [ -74.127966246644917, 4.739366717000451 ], [ -74.127966695406656, 4.739365222327194 ], [ -74.127966754761871, 4.739365090126853 ], [ -74.127967862726621, 4.73936268444038 ], [ -74.127967934672427, 4.739362553139358 ], [ -74.127969379882927, 4.73936033541122 ], [ -74.127976802887133, 4.739357112241009 ], [ -74.128165650624226, 4.739275114754776 ], [ -74.128168562629014, 4.739274298170358 ], [ -74.128171555572806, 4.739273881784243 ] ] ] } },
{ "type": "Feature", "properties": { "OBJECTID_1": 315, "id_interve": "11005275", "nomenclatu": "KR 159 ENTRE CL 131 A Y CL 131 B", "tipo_inter": 1, "loccodigo": "11", "barrio_leg": "SANTA CECILIA SECTOR I", "numero_con": 599, "año_contr": 2021, "numero_c_1": 593, "año_con_1": 2021, "tipo_contr": 1, "estado_con": 2, "entidad_co": 1, "enlace_con": "https:\/\/community.secop.gov.co\/Public\/Tendering\/OpportunityDetail\/Index?noticeUID=CO1.NTC.2093229&isFromPublicArea=True&isModal=False", "id_element": 57907, "tipo_eleme": 2, "funcion_el": 4, "area_eleme": 54.743605649899997, "SHAPE_Leng": 0.00053064694103499999, "Shape_Area": 4.4587290583900004e-09 }, "geometry": { "type": "Polygon", "coordinates": [ [ [ -74.128423997969094, 4.739186655639685 ], [ -74.128440458260513, 4.739179298286047 ], [ -74.128540833392719, 4.739405386949102 ], [ -74.128524311048068, 4.73941260670648 ], [ -74.128423997969094, 4.739186655639685 ] ] ] } },
{ "type": "Feature", "properties": { "OBJECTID_1": 316, "id_interve": "11005203", "nomenclatu": "KR 159 ENTRE CL 131 B Y CL 132", "tipo_inter": 1, "loccodigo": "11", "barrio_leg": "SANTA CECILIA SECTOR I", "numero_con": 599, "año_contr": 2021, "numero_c_1": 593, "año_con_1": 2021, "tipo_contr": 1, "estado_con": 2, "entidad_co": 1, "enlace_con": "https:\/\/community.secop.gov.co\/Public\/Tendering\/OpportunityDetail\/Index?noticeUID=CO1.NTC.2093229&isFromPublicArea=True&isModal=False", "id_element": 57908, "tipo_eleme": 2, "funcion_el": 4, "area_eleme": 54.257065349000001, "SHAPE_Leng": 0.00052647582851700001, "Shape_Area": 4.4191236557899999e-09 }, "geometry": { "type": "Polygon", "coordinates": [ [ [ -74.128675587808118, 4.73962793138395 ], [ -74.128589800578823, 4.739428777416208 ], [ -74.128589041550981, 4.739426660412107 ], [ -74.128588547823199, 4.739424463368323 ], [ -74.128588333784535, 4.739422221358495 ], [ -74.128588491165885, 4.739419139381823 ], [ -74.128589170154044, 4.739416126652998 ], [ -74.128590350963862, 4.739413275802065 ], [ -74.128591995823911, 4.739410666868821 ], [ -74.128594060667353, 4.739408377194877 ], [ -74.128596483440901, 4.739406473330121 ], [ -74.128599193098239, 4.739405010133169 ], [ -74.128606342708508, 4.739421605322889 ], [ -74.128692129038484, 4.739620761089327 ], [ -74.128699278648753, 4.73963735627899 ], [ -74.128696603165679, 4.739638273587502 ], [ -74.128693817065994, 4.739638761020046 ], [ -74.12869098959743, 4.739638804187507 ], [ -74.128688191806589, 4.739638403089884 ], [ -74.128685489343809, 4.739637566720376 ], [ -74.128682948759035, 4.739636317562031 ], [ -74.128680635702722, 4.739634685292515 ], [ -74.128678606832182, 4.73963270858269 ], [ -74.128676908912155, 4.739630439593157 ], [ -74.128675587808118, 4.73962793138395 ] ] ] } },
{ "type": "Feature", "properties": { "OBJECTID_1": 317, "id_interve": "11005131", "nomenclatu": "CL 132 ENTRE KR 158 C Y KR 159", "tipo_inter": 1, "loccodigo": "11", "barrio_leg": "SANTA CECILIA SECTOR I", "numero_con": 599, "año_contr": 2021, "numero_c_1": 593, "año_con_1": 2021, "tipo_contr": 1, "estado_con": 2, "entidad_co": 1, "enlace_con": "https:\/\/community.secop.gov.co\/Public\/Tendering\/OpportunityDetail\/Index?noticeUID=CO1.NTC.2093229&isFromPublicArea=True&isModal=False", "id_element": 57646, "tipo_eleme": 2, "funcion_el": 4, "area_eleme": 51.0010674173, "SHAPE_Leng": 0.00049708269740299997, "Shape_Area": 4.1538917648299998e-09 }, "geometry": { "type": "Polygon", "coordinates": [ [ [ -74.128415296128992, 4.739744710150319 ], [ -74.128431751024436, 4.739737353695944 ], [ -74.12843176091701, 4.739737377977633 ], [ -74.128629286212572, 4.739649087035787 ], [ -74.128636595002831, 4.739665577004814 ], [ -74.128636517661107, 4.739665612078397 ], [ -74.128440785613748, 4.739753069348694 ], [ -74.128439081398426, 4.739753848161627 ], [ -74.128436406814671, 4.739754782557213 ], [ -74.128435579438417, 4.739754971414868 ], [ -74.128433566755689, 4.739755299667422 ], [ -74.128432667433628, 4.739755378807729 ], [ -74.128429919105429, 4.739755335640268 ], [ -74.128429834569147, 4.739755326647071 ], [ -74.128429707764781, 4.739755321251096 ], [ -74.128428204098327, 4.739755017280288 ], [ -74.128426680646783, 4.739754705215546 ], [ -74.128425323569786, 4.739754181810099 ], [ -74.128423800118242, 4.739753583760944 ], [ -74.128421238849057, 4.739752045020907 ], [ -74.128421154312775, 4.739751984766315 ], [ -74.128418869135487, 4.739750003559891 ], [ -74.128418818773412, 4.739749953197816 ], [ -74.128416887029687, 4.739747578987647 ], [ -74.128416867244596, 4.739747551108621 ], [ -74.128415354584888, 4.739744845947939 ], [ -74.128415296128992, 4.739744710150319 ] ] ] } },
{ "type": "Feature", "properties": { "OBJECTID_1": 318, "id_interve": "11005208", "nomenclatu": "CL 131 A ENTRE KR 158 A Y KR 158 B", "tipo_inter": 1, "loccodigo": "11", "barrio_leg": "SANTA CECILIA SECTOR I", "numero_con": 599, "año_contr": 2021, "numero_c_1": 593, "año_con_1": 2021, "tipo_contr": 1, "estado_con": 2, "entidad_co": 1, "enlace_con": "https:\/\/community.secop.gov.co\/Public\/Tendering\/OpportunityDetail\/Index?noticeUID=CO1.NTC.2093229&isFromPublicArea=True&isModal=False", "id_element": 57668, "tipo_eleme": 2, "funcion_el": 4, "area_eleme": 14.732229184199999, "SHAPE_Leng": 0.00027053361333900002, "Shape_Area": 1.1998600215499999e-09 }, "geometry": { "type": "Polygon", "coordinates": [ [ [ -74.127679557165777, 4.739434667975615 ], [ -74.127792021884261, 4.73938640226072 ], [ -74.127795431214167, 4.739384939063711 ], [ -74.127798607619582, 4.739394292013003 ], [ -74.127794918600557, 4.73939585413541 ], [ -74.127790609049327, 4.73939767796054 ], [ -74.127692725039196, 4.739439127713638 ], [ -74.127683208413316, 4.739443157575693 ], [ -74.127679557165777, 4.739434667975615 ] ] ] } },
{ "type": "Feature", "properties": { "OBJECTID_1": 319, "id_interve": "11005243", "nomenclatu": "KR 158 C ENTRE CL 131 A Y CL 132", "tipo_inter": 1, "loccodigo": "11", "barrio_leg": "SANTA CECILIA SECTOR I", "numero_con": 599, "año_contr": 2021, "numero_c_1": 593, "año_con_1": 2021, "tipo_contr": 1, "estado_con": 2, "entidad_co": 1, "enlace_con": "https:\/\/community.secop.gov.co\/Public\/Tendering\/OpportunityDetail\/Index?noticeUID=CO1.NTC.2093229&isFromPublicArea=True&isModal=False", "id_element": 57905, "tipo_eleme": 2, "funcion_el": 4, "area_eleme": 93.6372404098, "SHAPE_Leng": 0.00103587480249, "Shape_Area": 7.6266428539199995e-09 }, "geometry": { "type": "Polygon", "coordinates": [ [ [ -74.128174642945396, 4.739281517927736 ], [ -74.128184893418052, 4.739277177799579 ], [ -74.128187093159795, 4.739278729130092 ], [ -74.12818909235267, 4.739280534968771 ], [ -74.128190861319183, 4.739282567436589 ], [ -74.128377947284378, 4.739742773010619 ], [ -74.128363560829655, 4.739748997218499 ], [ -74.128174642945396, 4.739281517927736 ] ] ] } },
{ "type": "Feature", "properties": { "OBJECTID_1": 320, "id_interve": "11005274", "nomenclatu": "CL 131 A ENTRE KR 158 C Y KR 159", "tipo_inter": 1, "loccodigo": "11", "barrio_leg": "SANTA CECILIA SECTOR I", "numero_con": 599, "año_contr": 2021, "numero_c_1": 593, "año_con_1": 2021, "tipo_contr": 1, "estado_con": 2, "entidad_co": 1, "enlace_con": "https:\/\/community.secop.gov.co\/Public\/Tendering\/OpportunityDetail\/Index?noticeUID=CO1.NTC.2093229&isFromPublicArea=True&isModal=False", "id_element": 57672, "tipo_eleme": 2, "funcion_el": 4, "area_eleme": 66.687807113399998, "SHAPE_Leng": 0.00060018985533199999, "Shape_Area": 5.4314018412099998e-09 }, "geometry": { "type": "Polygon", "coordinates": [ [ [ -74.128173567356214, 4.739214652434327 ], [ -74.128430470389844, 4.739101842376158 ], [ -74.128438216250629, 4.739119964614702 ], [ -74.128418025571364, 4.739128768977537 ], [ -74.128186626411662, 4.739229670213149 ], [ -74.128180720563762, 4.739232244072866 ], [ -74.128173567356214, 4.739214652434327 ] ] ] } },
{ "type": "Feature", "properties": { "OBJECTID_1": 321, "id_interve": "11005052", "nomenclatu": "KR 159 ENTRE CL 132A Y CL 132BIS", "tipo_inter": 1, "loccodigo": "11", "barrio_leg": "SANTA CECILIA SECTOR I", "numero_con": 599, "año_contr": 2021, "numero_c_1": 593, "año_con_1": 2021, "tipo_contr": 1, "estado_con": 2, "entidad_co": 1, "enlace_con": "https:\/\/community.secop.gov.co\/Public\/Tendering\/OpportunityDetail\/Index?noticeUID=CO1.NTC.2093229&isFromPublicArea=True&isModal=False", "id_element": 57912, "tipo_eleme": 2, "funcion_el": 4, "area_eleme": 54.258254533399999, "SHAPE_Leng": 0.00052646610738300002, "Shape_Area": 4.4191729500100001e-09 }, "geometry": { "type": "Polygon", "coordinates": [ [ [ -74.128909282037682, 4.740159410028809 ], [ -74.128909245165516, 4.740159321895248 ], [ -74.128822321193127, 4.739960672447125 ], [ -74.128821390394819, 4.739957991568133 ], [ -74.128820888573102, 4.739955200971792 ], [ -74.12882082831851, 4.739952362711392 ], [ -74.128821212329058, 4.739949551430698 ], [ -74.128822028014156, 4.739946833679483 ], [ -74.128823259186049, 4.739944279604856 ], [ -74.128824872569794, 4.739941948562148 ], [ -74.128826831293168, 4.739939900805837 ], [ -74.128829083195569, 4.739938184899358 ], [ -74.128831575216964, 4.739936844010174 ], [ -74.128838819256089, 4.739953396931753 ], [ -74.128925745926381, 4.74015205627245 ], [ -74.12893298816681, 4.740168610992669 ], [ -74.128930024001363, 4.740169618233324 ], [ -74.128926929434215, 4.740170096672671 ], [ -74.128923798894164, 4.74017003012284 ], [ -74.128920726810065, 4.740169421281792 ], [ -74.128917807610719, 4.740168287236713 ], [ -74.128915127630989, 4.740166663960395 ], [ -74.128912766910616, 4.740164600915648 ], [ -74.128910800093308, 4.740162158356952 ], [ -74.128909282037682, 4.740159410028809 ] ] ] } },
{ "type": "Feature", "properties": { "OBJECTID_1": 322, "id_interve": "11005208", "nomenclatu": "CL 131 A ENTRE KR 158 A Y KR 158 B", "tipo_inter": 1, "loccodigo": "11", "barrio_leg": "SANTA CECILIA SECTOR I", "numero_con": 599, "año_contr": 2021, "numero_c_1": 593, "año_con_1": 2021, "tipo_contr": 1, "estado_con": 2, "entidad_co": 1, "enlace_con": "https:\/\/community.secop.gov.co\/Public\/Tendering\/OpportunityDetail\/Index?noticeUID=CO1.NTC.2093229&isFromPublicArea=True&isModal=False", "id_element": 57669, "tipo_eleme": 2, "funcion_el": 4, "area_eleme": 30.9758187244, "SHAPE_Leng": 0.000315597302737, "Shape_Area": 2.5228782102600002e-09 }, "geometry": { "type": "Polygon", "coordinates": [ [ [ -74.127715119057484, 4.739490577927882 ], [ -74.127714946387641, 4.739489666914665 ], [ -74.12771465590663, 4.739487677614306 ], [ -74.127714610940529, 4.739486614615601 ], [ -74.127714664899827, 4.739484722442057 ], [ -74.127714774617118, 4.739483643255596 ], [ -74.127715181110659, 4.739481676438288 ], [ -74.127715404142521, 4.739480787908064 ], [ -74.127716479731703, 4.739478071056169 ], [ -74.127718127289711, 4.739475390177176 ], [ -74.127720216414843, 4.739473037550681 ], [ -74.127722678758573, 4.739471084223226 ], [ -74.127725445073168, 4.73946958865065 ], [ -74.127811535374008, 4.739432345026728 ], [ -74.127840677904942, 4.739419737430978 ], [ -74.127847884172468, 4.739436288553918 ], [ -74.12773258299228, 4.739486189236288 ], [ -74.127716036365939, 4.739493348739074 ], [ -74.127715119057484, 4.739490577927882 ] ] ] } },
{ "type": "Feature", "properties": { "OBJECTID_1": 323, "id_interve": "11005131", "nomenclatu": "CL 132 ENTRE KR 158 C Y KR 159", "tipo_inter": 1, "loccodigo": "11", "barrio_leg": "SANTA CECILIA SECTOR I", "numero_con": 599, "año_contr": 2021, "numero_c_1": 593, "año_con_1": 2021, "tipo_contr": 1, "estado_con": 2, "entidad_co": 1, "enlace_con": "https:\/\/community.secop.gov.co\/Public\/Tendering\/OpportunityDetail\/Index?noticeUID=CO1.NTC.2093229&isFromPublicArea=True&isModal=False", "id_element": 57647, "tipo_eleme": 2, "funcion_el": 4, "area_eleme": 55.908430445500002, "SHAPE_Leng": 0.00054017445238399998, "Shape_Area": 4.5536472235499998e-09 }, "geometry": { "type": "Polygon", "coordinates": [ [ [ -74.128417983303223, 4.739801461868012 ], [ -74.128436864569608, 4.739793287030636 ], [ -74.12864909288129, 4.739701414089041 ], [ -74.128656229901026, 4.73971801197672 ], [ -74.128424789372502, 4.739818205445886 ], [ -74.128417983303223, 4.739801461868012 ] ] ] } },
{ "type": "Feature", "properties": { "OBJECTID_1": 324, "id_interve": "11005183", "nomenclatu": "KR 158A ENTRE CL 132 Y CL 131A", "tipo_inter": 1, "loccodigo": "11", "barrio_leg": "SANTA CECILIA SECTOR I", "numero_con": 599, "año_contr": 2021, "numero_c_1": 593, "año_con_1": 2021, "tipo_contr": 1, "estado_con": 2, "entidad_co": 1, "enlace_con": "https:\/\/community.secop.gov.co\/Public\/Tendering\/OpportunityDetail\/Index?noticeUID=CO1.NTC.2093229&isFromPublicArea=True&isModal=False", "id_element": 57901, "tipo_eleme": 2, "funcion_el": 4, "area_eleme": 112.009916813, "SHAPE_Leng": 0.0010480423926, "Shape_Area": 9.1228318490600004e-09 }, "geometry": { "type": "Polygon", "coordinates": [ [ [ -74.127682901744492, 4.739512060033576 ], [ -74.127699480746401, 4.739504974275178 ], [ -74.127897143638222, 4.739970762840471 ], [ -74.127880562837674, 4.73997784410227 ], [ -74.127682901744492, 4.739512060033576 ] ] ] } },
{ "type": "Feature", "properties": { "OBJECTID_1": 325, "id_interve": "11013490", "nomenclatu": "CL 131A  CON KR 158B", "tipo_inter": 1, "loccodigo": "11", "barrio_leg": "SANTA CECILIA SECTOR I", "numero_con": 599, "año_contr": 2021, "numero_c_1": 593, "año_con_1": 2021, "tipo_contr": 1, "estado_con": 2, "entidad_co": 1, "enlace_con": "https:\/\/community.secop.gov.co\/Public\/Tendering\/OpportunityDetail\/Index?noticeUID=CO1.NTC.2093229&isFromPublicArea=True&isModal=False", "id_element": 92073523, "tipo_eleme": 2, "funcion_el": 4, "area_eleme": 23.2386431119, "SHAPE_Leng": 0.00024590729095500002, "Shape_Area": 1.8927158916399999e-09 }, "geometry": { "type": "Polygon", "coordinates": [ [ [ -74.127840677904942, 4.739419737430978 ], [ -74.127862564705538, 4.739410267569838 ], [ -74.127924017179623, 4.739383685408825 ], [ -74.127924981252818, 4.739383267224071 ], [ -74.127927528132886, 4.739382544169132 ], [ -74.127930153253942, 4.739382206024061 ], [ -74.127932799059408, 4.73938225458744 ], [ -74.127935515911304, 4.739382720436254 ], [ -74.127938129341146, 4.739383592778609 ], [ -74.127940579993719, 4.739384857225446 ], [ -74.12794281121171, 4.739386479602388 ], [ -74.127944768136501, 4.739388425735285 ], [ -74.127946405801936, 4.739390647060759 ], [ -74.127947688235167, 4.739393094116053 ], [ -74.127931141608883, 4.739400256316799 ], [ -74.127847884172468, 4.739436288553918 ], [ -74.127840677904942, 4.739419737430978 ] ] ] } },
{ "type": "Feature", "properties": { "OBJECTID_1": 326, "id_interve": "11002722", "nomenclatu": "CL 138A ENTRE  KR 144A Y KR 143BIS", "tipo_inter": 1, "loccodigo": "11", "barrio_leg": "SAN PEDRO DE TIBABUYES", "numero_con": 599, "año_contr": 2021, "numero_c_1": 593, "año_con_1": 2021, "tipo_contr": 1, "estado_con": 2, "entidad_co": 1, "enlace_con": "https:\/\/community.secop.gov.co\/Public\/Tendering\/OpportunityDetail\/Index?noticeUID=CO1.NTC.2093229&isFromPublicArea=True&isModal=False", "id_element": 57015, "tipo_eleme": 2, "funcion_el": 4, "area_eleme": 32.383767101700002, "SHAPE_Leng": 0.00049010003388599995, "Shape_Area": 2.6375748440199998e-09 }, "geometry": { "type": "Polygon", "coordinates": [ [ [ -74.116426104780885, 4.746999284789183 ], [ -74.116428443917528, 4.746998944845473 ], [ -74.116458695312474, 4.74699633141563 ], [ -74.116650640314788, 4.746979744319788 ], [ -74.116651009036786, 4.746979718239459 ], [ -74.116652538783626, 4.746979780292691 ], [ -74.116654037953424, 4.74698010224995 ], [ -74.116655459781612, 4.746980673319456 ], [ -74.116656764697893, 4.746981478212717 ], [ -74.116657915830103, 4.746982491748668 ], [ -74.116658878104715, 4.746983688746298 ], [ -74.116659623642704, 4.746985029635482 ], [ -74.116660133558298, 4.746986480241901 ], [ -74.116660391663686, 4.746987994700248 ], [ -74.116651411933049, 4.746988749231434 ], [ -74.116424957245954, 4.747013009342936 ], [ -74.116425399712398, 4.747007711436765 ], [ -74.116426104780885, 4.746999284789183 ] ] ] } },
{ "type": "Feature", "properties": { "OBJECTID_1": 327, "id_interve": "11002819", "nomenclatu": "CL 138  ENTRE  KR 145 Y TV 144BIS", "tipo_inter": 1, "loccodigo": "11", "barrio_leg": "SAN PEDRO DE TIBABUYES", "numero_con": 599, "año_contr": 2021, "numero_c_1": 593, "año_con_1": 2021, "tipo_contr": 1, "estado_con": 2, "entidad_co": 1, "enlace_con": "https:\/\/community.secop.gov.co\/Public\/Tendering\/OpportunityDetail\/Index?noticeUID=CO1.NTC.2093229&isFromPublicArea=True&isModal=False", "id_element": 57059, "tipo_eleme": 2, "funcion_el": 4, "area_eleme": 81.433741424399997, "SHAPE_Leng": 0.00104849863715, "Shape_Area": 6.6325253156399999e-09 }, "geometry": { "type": "Polygon", "coordinates": [ [ [ -74.116664837012593, 4.746715997445392 ], [ -74.116700925906969, 4.746715644011829 ], [ -74.117169964622121, 4.74671104667749 ], [ -74.117170440363509, 4.746711055670744 ], [ -74.117169942139071, 4.746724605756015 ], [ -74.116655991280936, 4.746728536692672 ], [ -74.116664837012593, 4.746715997445392 ] ] ] } },
{ "type": "Feature", "properties": { "OBJECTID_1": 328, "id_interve": "11002760", "nomenclatu": "CL 138A  ENTRE  KR 145 Y KR 144B", "tipo_inter": 1, "loccodigo": "11", "barrio_leg": "SAN PEDRO DE TIBABUYES", "numero_con": 599, "año_contr": 2021, "numero_c_1": 593, "año_con_1": 2021, "tipo_contr": 1, "estado_con": 2, "entidad_co": 1, "enlace_con": "https:\/\/community.secop.gov.co\/Public\/Tendering\/OpportunityDetail\/Index?noticeUID=CO1.NTC.2093229&isFromPublicArea=True&isModal=False", "id_element": 57018, "tipo_eleme": 2, "funcion_el": 4, "area_eleme": 58.898863086699997, "SHAPE_Leng": 0.000483784796392, "Shape_Area": 4.7972571502500004e-09 }, "geometry": { "type": "Polygon", "coordinates": [ [ [ -74.116957998013163, 4.746888052141969 ], [ -74.117164905036304, 4.746861910648704 ], [ -74.117178492893117, 4.746860193842906 ], [ -74.117178411954114, 4.746862408873142 ], [ -74.11717794970258, 4.746866256172837 ], [ -74.1171768651202, 4.746869976668165 ], [ -74.117175184287305, 4.746873466037698 ], [ -74.117172953069314, 4.746876629852636 ], [ -74.117170232620083, 4.746879380878795 ], [ -74.117167099382073, 4.746881648069632 ], [ -74.117163636092869, 4.74688336487543 ], [ -74.117159938080647, 4.746884486330032 ], [ -74.116955785680943, 4.746910500119554 ], [ -74.116957998013163, 4.746888052141969 ] ] ] } },
{ "type": "Feature", "properties": { "OBJECTID_1": 329, "id_interve": "11002819", "nomenclatu": "CL 138  ENTRE  KR 145 Y TV 144BIS", "tipo_inter": 1, "loccodigo": "11", "barrio_leg": "SAN PEDRO DE TIBABUYES", "numero_con": 599, "año_contr": 2021, "numero_c_1": 593, "año_con_1": 2021, "tipo_contr": 1, "estado_con": 2, "entidad_co": 1, "enlace_con": "https:\/\/community.secop.gov.co\/Public\/Tendering\/OpportunityDetail\/Index?noticeUID=CO1.NTC.2093229&isFromPublicArea=True&isModal=False", "id_element": 57058, "tipo_eleme": 2, "funcion_el": 4, "area_eleme": 68.253870562800003, "SHAPE_Leng": 0.00084720354412400002, "Shape_Area": 5.5590782157199997e-09 }, "geometry": { "type": "Polygon", "coordinates": [ [ [ -74.116750542403565, 4.746668640045755 ], [ -74.116758318841278, 4.746657608961527 ], [ -74.117163984130514, 4.746650801992985 ], [ -74.11716437263766, 4.746664355675534 ], [ -74.116758210023363, 4.746671168039995 ], [ -74.116755902362968, 4.746670951303429 ], [ -74.116753663950419, 4.746670339764421 ], [ -74.116751564033393, 4.746669355006759 ], [ -74.116750542403565, 4.746668640045755 ] ] ] } },
{ "type": "Feature", "properties": { "OBJECTID_1": 330, "id_interve": "11002746", "nomenclatu": "CL 138A ENTRE  KR 144A Y KR 144B", "tipo_inter": 1, "loccodigo": "11", "barrio_leg": "SAN PEDRO DE TIBABUYES", "numero_con": 599, "año_contr": 2021, "numero_c_1": 593, "año_con_1": 2021, "tipo_contr": 1, "estado_con": 2, "entidad_co": 1, "enlace_con": "https:\/\/community.secop.gov.co\/Public\/Tendering\/OpportunityDetail\/Index?noticeUID=CO1.NTC.2093229&isFromPublicArea=True&isModal=False", "id_element": 57017, "tipo_eleme": 2, "funcion_el": 4, "area_eleme": 40.721466507000002, "SHAPE_Leng": 0.00051680762116800005, "Shape_Area": 3.3165729924499999e-09 }, "geometry": { "type": "Polygon", "coordinates": [ [ [ -74.116690486576658, 4.746976307110913 ], [ -74.11669163321227, 4.746974335797006 ], [ -74.116693091013303, 4.746972584817001 ], [ -74.116694823107537, 4.746971103633598 ], [ -74.116696776435049, 4.746969936313576 ], [ -74.116698898835068, 4.746969114333183 ], [ -74.116701128254419, 4.746968658376943 ], [ -74.116922863299465, 4.746941806419272 ], [ -74.116922969419477, 4.746941792929476 ], [ -74.116925316649997, 4.74694172458095 ], [ -74.116927644095483, 4.746942065424037 ], [ -74.116929875313474, 4.746942803767411 ], [ -74.116931944653459, 4.746943919826094 ], [ -74.116933790062319, 4.746945379425767 ], [ -74.116935355782005, 4.746947135801747 ], [ -74.116936595947095, 4.746949138591901 ], [ -74.116937471886786, 4.746951329340448 ], [ -74.116937953923411, 4.746953636101466 ], [ -74.116924536038482, 4.746955260277105 ], [ -74.116702693074785, 4.746982126623891 ], [ -74.116688955031236, 4.746983790369654 ], [ -74.116689241015649, 4.74698081811033 ], [ -74.116689668193601, 4.746978506852656 ], [ -74.116690486576658, 4.746976307110913 ] ] ] } },
{ "type": "Feature", "properties": { "OBJECTID_1": 331, "id_interve": "11002760", "nomenclatu": "CL 138A  ENTRE  KR 145 Y KR 144B", "tipo_inter": 1, "loccodigo": "11", "barrio_leg": "SAN PEDRO DE TIBABUYES", "numero_con": 599, "año_contr": 2021, "numero_c_1": 593, "año_con_1": 2021, "tipo_contr": 1, "estado_con": 2, "entidad_co": 1, "enlace_con": "https:\/\/community.secop.gov.co\/Public\/Tendering\/OpportunityDetail\/Index?noticeUID=CO1.NTC.2093229&isFromPublicArea=True&isModal=False", "id_element": 92051614, "tipo_eleme": 2, "funcion_el": 4, "area_eleme": 40.378373270300003, "SHAPE_Leng": 0.00051264270290300002, "Shape_Area": 3.2886926061000002e-09 }, "geometry": { "type": "Polygon", "coordinates": [ [ [ -74.116970085800801, 4.746936085831749 ], [ -74.11697158227264, 4.746935114563939 ], [ -74.116973192958426, 4.74693434924086 ], [ -74.116974889979133, 4.746933803352363 ], [ -74.116976643657154, 4.746933484992383 ], [ -74.117196590849971, 4.746908412793061 ], [ -74.117198712350671, 4.746908338149353 ], [ -74.117200815864919, 4.746908598053381 ], [ -74.117202856426616, 4.746909184411379 ], [ -74.1172047791772, 4.7469100819348 ], [ -74.117206538251082, 4.746911274435831 ], [ -74.117208088682332, 4.74691272594157 ], [ -74.117209396296573, 4.746914402277866 ], [ -74.117210425120959, 4.746916263874539 ], [ -74.117211149075217, 4.746918264866054 ], [ -74.117211551971479, 4.746920353091866 ], [ -74.117198123294713, 4.746921883737969 ], [ -74.11697816171278, 4.746946958635306 ], [ -74.116964427266453, 4.746948524354991 ], [ -74.116964709653587, 4.746945650121688 ], [ -74.116965114348488, 4.746943427896952 ], [ -74.116965877872929, 4.746941303698236 ], [ -74.116966984039038, 4.746939337780248 ], [ -74.116968398672611, 4.746937581404325 ], [ -74.116970085800801, 4.746936085831749 ] ] ] } },
{ "type": "Feature", "properties": { "OBJECTID_1": 332, "id_interve": "11002722", "nomenclatu": "CL 138A ENTRE  KR 144A Y KR 143BIS", "tipo_inter": 1, "loccodigo": "11", "barrio_leg": "SAN PEDRO DE TIBABUYES", "numero_con": 599, "año_contr": 2021, "numero_c_1": 593, "año_con_1": 2021, "tipo_contr": 1, "estado_con": 2, "entidad_co": 1, "enlace_con": "https:\/\/community.secop.gov.co\/Public\/Tendering\/OpportunityDetail\/Index?noticeUID=CO1.NTC.2093229&isFromPublicArea=True&isModal=False", "id_element": 57014, "tipo_eleme": 2, "funcion_el": 4, "area_eleme": 68.475981520299996, "SHAPE_Leng": 0.00054331955413800003, "Shape_Area": 5.5772103478600003e-09 }, "geometry": { "type": "Polygon", "coordinates": [ [ [ -74.116434684313219, 4.746954166701471 ], [ -74.116681757756851, 4.746922952132593 ], [ -74.116679558914484, 4.746945698685067 ], [ -74.116433112298239, 4.7469771021116 ], [ -74.116434684313219, 4.746954166701471 ] ] ] } },
{ "type": "Feature", "properties": { "OBJECTID_1": 333, "id_interve": "11002746", "nomenclatu": "CL 138A ENTRE  KR 144A Y KR 144B", "tipo_inter": 1, "loccodigo": "11", "barrio_leg": "SAN PEDRO DE TIBABUYES", "numero_con": 599, "año_contr": 2021, "numero_c_1": 593, "año_con_1": 2021, "tipo_contr": 1, "estado_con": 2, "entidad_co": 1, "enlace_con": "https:\/\/community.secop.gov.co\/Public\/Tendering\/OpportunityDetail\/Index?noticeUID=CO1.NTC.2093229&isFromPublicArea=True&isModal=False", "id_element": 57016, "tipo_eleme": 2, "funcion_el": 4, "area_eleme": 75.691168308900004, "SHAPE_Leng": 0.00060230629423, "Shape_Area": 6.1648176245599998e-09 }, "geometry": { "type": "Polygon", "coordinates": [ [ [ -74.116681757756851, 4.746922952132593 ], [ -74.116957998013163, 4.746888052141969 ], [ -74.116955785680943, 4.746910500119554 ], [ -74.116679558914484, 4.746945698685067 ], [ -74.116681757756851, 4.746922952132593 ] ] ] } },
{ "type": "Feature", "properties": { "OBJECTID_1": 334, "id_interve": "11002897", "nomenclatu": "CL 137A ENTRE  KR 145 Y TV 144BIS", "tipo_inter": 1, "loccodigo": "11", "barrio_leg": "SAN PEDRO DE TIBABUYES", "numero_con": 599, "año_contr": 2021, "numero_c_1": 593, "año_con_1": 2021, "tipo_contr": 1, "estado_con": 2, "entidad_co": 1, "enlace_con": "https:\/\/community.secop.gov.co\/Public\/Tendering\/OpportunityDetail\/Index?noticeUID=CO1.NTC.2093229&isFromPublicArea=True&isModal=False", "id_element": 92052157, "tipo_eleme": 2, "funcion_el": 4, "area_eleme": 41.071909410899998, "SHAPE_Leng": 0.00052376979606899999, "Shape_Area": 3.3452276213699999e-09 }, "geometry": { "type": "Polygon", "coordinates": [ [ [ -74.116910094725029, 4.746368283569495 ], [ -74.11715174255886, 4.746362088139904 ], [ -74.117151829793045, 4.746375649017011 ], [ -74.116936699369148, 4.74638117175374 ], [ -74.11690034607409, 4.746382106149326 ], [ -74.116910094725029, 4.746368283569495 ] ] ] } },
{ "type": "Feature", "properties": { "OBJECTID_1": 335, "id_interve": "11002897", "nomenclatu": "CL 137A ENTRE  KR 145 Y TV 144BIS", "tipo_inter": 1, "loccodigo": "11", "barrio_leg": "SAN PEDRO DE TIBABUYES", "numero_con": 599, "año_contr": 2021, "numero_c_1": 593, "año_con_1": 2021, "tipo_contr": 1, "estado_con": 2, "entidad_co": 1, "enlace_con": "https:\/\/community.secop.gov.co\/Public\/Tendering\/OpportunityDetail\/Index?noticeUID=CO1.NTC.2093229&isFromPublicArea=True&isModal=False", "id_element": 92051517, "tipo_eleme": 2, "funcion_el": 4, "area_eleme": 38.727485083099999, "SHAPE_Leng": 0.00051311603034099999, "Shape_Area": 3.1544063449500001e-09 }, "geometry": { "type": "Polygon", "coordinates": [ [ [ -74.116920488189919, 4.746427595657053 ], [ -74.11715752340092, 4.746427551590273 ], [ -74.117157884029098, 4.746440088139593 ], [ -74.116910931094537, 4.746441150238923 ], [ -74.116920488189919, 4.746427595657053 ] ] ] } },
{ "type": "Feature", "properties": { "OBJECTID_1": 336, "id_interve": "11004913", "nomenclatu": "KR 158 ENTRE CL 132BIS Y CL 132A", "tipo_inter": 1, "loccodigo": "11", "barrio_leg": "SANTA CECILIA SECTOR I", "numero_con": 599, "año_contr": 2021, "numero_c_1": 593, "año_con_1": 2021, "tipo_contr": 1, "estado_con": 2, "entidad_co": 1, "enlace_con": "https:\/\/community.secop.gov.co\/Public\/Tendering\/OpportunityDetail\/Index?noticeUID=CO1.NTC.2093229&isFromPublicArea=True&isModal=False", "id_element": 57883, "tipo_eleme": 2, "funcion_el": 4, "area_eleme": 54.216797448900003, "SHAPE_Leng": 0.00052652291690899998, "Shape_Area": 4.4157673505099998e-09 }, "geometry": { "type": "Polygon", "coordinates": [ [ [ -74.12785124044234, 4.740618536416378 ], [ -74.127764362335427, 4.740419860887926 ], [ -74.127757102108546, 4.740403261201607 ], [ -74.1277595068957, 4.740402404147687 ], [ -74.127762008809611, 4.740401897829372 ], [ -74.12776455479036, 4.740401751239858 ], [ -74.127767098972413, 4.740401967976482 ], [ -74.127769583799193, 4.740402542643267 ], [ -74.127772466126373, 4.740403709963289 ], [ -74.127775102039266, 4.740405356621977 ], [ -74.127777417793538, 4.740407432257257 ], [ -74.127779344141402, 4.740409875715216 ], [ -74.127780822626846, 4.740412616848857 ], [ -74.127781302864776, 4.740413681646146 ], [ -74.127867741203261, 4.740611270793579 ], [ -74.127868624337509, 4.740613778103409 ], [ -74.127869131555144, 4.740616388835349 ], [ -74.127869252963592, 4.740619047231291 ], [ -74.127868982267671, 4.740621693036758 ], [ -74.127868233132403, 4.740624551981512 ], [ -74.127867028940216, 4.740627249048373 ], [ -74.127865402965938, 4.740629713190742 ], [ -74.127863399276407, 4.740631878758222 ], [ -74.127861069133019, 4.74063368729486 ], [ -74.12785847818617, 4.740635091136596 ], [ -74.12785124044234, 4.740618536416378 ] ] ] } },
{ "type": "Feature", "properties": { "OBJECTID_1": 337, "id_interve": "11005007", "nomenclatu": "KR 158 ENTRE CL 132BIS Y CL 132", "tipo_inter": 1, "loccodigo": "11", "barrio_leg": "SANTA CECILIA SECTOR I", "numero_con": 599, "año_contr": 2021, "numero_c_1": 593, "año_con_1": 2021, "tipo_contr": 1, "estado_con": 2, "entidad_co": 1, "enlace_con": "https:\/\/community.secop.gov.co\/Public\/Tendering\/OpportunityDetail\/Index?noticeUID=CO1.NTC.2093229&isFromPublicArea=True&isModal=False", "id_element": 57881, "tipo_eleme": 2, "funcion_el": 4, "area_eleme": 54.254008811, "SHAPE_Leng": 0.00052639931484599995, "Shape_Area": 4.4188561073100004e-09 }, "geometry": { "type": "Polygon", "coordinates": [ [ [ -74.127731235807858, 4.74035845337994 ], [ -74.127646364088378, 4.740158936086061 ], [ -74.12763930081303, 4.740142331903144 ], [ -74.12764020193373, 4.740141946993333 ], [ -74.127642819860228, 4.740141211347861 ], [ -74.127645518725672, 4.740140876800069 ], [ -74.127648237376206, 4.740140955940433 ], [ -74.127650912859281, 4.740141443372977 ], [ -74.127653484021039, 4.740142328305865 ], [ -74.127655894204111, 4.740143591853325 ], [ -74.12765810833497, 4.740145225022161 ], [ -74.127660049071949, 4.740147173853018 ], [ -74.127661673247587, 4.740149397876451 ], [ -74.127662938593687, 4.740151842233786 ], [ -74.127747810313167, 4.740351355930386 ], [ -74.127748713232506, 4.740354044003993 ], [ -74.127749185376558, 4.740356840895515 ], [ -74.127749215054166, 4.740359678256596 ], [ -74.127748804064026, 4.740362485040691 ], [ -74.12774795870132, 4.74036519200007 ], [ -74.127746701449098, 4.740367734383483 ], [ -74.127745062884287, 4.740370048339116 ], [ -74.127743086174462, 4.740372073612377 ], [ -74.127740816285609, 4.740373766136429 ], [ -74.127738310774362, 4.740375080945284 ], [ -74.127731235807858, 4.74035845337994 ] ] ] } },
{ "type": "Feature", "properties": { "OBJECTID_1": 338, "id_interve": "11004913", "nomenclatu": "KR 158 ENTRE CL 132BIS Y CL 132A", "tipo_inter": 1, "loccodigo": "11", "barrio_leg": "SANTA CECILIA SECTOR I", "numero_con": 599, "año_contr": 2021, "numero_c_1": 593, "año_con_1": 2021, "tipo_contr": 1, "estado_con": 2, "entidad_co": 1, "enlace_con": "https:\/\/community.secop.gov.co\/Public\/Tendering\/OpportunityDetail\/Index?noticeUID=CO1.NTC.2093229&isFromPublicArea=True&isModal=False", "id_element": 57882, "tipo_eleme": 2, "funcion_el": 4, "area_eleme": 54.259213341, "SHAPE_Leng": 0.00052645457554900005, "Shape_Area": 4.4192251081400002e-09 }, "geometry": { "type": "Polygon", "coordinates": [ [ [ -74.127899936033202, 4.740598944685587 ], [ -74.127813376286269, 4.740400135158154 ], [ -74.127812449085241, 4.740397454279162 ], [ -74.127811953558762, 4.740394660085542 ], [ -74.127811899599465, 4.740391823623781 ], [ -74.127812289005874, 4.740389012343087 ], [ -74.127813110986267, 4.74038629908847 ], [ -74.127814346654759, 4.740383745913164 ], [ -74.127815966333742, 4.740381419367054 ], [ -74.127817927755132, 4.740379375208022 ], [ -74.127820184154132, 4.740377662898879 ], [ -74.127822677974166, 4.740376327405613 ], [ -74.127829889637667, 4.740392895615685 ], [ -74.127916451183239, 4.740591706941757 ], [ -74.127923658350142, 4.740608277849788 ], [ -74.127920680694842, 4.740609282392541 ], [ -74.12791757623512, 4.740609751838633 ], [ -74.127914436701872, 4.740609673597589 ], [ -74.127911359221798, 4.740609050367425 ], [ -74.127908434626534, 4.740607900134535 ], [ -74.127905754646804, 4.740606258871821 ], [ -74.127903398423086, 4.740604174243288 ], [ -74.127901438800336, 4.740601711899558 ], [ -74.127899936033202, 4.740598944685587 ] ] ] } },
{ "type": "Feature", "properties": { "OBJECTID_1": 339, "id_interve": "11005007", "nomenclatu": "KR 158 ENTRE CL 132BIS Y CL 132", "tipo_inter": 1, "loccodigo": "11", "barrio_leg": "SANTA CECILIA SECTOR I", "numero_con": 599, "año_contr": 2021, "numero_c_1": 593, "año_con_1": 2021, "tipo_contr": 1, "estado_con": 2, "entidad_co": 1, "enlace_con": "https:\/\/community.secop.gov.co\/Public\/Tendering\/OpportunityDetail\/Index?noticeUID=CO1.NTC.2093229&isFromPublicArea=True&isModal=False", "id_element": 57880, "tipo_eleme": 2, "funcion_el": 4, "area_eleme": 54.258169470200002, "SHAPE_Leng": 0.00052645273028000005, "Shape_Area": 4.419119611e-09 }, "geometry": { "type": "Polygon", "coordinates": [ [ [ -74.127786667320777, 4.740338792401417 ], [ -74.127784925334026, 4.740336949690516 ], [ -74.127783457640419, 4.740334880350474 ], [ -74.127782293917676, 4.740332624850794 ], [ -74.127696602016556, 4.740133443903346 ], [ -74.127695688305323, 4.740130759427075 ], [ -74.127695206268697, 4.740127964334135 ], [ -74.127695162201917, 4.740125126073735 ], [ -74.127695564198916, 4.74012231839032 ], [ -74.127696398769729, 4.740119606035023 ], [ -74.127697644330794, 4.740117060953651 ], [ -74.127699273003032, 4.740114740702779 ], [ -74.127701243417619, 4.740112706436321 ], [ -74.127703506111857, 4.740111004919015 ], [ -74.127706006227186, 4.740109679318266 ], [ -74.127713146844201, 4.740126278105322 ], [ -74.127798838745377, 4.740325459052769 ], [ -74.127805980261769, 4.740342059638408 ], [ -74.127803180672231, 4.740343006624528 ], [ -74.127800264170844, 4.740343482365859 ], [ -74.127797309897915, 4.740343473372661 ], [ -74.127794396094487, 4.740342981443462 ], [ -74.127791602800187, 4.740342018269587 ], [ -74.12778900286014, 4.740340607233293 ], [ -74.127786667320777, 4.740338792401417 ] ] ] } },
{ "type": "Feature", "properties": { "OBJECTID_1": 340, "id_interve": "11003260", "nomenclatu": "KR 153 ENTRE CL 138A Y CL 138B", "tipo_inter": 1, "loccodigo": "11", "barrio_leg": "SANTA RITA", "numero_con": 599, "año_contr": 2021, "numero_c_1": 593, "año_con_1": 2021, "tipo_contr": 1, "estado_con": 2, "entidad_co": 1, "enlace_con": "https:\/\/community.secop.gov.co\/Public\/Tendering\/OpportunityDetail\/Index?noticeUID=CO1.NTC.2093229&isFromPublicArea=True&isModal=False", "id_element": 58266, "tipo_eleme": 2, "funcion_el": 4, "area_eleme": 54.254475944900001, "SHAPE_Leng": 0.00052634740888400004, "Shape_Area": 4.4188811829599999e-09 }, "geometry": { "type": "Polygon", "coordinates": [ [ [ -74.124804295981448, 4.745598218383122 ], [ -74.124733699200817, 4.745393131587775 ], [ -74.124727888681093, 4.745376256708937 ], [ -74.124730568660766, 4.745375327709269 ], [ -74.124732663181817, 4.745375083992997 ], [ -74.124734770293401, 4.745375085791636 ], [ -74.124736862116436, 4.745375334903827 ], [ -74.124739485438852, 4.745376012093345 ], [ -74.124741979258886, 4.745377075091994 ], [ -74.124744284221322, 4.74537850321542 ], [ -74.124746350863347, 4.745380259591343 ], [ -74.124748130621697, 4.745382309146294 ], [ -74.124749585724771, 4.745384600618877 ], [ -74.124750681098988, 4.745387087244353 ], [ -74.124750727863784, 4.745387225739933 ], [ -74.124821330040334, 4.745592317931198 ], [ -74.124822089967438, 4.745595359438312 ], [ -74.124822314797939, 4.745598483683125 ], [ -74.124821998236598, 4.745601603431282 ], [ -74.124821149276556, 4.745604618858124 ], [ -74.124819793998256, 4.745607441830032 ], [ -74.124817971971765, 4.745609989609363 ], [ -74.124815740753775, 4.745612183055869 ], [ -74.124813164196155, 4.745613955619604 ], [ -74.124810322338476, 4.745615256039287 ], [ -74.124810178446921, 4.745615304602666 ], [ -74.124804295981448, 4.745598218383122 ] ] ] } },
{ "type": "Feature", "properties": { "OBJECTID_1": 341, "id_interve": "11003260", "nomenclatu": "KR 153 ENTRE CL 138A Y CL 138B", "tipo_inter": 1, "loccodigo": "11", "barrio_leg": "SANTA RITA", "numero_con": 599, "año_contr": 2021, "numero_c_1": 593, "año_con_1": 2021, "tipo_contr": 1, "estado_con": 2, "entidad_co": 1, "enlace_con": "https:\/\/community.secop.gov.co\/Public\/Tendering\/OpportunityDetail\/Index?noticeUID=CO1.NTC.2093229&isFromPublicArea=True&isModal=False", "id_element": 58265, "tipo_eleme": 2, "funcion_el": 4, "area_eleme": 54.258229796599998, "SHAPE_Leng": 0.00052656395403999996, "Shape_Area": 4.4191655250700001e-09 }, "geometry": { "type": "Polygon", "coordinates": [ [ [ -74.124842453316546, 4.745587449900938 ], [ -74.124842440726013, 4.745587414827355 ], [ -74.124842402954471, 4.74558730690876 ], [ -74.12477103185762, 4.745382505198506 ], [ -74.124770997683356, 4.745382405373732 ], [ -74.12477024495081, 4.745379371960496 ], [ -74.124770024616907, 4.745376251313019 ], [ -74.124770342077568, 4.745373139658739 ], [ -74.12477119103761, 4.745370132325775 ], [ -74.124772543617951, 4.745367312951203 ], [ -74.124774361147786, 4.745364770567733 ], [ -74.124776586070539, 4.745362581617883 ], [ -74.124779153635018, 4.745360809953468 ], [ -74.124781989197402, 4.745359508634465 ], [ -74.124782095317414, 4.745359472661562 ], [ -74.124788041634758, 4.745376538196751 ], [ -74.124859413630986, 4.745581340806268 ], [ -74.124865373438183, 4.745598402744122 ], [ -74.12486251269479, 4.74559915098007 ], [ -74.124859569213697, 4.745599419877351 ], [ -74.124856621236063, 4.745599201342088 ], [ -74.124853938558374, 4.745598567320087 ], [ -74.124851383584428, 4.745597526804488 ], [ -74.124849020166096, 4.745596110372219 ], [ -74.124846898665396, 4.745594346801738 ], [ -74.124845065847069, 4.745592279260336 ], [ -74.124843578368427, 4.745589969801301 ], [ -74.124843563079935, 4.745589942821653 ], [ -74.124842453316546, 4.745587449900938 ] ] ] } },
{ "type": "Feature", "properties": { "OBJECTID_1": 342, "id_interve": "11003162", "nomenclatu": "KR 153 ENTRE CL 138B Y CL 138C", "tipo_inter": 1, "loccodigo": "11", "barrio_leg": "SANTA RITA", "numero_con": 599, "año_contr": 2021, "numero_c_1": 593, "año_con_1": 2021, "tipo_contr": 1, "estado_con": 2, "entidad_co": 1, "enlace_con": "https:\/\/community.secop.gov.co\/Public\/Tendering\/OpportunityDetail\/Index?noticeUID=CO1.NTC.2093229&isFromPublicArea=True&isModal=False", "id_element": 58268, "tipo_eleme": 2, "funcion_el": 4, "area_eleme": 54.250552869700002, "SHAPE_Leng": 0.00052630310067299998, "Shape_Area": 4.4185767171e-09 }, "geometry": { "type": "Polygon", "coordinates": [ [ [ -74.124899457743766, 4.745855279697423 ], [ -74.124828509328211, 4.745650336793631 ], [ -74.124822672728101, 4.745633476303965 ], [ -74.124825380586799, 4.745632532915124 ], [ -74.124827967036993, 4.745632266715802 ], [ -74.12483056427908, 4.745632374634454 ], [ -74.124833119253026, 4.745632860268358 ], [ -74.124835577100157, 4.745633708329024 ], [ -74.124838207617131, 4.745635099580227 ], [ -74.124840573733479, 4.745636908116865 ], [ -74.124842609798577, 4.745639080878902 ], [ -74.124844262752504, 4.745641560309821 ], [ -74.124845487629102, 4.745644278960356 ], [ -74.124845528997923, 4.7456444021675 ], [ -74.124916480111438, 4.745849348668571 ], [ -74.124917198669721, 4.745852113184526 ], [ -74.124917474761617, 4.745854958639484 ], [ -74.124917320078225, 4.745857670095461 ], [ -74.124916760699932, 4.745860327592084 ], [ -74.124915812814493, 4.745862871774136 ], [ -74.124914496206998, 4.745865244185723 ], [ -74.124912837857153, 4.745867390867431 ], [ -74.124910674088312, 4.745869431429185 ], [ -74.124908205449287, 4.745871086181751 ], [ -74.124905497590589, 4.745872311957669 ], [ -74.124905369886847, 4.745872356923769 ], [ -74.124899457743766, 4.745855279697423 ] ] ] } },
{ "type": "Feature", "properties": { "OBJECTID_1": 343, "id_interve": "11003070", "nomenclatu": "KR 153 ENTRE CL 138C Y CL 138D", "tipo_inter": 1, "loccodigo": "11", "barrio_leg": "SANTA RITA", "numero_con": 599, "año_contr": 2021, "numero_c_1": 593, "año_con_1": 2021, "tipo_contr": 1, "estado_con": 2, "entidad_co": 1, "enlace_con": "https:\/\/community.secop.gov.co\/Public\/Tendering\/OpportunityDetail\/Index?noticeUID=CO1.NTC.2093229&isFromPublicArea=True&isModal=False", "id_element": 58270, "tipo_eleme": 2, "funcion_el": 4, "area_eleme": 51.124989116499997, "SHAPE_Leng": 0.00049791198996099997, "Shape_Area": 4.1640115249100003e-09 }, "geometry": { "type": "Polygon", "coordinates": [ [ [ -74.124915576292778, 4.745904715430299 ], [ -74.124909755880481, 4.745887845947379 ], [ -74.124912447551367, 4.745886910652473 ], [ -74.124914935076163, 4.74588664715111 ], [ -74.124917434292115, 4.745886731687392 ], [ -74.124920282445032, 4.745887264086036 ], [ -74.124923008290182, 4.745888246145682 ], [ -74.124925541680341, 4.745889651786058 ], [ -74.124927817864489, 4.745891448631482 ], [ -74.124929778386502, 4.745893588118633 ], [ -74.124931371085893, 4.745896013590198 ], [ -74.124932557291629, 4.745898664791582 ], [ -74.124932604056369, 4.745898798790563 ], [ -74.125003342030595, 4.746103810042825 ], [ -74.124986314266948, 4.746109729380578 ], [ -74.124915576292778, 4.745904715430299 ] ] ] } },
{ "type": "Feature", "properties": { "OBJECTID_1": 344, "id_interve": "11003162", "nomenclatu": "KR 153 ENTRE CL 138B Y CL 138C", "tipo_inter": 1, "loccodigo": "11", "barrio_leg": "SANTA RITA", "numero_con": 599, "año_contr": 2021, "numero_c_1": 593, "año_con_1": 2021, "tipo_contr": 1, "estado_con": 2, "entidad_co": 1, "enlace_con": "https:\/\/community.secop.gov.co\/Public\/Tendering\/OpportunityDetail\/Index?noticeUID=CO1.NTC.2093229&isFromPublicArea=True&isModal=False", "id_element": 58267, "tipo_eleme": 2, "funcion_el": 4, "area_eleme": 54.254898235500001, "SHAPE_Leng": 0.00052653907509899996, "Shape_Area": 4.41900504588e-09 }, "geometry": { "type": "Polygon", "coordinates": [ [ [ -74.124939313898153, 4.745853651924563 ], [ -74.124936545784919, 4.745852302042181 ], [ -74.124936523301869, 4.745852288552328 ], [ -74.124934015991983, 4.745850473720452 ], [ -74.124931845028584, 4.745848244301101 ], [ -74.124930087753285, 4.745845672240023 ], [ -74.124928799924135, 4.745842834878999 ], [ -74.124928754058715, 4.745842708973896 ], [ -74.12485780474384, 4.745637766070104 ], [ -74.124857078990942, 4.745634964681926 ], [ -74.124856810992981, 4.745632083254065 ], [ -74.124857001649275, 4.745629193732327 ], [ -74.124857545739133, 4.745626717898745 ], [ -74.12485843067202, 4.745624340091297 ], [ -74.124859637562167, 4.745622110671945 ], [ -74.124861146624596, 4.745620073707471 ], [ -74.124863376043947, 4.745617879361703 ], [ -74.124865950802928, 4.745616104099952 ], [ -74.124868792660607, 4.74561480008299 ], [ -74.124868915867751, 4.745614756915529 ], [ -74.124874828010888, 4.745631834141875 ], [ -74.124945777325706, 4.745836778844307 ], [ -74.124951692166803, 4.745853856969973 ], [ -74.124951550073945, 4.745853903734712 ], [ -74.124948523855267, 4.745854644776102 ], [ -74.124945417596905, 4.745854853418791 ], [ -74.124942333821593, 4.745854524266917 ], [ -74.124942308640584, 4.745854517971679 ], [ -74.124939342676498, 4.745853662716399 ], [ -74.124939313898153, 4.745853651924563 ] ] ] } },
{ "type": "Feature", "properties": { "OBJECTID_1": 345, "id_interve": "11003070", "nomenclatu": "KR 153 ENTRE CL 138C Y CL 138D", "tipo_inter": 1, "loccodigo": "11", "barrio_leg": "SANTA RITA", "numero_con": 599, "año_contr": 2021, "numero_c_1": 593, "año_con_1": 2021, "tipo_contr": 1, "estado_con": 2, "entidad_co": 1, "enlace_con": "https:\/\/community.secop.gov.co\/Public\/Tendering\/OpportunityDetail\/Index?noticeUID=CO1.NTC.2093229&isFromPublicArea=True&isModal=False", "id_element": 58269, "tipo_eleme": 2, "funcion_el": 4, "area_eleme": 51.135479357199998, "SHAPE_Leng": 0.00049824505269600004, "Shape_Area": 4.1648022929600001e-09 }, "geometry": { "type": "Polygon", "coordinates": [ [ [ -74.124953158061771, 4.74589334979828 ], [ -74.124952384644814, 4.745890309190486 ], [ -74.12495214722378, 4.745887180449074 ], [ -74.124952453892604, 4.745884056204261 ], [ -74.124953293859392, 4.745881032683542 ], [ -74.124954641943134, 4.745878199819117 ], [ -74.12495645767433, 4.745875645744491 ], [ -74.124958687093681, 4.745873444204108 ], [ -74.124961262752038, 4.745871660848536 ], [ -74.124964106408356, 4.745870354133558 ], [ -74.124964216125647, 4.745870316362073 ], [ -74.12497016783891, 4.745887379199246 ], [ -74.12504160008973, 4.746092185406098 ], [ -74.125024590312535, 4.746098156005132 ], [ -74.124953158061771, 4.74589334979828 ] ] ] } },
{ "type": "Feature", "properties": { "OBJECTID_1": 346, "id_interve": "11003492", "nomenclatu": "KR 154 ENTRE CL 138 Y CL 138A", "tipo_inter": 1, "loccodigo": "11", "barrio_leg": "SANTA RITA", "numero_con": 599, "año_contr": 2021, "numero_c_1": 593, "año_con_1": 2021, "tipo_contr": 1, "estado_con": 2, "entidad_co": 1, "enlace_con": "https:\/\/community.secop.gov.co\/Public\/Tendering\/OpportunityDetail\/Index?noticeUID=CO1.NTC.2093229&isFromPublicArea=True&isModal=False", "id_element": 58319, "tipo_eleme": 2, "funcion_el": 4, "area_eleme": 51.123552506499998, "SHAPE_Leng": 0.00049812260511099998, "Shape_Area": 4.1638445305799997e-09 }, "geometry": { "type": "Polygon", "coordinates": [ [ [ -74.125655005174337, 4.745015854298288 ], [ -74.125654972798714, 4.745015761668128 ], [ -74.125583247368922, 4.744811094856175 ], [ -74.125600248152864, 4.744805100874771 ], [ -74.125671971784016, 4.745009762290749 ], [ -74.125677945081065, 4.745026817933365 ], [ -74.125674916164428, 4.74502759674624 ], [ -74.125671798214853, 4.745027836865233 ], [ -74.125668685661253, 4.745027534693008 ], [ -74.125665672932428, 4.7450266983235 ], [ -74.125662846363241, 4.745025349340438 ], [ -74.125660294087254, 4.745023528213324 ], [ -74.125658094345511, 4.745021291599357 ], [ -74.125656313687898, 4.745018707847123 ], [ -74.125655005174337, 4.745015854298288 ] ] ] } },
{ "type": "Feature", "properties": { "OBJECTID_1": 347, "id_interve": "11003492", "nomenclatu": "KR 154 ENTRE CL 138 Y CL 138A", "tipo_inter": 1, "loccodigo": "11", "barrio_leg": "SANTA RITA", "numero_con": 599, "año_contr": 2021, "numero_c_1": 593, "año_con_1": 2021, "tipo_contr": 1, "estado_con": 2, "entidad_co": 1, "enlace_con": "https:\/\/community.secop.gov.co\/Public\/Tendering\/OpportunityDetail\/Index?noticeUID=CO1.NTC.2093229&isFromPublicArea=True&isModal=False", "id_element": 58320, "tipo_eleme": 2, "funcion_el": 4, "area_eleme": 51.1299066248, "SHAPE_Leng": 0.00049820521985800002, "Shape_Area": 4.1644768139200004e-09 }, "geometry": { "type": "Polygon", "coordinates": [ [ [ -74.125618606913122, 4.74502409838351 ], [ -74.125547030770804, 4.744819363223087 ], [ -74.12556403695072, 4.744813381832159 ], [ -74.125635613093039, 4.745018116992526 ], [ -74.125636390107275, 4.745021157600377 ], [ -74.125636628427628, 4.745024289039748 ], [ -74.125636322658124, 4.745027413284561 ], [ -74.125635485389296, 4.74503043680528 ], [ -74.125634137305553, 4.745033269669705 ], [ -74.125632321574358, 4.74503582734161 ], [ -74.125630093054326, 4.745038029781313 ], [ -74.12562751559733, 4.745039813136941 ], [ -74.125624672840331, 4.745041121650502 ], [ -74.125624572116294, 4.745041157623348 ], [ -74.125618606913122, 4.74502409838351 ] ] ] } },
{ "type": "Feature", "properties": { "OBJECTID_1": 348, "id_interve": "7002279", "nomenclatu": "CL 74A S ENTRE KR 88I Y KR 88J", "tipo_inter": 1, "loccodigo": "07", "barrio_leg": "SAN BERNARDINO SEC. VILLA EMMA", "numero_con": 877, "año_contr": 2021, "numero_c_1": 891, "año_con_1": 2021, "tipo_contr": 1, "estado_con": 1, "entidad_co": 1, "enlace_con": "https:\/\/community.secop.gov.co\/Public\/Tendering\/OpportunityDetail\/Index?noticeUID=CO1.NTC.2222959&isFromPublicArea=True&isModal=False", "id_element": 355970, "tipo_eleme": 2, "funcion_el": 4, "area_eleme": 38.006032501599996, "SHAPE_Leng": 0.00056606689514199996, "Shape_Area": 3.0950118474799999e-09 }, "geometry": { "type": "Polygon", "coordinates": [ [ [ -74.202714151237046, 4.623275423921712 ], [ -74.20272356444093, 4.623270306779261 ], [ -74.202768385752336, 4.623353315103429 ], [ -74.202850104448714, 4.623511435704245 ], [ -74.202840428642844, 4.623516471008372 ], [ -74.20282578408262, 4.623488518280567 ], [ -74.20281939979543, 4.623476329768835 ], [ -74.202807243659322, 4.623453126360744 ], [ -74.202794250254385, 4.623428322159384 ], [ -74.202769099814077, 4.623380313650614 ], [ -74.202743942179154, 4.623332309638442 ], [ -74.202727184212165, 4.623300291974942 ], [ -74.202724947598199, 4.623296028289133 ], [ -74.20271881062456, 4.623284325411362 ], [ -74.202718797134764, 4.623284300230296 ], [ -74.202714151237046, 4.623275423921712 ] ] ] } },
{ "type": "Feature", "properties": { "OBJECTID_1": 349, "id_interve": "7002279", "nomenclatu": "CL 74A S ENTRE KR 88I Y KR 88J", "tipo_inter": 1, "loccodigo": "07", "barrio_leg": "SAN BERNARDINO SEC. VILLA EMMA", "numero_con": 877, "año_contr": 2021, "numero_c_1": 891, "año_con_1": 2021, "tipo_contr": 1, "estado_con": 1, "entidad_co": 1, "enlace_con": "https:\/\/community.secop.gov.co\/Public\/Tendering\/OpportunityDetail\/Index?noticeUID=CO1.NTC.2222959&isFromPublicArea=True&isModal=False", "id_element": 355968, "tipo_eleme": 2, "funcion_el": 4, "area_eleme": 42.2983895821, "SHAPE_Leng": 0.00050846244206800004, "Shape_Area": 3.4444175726900002e-09 }, "geometry": { "type": "Polygon", "coordinates": [ [ [ -74.202770818418514, 4.623265006175131 ], [ -74.202783535731555, 4.623259412392031 ], [ -74.202788106086189, 4.623268150205035 ], [ -74.202889621558768, 4.623460356910016 ], [ -74.202895534601225, 4.623471663186763 ], [ -74.202881866704729, 4.623477465612609 ], [ -74.202876049889767, 4.623466343696862 ], [ -74.202869615240502, 4.62345404007192 ], [ -74.202778358334513, 4.623279540118745 ], [ -74.202770818418514, 4.623265006175131 ] ] ] } },
{ "type": "Feature", "properties": { "OBJECTID_1": 350, "id_interve": "7002279", "nomenclatu": "CL 74A S ENTRE KR 88I Y KR 88J", "tipo_inter": 1, "loccodigo": "07", "barrio_leg": "SAN BERNARDINO SEC. VILLA EMMA", "numero_con": 877, "año_contr": 2021, "numero_c_1": 891, "año_con_1": 2021, "tipo_contr": 1, "estado_con": 1, "entidad_co": 1, "enlace_con": "https:\/\/community.secop.gov.co\/Public\/Tendering\/OpportunityDetail\/Index?noticeUID=CO1.NTC.2222959&isFromPublicArea=True&isModal=False", "id_element": 355969, "tipo_eleme": 1, "funcion_el": 1, "area_eleme": 145.78614794399999, "SHAPE_Leng": 0.00063373031616299996, "Shape_Area": 1.18719377935e-08 }, "geometry": { "type": "Polygon", "coordinates": [ [ [ -74.20272356444093, 4.623270306779261 ], [ -74.202762568937374, 4.623249101664783 ], [ -74.202770818418514, 4.623265006175131 ], [ -74.202778358334513, 4.623279540118745 ], [ -74.202869615240502, 4.62345404007192 ], [ -74.202876049889767, 4.623466343696862 ], [ -74.202881866704729, 4.623477465612609 ], [ -74.202889036999409, 4.623491176676509 ], [ -74.202850104448714, 4.623511435704245 ], [ -74.202768385752336, 4.623353315103429 ], [ -74.20272356444093, 4.623270306779261 ] ] ] } },
{ "type": "Feature", "properties": { "OBJECTID_1": 351, "id_interve": "7002392", "nomenclatu": "CL 74A S ENTRE KR 88H Y KR 88I", "tipo_inter": 1, "loccodigo": "07", "barrio_leg": "SAN BERNARDINO SEC. VILLA EMMA", "numero_con": 877, "año_contr": 2021, "numero_c_1": 891, "año_con_1": 2021, "tipo_contr": 1, "estado_con": 1, "entidad_co": 1, "enlace_con": "https:\/\/community.secop.gov.co\/Public\/Tendering\/OpportunityDetail\/Index?noticeUID=CO1.NTC.2222959&isFromPublicArea=True&isModal=False", "id_element": 356286, "tipo_eleme": 2, "funcion_el": 4, "area_eleme": 48.36847015, "SHAPE_Leng": 0.000528005231281, "Shape_Area": 3.9388881762999996e-09 }, "geometry": { "type": "Polygon", "coordinates": [ [ [ -74.202640734182523, 4.623015645755515 ], [ -74.202656513687145, 4.623008651727957 ], [ -74.202660967129873, 4.623017173703659 ], [ -74.20275910474885, 4.623210902061544 ], [ -74.202768937036751, 4.623229715878722 ], [ -74.202755563218602, 4.623235599243571 ], [ -74.202754041565754, 4.623232663856413 ], [ -74.202645811754792, 4.623025550888485 ], [ -74.202640734182523, 4.623015645755515 ] ] ] } },
{ "type": "Feature", "properties": { "OBJECTID_1": 352, "id_interve": "7002392", "nomenclatu": "CL 74A S ENTRE KR 88H Y KR 88I", "tipo_inter": 1, "loccodigo": "07", "barrio_leg": "SAN BERNARDINO SEC. VILLA EMMA", "numero_con": 877, "año_contr": 2021, "numero_c_1": 891, "año_con_1": 2021, "tipo_contr": 1, "estado_con": 1, "entidad_co": 1, "enlace_con": "https:\/\/community.secop.gov.co\/Public\/Tendering\/OpportunityDetail\/Index?noticeUID=CO1.NTC.2222959&isFromPublicArea=True&isModal=False", "id_element": 356288, "tipo_eleme": 2, "funcion_el": 4, "area_eleme": 29.239688757900002, "SHAPE_Leng": 0.00054245951336800004, "Shape_Area": 2.3811253595799999e-09 }, "geometry": { "type": "Polygon", "coordinates": [ [ [ -74.202592625848979, 4.623043450994544 ], [ -74.202599797042978, 4.623039668445983 ], [ -74.202608187717658, 4.623056636854358 ], [ -74.20272356444093, 4.623270306779261 ], [ -74.202714151237046, 4.623275423921712 ], [ -74.202693672774728, 4.623236309707977 ], [ -74.202693659284932, 4.623236283627648 ], [ -74.202668490858116, 4.623188285910715 ], [ -74.202643350310325, 4.623140271106649 ], [ -74.202618199870017, 4.623092266195158 ], [ -74.202592625848979, 4.623043450994544 ] ] ] } },
{ "type": "Feature", "properties": { "OBJECTID_1": 353, "id_interve": "7002392", "nomenclatu": "CL 74A S ENTRE KR 88H Y KR 88I", "tipo_inter": 1, "loccodigo": "07", "barrio_leg": "SAN BERNARDINO SEC. VILLA EMMA", "numero_con": 877, "año_contr": 2021, "numero_c_1": 891, "año_con_1": 2021, "tipo_contr": 1, "estado_con": 1, "entidad_co": 1, "enlace_con": "https:\/\/community.secop.gov.co\/Public\/Tendering\/OpportunityDetail\/Index?noticeUID=CO1.NTC.2222959&isFromPublicArea=True&isModal=False", "id_element": 356287, "tipo_eleme": 1, "funcion_el": 1, "area_eleme": 164.449175381, "SHAPE_Leng": 0.00066994862396100002, "Shape_Area": 1.3391629266299999e-08 }, "geometry": { "type": "Polygon", "coordinates": [ [ [ -74.202599797042978, 4.623039668445983 ], [ -74.202587222722116, 4.62301424011514 ], [ -74.202629278618247, 4.622993302099246 ], [ -74.202640734182523, 4.623015645755515 ], [ -74.202645811754792, 4.623025550888485 ], [ -74.202754041565754, 4.623232663856413 ], [ -74.202755563218602, 4.623235599243571 ], [ -74.202762568937374, 4.623249101664783 ], [ -74.20272356444093, 4.623270306779261 ], [ -74.202608187717658, 4.623056636854358 ], [ -74.202599797042978, 4.623039668445983 ] ] ] } },
{ "type": "Feature", "properties": { "OBJECTID_1": 354, "id_interve": "50002936", "nomenclatu": "KR 85A ENTRE CL 73FBIS S Y CL 73G S", "tipo_inter": 1, "loccodigo": "07", "barrio_leg": "SAN PEDRO", "numero_con": 877, "año_contr": 2021, "numero_c_1": 891, "año_con_1": 2021, "tipo_contr": 1, "estado_con": 1, "entidad_co": 1, "enlace_con": "https:\/\/community.secop.gov.co\/Public\/Tendering\/OpportunityDetail\/Index?noticeUID=CO1.NTC.2222959&isFromPublicArea=True&isModal=False", "id_element": 92058437, "tipo_eleme": 2, "funcion_el": 4, "area_eleme": 99.039695385399995, "SHAPE_Leng": 0.00180387695847, "Shape_Area": 8.0654472282100006e-09 }, "geometry": { "type": "Polygon", "coordinates": [ [ [ -74.198518310271766, 4.616386002811851 ], [ -74.198520600845029, 4.616377265898166 ], [ -74.199378982154258, 4.616543421941401 ], [ -74.199396655631119, 4.6165400845573 ], [ -74.199394964006331, 4.61654960298182 ], [ -74.199394260736483, 4.616549736081481 ], [ -74.199380647698717, 4.61655230634392 ], [ -74.199379526244115, 4.616552444839499 ], [ -74.199378396695636, 4.61655244214154 ], [ -74.199377276140353, 4.616552298249985 ], [ -74.19862998718412, 4.616407641399576 ], [ -74.198519390357546, 4.61638623213895 ], [ -74.198518894831068, 4.616386136810831 ], [ -74.198518310271766, 4.616386002811851 ] ] ] } },
{ "type": "Feature", "properties": { "OBJECTID_1": 355, "id_interve": "50002936", "nomenclatu": "KR 85A ENTRE CL 73FBIS S Y CL 73G S", "tipo_inter": 1, "loccodigo": "07", "barrio_leg": "SAN PEDRO", "numero_con": 877, "año_contr": 2021, "numero_c_1": 891, "año_con_1": 2021, "tipo_contr": 1, "estado_con": 1, "entidad_co": 1, "enlace_con": "https:\/\/community.secop.gov.co\/Public\/Tendering\/OpportunityDetail\/Index?noticeUID=CO1.NTC.2222959&isFromPublicArea=True&isModal=False", "id_element": 92058518, "tipo_eleme": 2, "funcion_el": 4, "area_eleme": 101.25707939500001, "SHAPE_Leng": 0.0018433877412599999, "Shape_Area": 8.2456633509600003e-09 }, "geometry": { "type": "Polygon", "coordinates": [ [ [ -74.19851261936185, 4.61641426130916 ], [ -74.198514823600192, 4.616405483925973 ], [ -74.198630745312585, 4.616428700823917 ], [ -74.199380788892256, 4.616578919981237 ], [ -74.199382247592609, 4.616579345360549 ], [ -74.199383614562123, 4.616580009060215 ], [ -74.199384850230615, 4.616580892194463 ], [ -74.199385921323199, 4.616581970481604 ], [ -74.199386795464193, 4.616583212445335 ], [ -74.199387450170661, 4.616584583911447 ], [ -74.199387865657457, 4.616586045309816 ], [ -74.199388030233365, 4.616587555271508 ], [ -74.199387939401845, 4.616589072427814 ], [ -74.199387894435745, 4.616589373700663 ], [ -74.199384330422447, 4.616609408797217 ], [ -74.199374885742372, 4.616611051858627 ], [ -74.199379026221038, 4.616587784598607 ], [ -74.19851261936185, 4.61641426130916 ] ] ] } },
{ "type": "Feature", "properties": { "OBJECTID_1": 356, "id_interve": "50002936", "nomenclatu": "KR 85A ENTRE CL 73FBIS S Y CL 73G S", "tipo_inter": 1, "loccodigo": "07", "barrio_leg": "SAN PEDRO", "numero_con": 877, "año_contr": 2021, "numero_c_1": 891, "año_con_1": 2021, "tipo_contr": 1, "estado_con": 1, "entidad_co": 1, "enlace_con": "https:\/\/community.secop.gov.co\/Public\/Tendering\/OpportunityDetail\/Index?noticeUID=CO1.NTC.2222959&isFromPublicArea=True&isModal=False", "id_element": 91010265, "tipo_eleme": 1, "funcion_el": 1, "area_eleme": 251.420042677, "SHAPE_Leng": 0.0018943530093000001, "Shape_Area": 2.0473564527199998e-08 }, "geometry": { "type": "Polygon", "coordinates": [ [ [ -74.198514823600192, 4.616405483925973 ], [ -74.198514382033068, 4.616405395792412 ], [ -74.198513302846607, 4.616405247404316 ], [ -74.198512213767629, 4.616405231216504 ], [ -74.198510784744883, 4.616405411980224 ], [ -74.198509402486877, 4.616405819373142 ], [ -74.198508102966514, 4.616406440804667 ], [ -74.198506919458737, 4.616407260986364 ], [ -74.198505880741777, 4.616408260133142 ], [ -74.19850501559398, 4.616409411265352 ], [ -74.19850434380038, 4.616410685604706 ], [ -74.198503884246804, 4.61641205077558 ], [ -74.198507710862145, 4.616394329634659 ], [ -74.198508352978081, 4.616391360972557 ], [ -74.198511710147272, 4.616375823385567 ], [ -74.198511592336104, 4.616377294676454 ], [ -74.198511715543191, 4.61637876596734 ], [ -74.198512077970008, 4.616380197688045 ], [ -74.198512668824549, 4.616381551167706 ], [ -74.198513471919171, 4.616382790433477 ], [ -74.19851446656935, 4.616383881311094 ], [ -74.198515625795437, 4.616384795921647 ], [ -74.198516918121243, 4.616385509983331 ], [ -74.198518310271766, 4.616386002811851 ], [ -74.198518894831068, 4.616386136810831 ], [ -74.198519390357546, 4.61638623213895 ], [ -74.19862998718412, 4.616407641399576 ], [ -74.199377276140353, 4.616552298249985 ], [ -74.199378396695636, 4.61655244214154 ], [ -74.199379526244115, 4.616552444839499 ], [ -74.199380647698717, 4.61655230634392 ], [ -74.199394260736483, 4.616549736081481 ], [ -74.199394964006331, 4.61654960298182 ], [ -74.199387939401845, 4.616589072427814 ], [ -74.199388030233365, 4.616587555271508 ], [ -74.199387865657457, 4.616586045309816 ], [ -74.199387450170661, 4.616584583911447 ], [ -74.199386795464193, 4.616583212445335 ], [ -74.199385921323199, 4.616581970481604 ], [ -74.199384850230615, 4.616580892194463 ], [ -74.199383614562123, 4.616580009060215 ], [ -74.199382247592609, 4.616579345360549 ], [ -74.199380788892256, 4.616578919981237 ], [ -74.198630745312585, 4.616428700823917 ], [ -74.198514823600192, 4.616405483925973 ] ] ] } },
{ "type": "Feature", "properties": { "OBJECTID_1": 357, "id_interve": "4008767", "nomenclatu": "CL 12D S ENTRE KR 24C E Y KR 25C E", "tipo_inter": 1, "loccodigo": "04", "barrio_leg": "LA CECILIA", "numero_con": 416, "año_contr": 2021, "numero_c_1": 421, "año_con_1": 2021, "tipo_contr": 1, "estado_con": 1, "entidad_co": 1, "enlace_con": "https:\/\/community.secop.gov.co\/Public\/Tendering\/OpportunityDetail\/Index?noticeUID=CO1.NTC.1892050&isFromPublicArea=True&isModal=False", "id_element": 91062846, "tipo_eleme": 3, "funcion_el": 2, "area_eleme": 111.102280529, "SHAPE_Leng": 0.00076511120548600003, "Shape_Area": 9.0467082725499993e-09 }, "geometry": { "type": "Polygon", "coordinates": [ [ [ -74.066861297610785, 4.563938897262346 ], [ -74.066878535815761, 4.56394423204074 ], [ -74.066937347880241, 4.56396243431891 ], [ -74.066942636793215, 4.56394522309364 ], [ -74.066993009619637, 4.563967700748833 ], [ -74.067044586638303, 4.563985054067018 ], [ -74.067095783243758, 4.564002062045574 ], [ -74.067146773005106, 4.564020207666488 ], [ -74.067199082971285, 4.564037101431154 ], [ -74.067191997212888, 4.564060160048371 ], [ -74.067139487597217, 4.564043911996976 ], [ -74.067087841330761, 4.564027928346263 ], [ -74.067036193265665, 4.564011943796231 ], [ -74.066984546099889, 4.563995960145519 ], [ -74.066932898934112, 4.56397997559543 ], [ -74.066855102181194, 4.563955898945608 ], [ -74.066861297610785, 4.563938897262346 ] ] ] } },
{ "type": "Feature", "properties": { "OBJECTID_1": 358, "id_interve": "4006988", "nomenclatu": "KR 24C E ENTRE CL 13A S Y CL 13B S", "tipo_inter": 1, "loccodigo": "04", "barrio_leg": "LA CECILIA", "numero_con": 416, "año_contr": 2021, "numero_c_1": 421, "año_con_1": 2021, "tipo_contr": 1, "estado_con": 1, "entidad_co": 1, "enlace_con": "https:\/\/community.secop.gov.co\/Public\/Tendering\/OpportunityDetail\/Index?noticeUID=CO1.NTC.1892050&isFromPublicArea=True&isModal=False", "id_element": 214662, "tipo_eleme": 2, "funcion_el": 4, "area_eleme": 28.003564303800001, "SHAPE_Leng": 0.00054687779565900003, "Shape_Area": 2.28025367681e-09 }, "geometry": { "type": "Polygon", "coordinates": [ [ [ -74.067432645000508, 4.563533171718575 ], [ -74.067464383874153, 4.563457858893116 ], [ -74.067500257830602, 4.563384425650781 ], [ -74.067540156253187, 4.563313098620654 ], [ -74.067555418647601, 4.563302894013418 ], [ -74.067565489255912, 4.563307522823948 ], [ -74.067562686069095, 4.563309100234846 ], [ -74.067559735393445, 4.563310836825735 ], [ -74.067556818892058, 4.563312630973201 ], [ -74.067553936564877, 4.56331448087866 ], [ -74.067551092908559, 4.563316387441375 ], [ -74.067548285225143, 4.563318347963445 ], [ -74.067546950631254, 4.563319320130574 ], [ -74.06754274719998, 4.563326422976104 ], [ -74.067537669627711, 4.563335140104698 ], [ -74.067532652310035, 4.563343893206138 ], [ -74.067527694347575, 4.563352679582522 ], [ -74.067522798438347, 4.563361501931809 ], [ -74.067517961884391, 4.563370355757343 ], [ -74.067513187383668, 4.56337924465646 ], [ -74.067508474036799, 4.563388165931144 ], [ -74.067503823642483, 4.563397119581452 ], [ -74.067499234402135, 4.563406105607328 ], [ -74.067494707214905, 4.563415123109507 ], [ -74.067490241181645, 4.563424172087934 ], [ -74.067485838100936, 4.563433251643289 ], [ -74.067481497972722, 4.563442361775628 ], [ -74.067477220797059, 4.563451501585575 ], [ -74.067473006573948, 4.563460671073187 ], [ -74.067468857102028, 4.56346987023835 ], [ -74.067464768784021, 4.563479096383219 ], [ -74.067460746116524, 4.563488352205752 ], [ -74.067456787300841, 4.563497635007877 ], [ -74.067452891437767, 4.563506944789708 ], [ -74.067449060325828, 4.563516281551188 ], [ -74.067445293065759, 4.563525645292373 ], [ -74.067441592355578, 4.56353503511383 ], [ -74.067441286586075, 4.56353582291996 ], [ -74.067432645000508, 4.563533171718575 ] ] ] } },
{ "type": "Feature", "properties": { "OBJECTID_1": 359, "id_interve": "4006988", "nomenclatu": "KR 24C E ENTRE CL 13A S Y CL 13B S", "tipo_inter": 1, "loccodigo": "04", "barrio_leg": "LA CECILIA", "numero_con": 416, "año_contr": 2021, "numero_c_1": 421, "año_con_1": 2021, "tipo_contr": 1, "estado_con": 1, "entidad_co": 1, "enlace_con": "https:\/\/community.secop.gov.co\/Public\/Tendering\/OpportunityDetail\/Index?noticeUID=CO1.NTC.1892050&isFromPublicArea=True&isModal=False", "id_element": 214660, "tipo_eleme": 2, "funcion_el": 4, "area_eleme": 21.431941221300001, "SHAPE_Leng": 0.00043977155647599998, "Shape_Area": 1.7451266585499999e-09 }, "geometry": { "type": "Polygon", "coordinates": [ [ [ -74.067450096344828, 4.563309363736209 ], [ -74.067454887932684, 4.563294629243785 ], [ -74.067460522185286, 4.563314664340339 ], [ -74.067462747108038, 4.56333536133792 ], [ -74.06746150064771, 4.563356141073086 ], [ -74.067438558942285, 4.563425564238457 ], [ -74.067409053085271, 4.56349246210749 ], [ -74.067402775817413, 4.563496118750948 ], [ -74.067396179290199, 4.563499159358742 ], [ -74.06740733717885, 4.563475421753367 ], [ -74.067410411960907, 4.563468881883466 ], [ -74.067413422891093, 4.56346231323522 ], [ -74.067416370868784, 4.563455715808686 ], [ -74.067419254994604, 4.563449088704544 ], [ -74.067422076167816, 4.563442436419336 ], [ -74.067424832589893, 4.563435756255217 ], [ -74.067427525160099, 4.563429049111392 ], [ -74.067430152079794, 4.563422315887237 ], [ -74.067432715147675, 4.563415559280656 ], [ -74.067435212564988, 4.563408775694484 ], [ -74.067437645231109, 4.563401969625261 ], [ -74.06744001224672, 4.563395140173611 ], [ -74.067442311813181, 4.563388288238968 ], [ -74.067444548427147, 4.563381414720538 ], [ -74.067446716692587, 4.563374518719115 ], [ -74.067448819307515, 4.563367602932601 ], [ -74.067450855372613, 4.563360667360939 ], [ -74.067452657614012, 4.563354300160881 ], [ -74.067452939101827, 4.563352170566247 ], [ -74.067453231381478, 4.563349488787935 ], [ -74.067453459809258, 4.563346803412287 ], [ -74.067453627083182, 4.563344110842081 ], [ -74.067453731404555, 4.563341414674596 ], [ -74.067453771874057, 4.563338719406431 ], [ -74.067453751189646, 4.563336022339627 ], [ -74.067453665754044, 4.563333327071462 ], [ -74.06745351916453, 4.563330633601879 ], [ -74.067453307823882, 4.563327944629009 ], [ -74.067453036228585, 4.56332526195132 ], [ -74.067452700781473, 4.563322585568926 ], [ -74.067452303281129, 4.563319918179729 ], [ -74.067451843727554, 4.563317260683107 ], [ -74.067451323020123, 4.56331461487764 ], [ -74.067450739360083, 4.56331198166265 ], [ -74.067450096344828, 4.563309363736209 ] ] ] } },
{ "type": "Feature", "properties": { "OBJECTID_1": 360, "id_interve": "1002178", "nomenclatu": "CL 163D ENTRE KR 3A Y KR 4 BIS A", "tipo_inter": 1, "loccodigo": "01", "barrio_leg": "SANTA CECILIA I SECTOR", "numero_con": 668, "año_contr": 2021, "numero_c_1": 592, "año_con_1": 2021, "tipo_contr": 1, "estado_con": 1, "entidad_co": 1, "enlace_con": "https:\/\/community.secop.gov.co\/Public\/Tendering\/OpportunityDetail\/Index?noticeUID=CO1.NTC.2093229&isFromPublicArea=True&isModal=False", "id_element": 92054021, "tipo_eleme": 2, "funcion_el": 4, "area_eleme": 155.48068203099999, "SHAPE_Leng": 0.00171240392388, "Shape_Area": 1.26635193465e-08 }, "geometry": { "type": "Polygon", "coordinates": [ [ [ -74.020781599890881, 4.738043010276726 ], [ -74.020868507675459, 4.738032883011215 ], [ -74.020955866919678, 4.738027988900626 ], [ -74.021043361961574, 4.738028345931468 ], [ -74.021130678038332, 4.738033952305102 ], [ -74.021217500387309, 4.738044789135756 ], [ -74.021213950763183, 4.738066371965544 ], [ -74.021122828755495, 4.738053909160612 ], [ -74.021018853637145, 4.738044760357468 ], [ -74.02091446213268, 4.738045510392055 ], [ -74.020764009151662, 4.738055823817263 ], [ -74.020704046854235, 4.738066850404891 ], [ -74.020678818172883, 4.738071490007314 ], [ -74.020621226488345, 4.738085228950183 ], [ -74.020564790432672, 4.738103129955505 ], [ -74.020535818772998, 4.738114123268247 ], [ -74.02053020430543, 4.738116254661463 ], [ -74.020452746596959, 4.738148918038178 ], [ -74.020401621037934, 4.738160922188854 ], [ -74.020399004910132, 4.738161032805465 ], [ -74.020394787989062, 4.738143389905588 ], [ -74.020441871994763, 4.738139212554643 ], [ -74.020506895676647, 4.738110844340042 ], [ -74.020573689224364, 4.738086940360063 ], [ -74.020641946868295, 4.738067611231315 ], [ -74.020711356543814, 4.738052945986738 ], [ -74.020781599890881, 4.738043010276726 ] ] ] } },
{ "type": "Feature", "properties": { "OBJECTID_1": 361, "id_interve": "1002178", "nomenclatu": "CL 163D ENTRE KR 3A Y KR 4 BIS A", "tipo_inter": 1, "loccodigo": "01", "barrio_leg": "SANTA CECILIA I SECTOR", "numero_con": 668, "año_contr": 2021, "numero_c_1": 592, "año_con_1": 2021, "tipo_contr": 1, "estado_con": 1, "entidad_co": 1, "enlace_con": "https:\/\/community.secop.gov.co\/Public\/Tendering\/OpportunityDetail\/Index?noticeUID=CO1.NTC.2093229&isFromPublicArea=True&isModal=False", "id_element": 92054022, "tipo_eleme": 2, "funcion_el": 4, "area_eleme": 88.6563325244, "SHAPE_Leng": 0.00075159095379899996, "Shape_Area": 7.2208399076200002e-09 }, "geometry": { "type": "Polygon", "coordinates": [ [ [ -74.020054007886131, 4.738126525818586 ], [ -74.020042312202918, 4.738121645197793 ], [ -74.020043659387341, 4.738113856169548 ], [ -74.020048387123325, 4.738109567302729 ], [ -74.020053687727454, 4.738106011383366 ], [ -74.02005944878448, 4.738103263055166 ], [ -74.020065547986633, 4.73810137987482 ], [ -74.020077114167464, 4.738103416839238 ], [ -74.020206585965127, 4.738153388568094 ], [ -74.020289236359133, 4.738187294807858 ], [ -74.020333629593267, 4.738198471582223 ], [ -74.020362886338091, 4.738204536610112 ], [ -74.020392591844598, 4.738207745391207 ], [ -74.020392056747994, 4.738216813255349 ], [ -74.020305457430879, 4.73820282430097 ], [ -74.02021999305822, 4.7381830491085 ], [ -74.020136050338408, 4.738157578509515 ], [ -74.020054007886131, 4.738126525818586 ] ] ] } },
{ "type": "Feature", "properties": { "OBJECTID_1": 362, "id_interve": "1007074", "nomenclatu": "CL 163D ENTRE KR 4 BIS A Y KR 5", "tipo_inter": 1, "loccodigo": "01", "barrio_leg": "SANTA CECILIA I SECTOR", "numero_con": 668, "año_contr": 2021, "numero_c_1": 592, "año_con_1": 2021, "tipo_contr": 1, "estado_con": 1, "entidad_co": 1, "enlace_con": "https:\/\/community.secop.gov.co\/Public\/Tendering\/OpportunityDetail\/Index?noticeUID=CO1.NTC.2093229&isFromPublicArea=True&isModal=False", "id_element": 92074090, "tipo_eleme": 2, "funcion_el": 4, "area_eleme": 40.284941724600003, "SHAPE_Leng": 0.000400714704204, "Shape_Area": 3.2810701337000001e-09 }, "geometry": { "type": "Polygon", "coordinates": [ [ [ -74.021213950763183, 4.738066371965544 ], [ -74.021217500387309, 4.738044789135756 ], [ -74.021302492615916, 4.738060593821388 ], [ -74.021386399362825, 4.738081407730817 ], [ -74.021401462107747, 4.73808570738953 ], [ -74.021389127905877, 4.738089068156 ], [ -74.021376484337225, 4.738090933349952 ], [ -74.021358243388192, 4.738090956732322 ], [ -74.021340264141827, 4.738087882849584 ], [ -74.02123844379912, 4.738069721940178 ], [ -74.021213950763183, 4.738066371965544 ] ] ] } },
{ "type": "Feature", "properties": { "OBJECTID_1": 363, "id_interve": "1007074", "nomenclatu": "CL 163D ENTRE KR 4 BIS A Y KR 5", "tipo_inter": 1, "loccodigo": "01", "barrio_leg": "SANTA CECILIA I SECTOR", "numero_con": 668, "año_contr": 2021, "numero_c_1": 592, "año_con_1": 2021, "tipo_contr": 1, "estado_con": 1, "entidad_co": 1, "enlace_con": "https:\/\/community.secop.gov.co\/Public\/Tendering\/OpportunityDetail\/Index?noticeUID=CO1.NTC.2093229&isFromPublicArea=True&isModal=False", "id_element": 92074067, "tipo_eleme": 2, "funcion_el": 4, "area_eleme": 30.947436275699999, "SHAPE_Leng": 0.00040127347681000002, "Shape_Area": 2.5205823216499999e-09 }, "geometry": { "type": "Polygon", "coordinates": [ [ [ -74.021256635285454, 4.738135662930574 ], [ -74.021258029234616, 4.738133473081348 ], [ -74.021259752335652, 4.738131530545729 ], [ -74.021261759622462, 4.738129884786417 ], [ -74.021264002531666, 4.7381285762728 ], [ -74.021266423506574, 4.738127638279934 ], [ -74.021268961393389, 4.738127094190077 ], [ -74.021271554138877, 4.738126957493137 ], [ -74.021274136092472, 4.738127231786393 ], [ -74.021444402037503, 4.738162211816643 ], [ -74.021440970224546, 4.738179026440946 ], [ -74.02142892200709, 4.738174359858874 ], [ -74.021256635285454, 4.738135662930574 ] ] ] } },
{ "type": "Feature", "properties": { "OBJECTID_1": 364, "id_interve": "1000873", "nomenclatu": "KR 8 ENTRE CL 183B Y CL 184", "tipo_inter": 1, "loccodigo": "01", "barrio_leg": "TIBABITA", "numero_con": 668, "año_contr": 2021, "numero_c_1": 592, "año_con_1": 2021, "tipo_contr": 1, "estado_con": 1, "entidad_co": 1, "enlace_con": "https:\/\/community.secop.gov.co\/Public\/Tendering\/OpportunityDetail\/Index?noticeUID=CO1.NTC.2093229&isFromPublicArea=True&isModal=False", "id_element": 92053047, "tipo_eleme": 2, "funcion_el": 4, "area_eleme": 44.528792301700001, "SHAPE_Leng": 0.00051506016935299996, "Shape_Area": 3.6268198691599999e-09 }, "geometry": { "type": "Polygon", "coordinates": [ [ [ -74.02902177483503, 4.761231630835141 ], [ -74.029029321046266, 4.761013761975562 ], [ -74.029029812975466, 4.761010751944696 ], [ -74.029030810323604, 4.761007870516835 ], [ -74.02903228521177, 4.761005200429679 ], [ -74.029034192673805, 4.761002821722911 ], [ -74.02903647875047, 4.761000801845569 ], [ -74.029039075093181, 4.760999201951677 ], [ -74.029041906159023, 4.760998068805861 ], [ -74.02904488921024, 4.76099743388454 ], [ -74.02904428486579, 4.761014880732205 ], [ -74.029036780922638, 4.76123156428531 ], [ -74.029036255718609, 4.761246698076718 ], [ -74.029035755695531, 4.761246680989586 ], [ -74.029033259177538, 4.761246333851261 ], [ -74.029030857088344, 4.761245566729542 ], [ -74.029028621373755, 4.761244402107536 ], [ -74.029026615885584, 4.761242874159336 ], [ -74.029024899979106, 4.761241026951893 ], [ -74.029023523117075, 4.761238914444391 ], [ -74.029022525768937, 4.761236598690118 ], [ -74.029021937612299, 4.761234147138225 ], [ -74.02902177483503, 4.761231630835141 ] ] ] } },
{ "type": "Feature", "properties": { "OBJECTID_1": 365, "id_interve": "1000873", "nomenclatu": "KR 8 ENTRE CL 183B Y CL 184", "tipo_inter": 1, "loccodigo": "01", "barrio_leg": "TIBABITA", "numero_con": 668, "año_contr": 2021, "numero_c_1": 592, "año_con_1": 2021, "tipo_contr": 1, "estado_con": 1, "entidad_co": 1, "enlace_con": "https:\/\/community.secop.gov.co\/Public\/Tendering\/OpportunityDetail\/Index?noticeUID=CO1.NTC.2093229&isFromPublicArea=True&isModal=False", "id_element": 92053041, "tipo_eleme": 2, "funcion_el": 4, "area_eleme": 52.7437771138, "SHAPE_Leng": 0.00062305259193600002, "Shape_Area": 4.2959488466700003e-09 }, "geometry": { "type": "Polygon", "coordinates": [ [ [ -74.028955317633745, 4.76126752727464 ], [ -74.028965599582705, 4.760970640382823 ], [ -74.028970720322434, 4.760970819347904 ], [ -74.028980052587315, 4.760971144003122 ], [ -74.028969769739035, 4.761268030894939 ], [ -74.028960194657202, 4.761267697246467 ], [ -74.028955317633745, 4.76126752727464 ] ] ] } },
{ "type": "Feature", "properties": { "OBJECTID_1": 366, "id_interve": "1000873", "nomenclatu": "KR 8 ENTRE CL 183B Y CL 184", "tipo_inter": 1, "loccodigo": "01", "barrio_leg": "TIBABITA", "numero_con": 668, "año_contr": 2021, "numero_c_1": 592, "año_con_1": 2021, "tipo_contr": 1, "estado_con": 1, "entidad_co": 1, "enlace_con": "https:\/\/community.secop.gov.co\/Public\/Tendering\/OpportunityDetail\/Index?noticeUID=CO1.NTC.2093229&isFromPublicArea=True&isModal=False", "id_element": 138640, "tipo_eleme": 1, "funcion_el": 1, "area_eleme": 184.96533073800001, "SHAPE_Leng": 0.00069555757221799995, "Shape_Area": 1.5065349794700001e-08 }, "geometry": { "type": "Polygon", "coordinates": [ [ [ -74.028969769739035, 4.761268030894939 ], [ -74.028980052587315, 4.760971144003122 ], [ -74.02903073478052, 4.760972910271619 ], [ -74.029029904706306, 4.760996889794683 ], [ -74.029029321046266, 4.761013761975562 ], [ -74.02902177483503, 4.761231630835141 ], [ -74.029021270315354, 4.761246186362484 ], [ -74.029020452831617, 4.761269798062756 ], [ -74.028969769739035, 4.761268030894939 ] ] ] } },
{ "type": "Feature", "properties": { "OBJECTID_1": 367, "id_interve": "1000885", "nomenclatu": "KR 8 ENTRE CL 183A Y CL 183B", "tipo_inter": 1, "loccodigo": "01", "barrio_leg": "TIBABITA", "numero_con": 668, "año_contr": 2021, "numero_c_1": 592, "año_con_1": 2021, "tipo_contr": 1, "estado_con": 1, "entidad_co": 1, "enlace_con": "https:\/\/community.secop.gov.co\/Public\/Tendering\/OpportunityDetail\/Index?noticeUID=CO1.NTC.2093229&isFromPublicArea=True&isModal=False", "id_element": 529767, "tipo_eleme": 2, "funcion_el": 4, "area_eleme": 28.0810467485, "SHAPE_Leng": 0.00034523808228300001, "Shape_Area": 2.2871866116300002e-09 }, "geometry": { "type": "Polygon", "coordinates": [ [ [ -74.028965599582705, 4.760970640382823 ], [ -74.028971079151916, 4.76081244333966 ], [ -74.028976933738477, 4.760812757203041 ], [ -74.028985522264009, 4.760813217655937 ], [ -74.028980052587315, 4.760971144003122 ], [ -74.028970720322434, 4.760970819347904 ], [ -74.028965599582705, 4.760970640382823 ] ] ] } },
{ "type": "Feature", "properties": { "OBJECTID_1": 368, "id_interve": "1000885", "nomenclatu": "KR 8 ENTRE CL 183A Y CL 183B", "tipo_inter": 1, "loccodigo": "01", "barrio_leg": "TIBABITA", "numero_con": 668, "año_contr": 2021, "numero_c_1": 592, "año_con_1": 2021, "tipo_contr": 1, "estado_con": 1, "entidad_co": 1, "enlace_con": "https:\/\/community.secop.gov.co\/Public\/Tendering\/OpportunityDetail\/Index?noticeUID=CO1.NTC.2093229&isFromPublicArea=True&isModal=False", "id_element": 529766, "tipo_eleme": 2, "funcion_el": 4, "area_eleme": 24.036931132100001, "SHAPE_Leng": 0.00029123405396599999, "Shape_Area": 1.9577902550699999e-09 }, "geometry": { "type": "Polygon", "coordinates": [ [ [ -74.029032008220554, 4.760936166670831 ], [ -74.029032204272767, 4.760930508136482 ], [ -74.029036199960615, 4.760815117024094 ], [ -74.029048172635044, 4.760815525316275 ], [ -74.029051186263189, 4.760815627839008 ], [ -74.029047427097055, 4.760924149929622 ], [ -74.029046553855324, 4.760949380409613 ], [ -74.02904392153971, 4.760949017982853 ], [ -74.029041389048814, 4.760948212190272 ], [ -74.02903903192572, 4.760946984615714 ], [ -74.029036919418274, 4.760945373030609 ], [ -74.029035112680276, 4.760943424199695 ], [ -74.029033665671079, 4.760941195679663 ], [ -74.029032620658882, 4.760938753121025 ], [ -74.029032008220554, 4.760936166670831 ] ] ] } },
{ "type": "Feature", "properties": { "OBJECTID_1": 369, "id_interve": "1000885", "nomenclatu": "KR 8 ENTRE CL 183A Y CL 183B", "tipo_inter": 1, "loccodigo": "01", "barrio_leg": "TIBABITA", "numero_con": 668, "año_contr": 2021, "numero_c_1": 592, "año_con_1": 2021, "tipo_contr": 1, "estado_con": 1, "entidad_co": 1, "enlace_con": "https:\/\/community.secop.gov.co\/Public\/Tendering\/OpportunityDetail\/Index?noticeUID=CO1.NTC.2093229&isFromPublicArea=True&isModal=False", "id_element": 529765, "tipo_eleme": 1, "funcion_el": 1, "area_eleme": 98.305210700100005, "SHAPE_Leng": 0.00041733593662500001, "Shape_Area": 8.0069047360600003e-09 }, "geometry": { "type": "Polygon", "coordinates": [ [ [ -74.028980052587315, 4.760971144003122 ], [ -74.028985522264009, 4.760813217655937 ], [ -74.02899411078954, 4.760813678108832 ], [ -74.029036199960615, 4.760815117024094 ], [ -74.029032204272767, 4.760930508136482 ], [ -74.029032008220554, 4.760936166670831 ], [ -74.02903156575411, 4.760948929849292 ], [ -74.02903073478052, 4.760972910271619 ], [ -74.028980052587315, 4.760971144003122 ] ] ] } },
{ "type": "Feature", "properties": { "OBJECTID_1": 370, "id_interve": "18005546", "nomenclatu": "KR 5D ENTRE CL 51 S Y CL 51ABIS S", "tipo_inter": 1, "loccodigo": "18", "barrio_leg": "EL PORTAL II SECTOR", "numero_con": 866, "año_contr": 2021, "numero_c_1": 833, "año_con_1": 2021, "tipo_contr": 1, "estado_con": 1, "entidad_co": 1, "enlace_con": "https:\/\/community.secop.gov.co\/Public\/Tendering\/OpportunityDetail\/Index?noticeUID=CO1.NTC.2121907&isFromPublicArea=True&isModal=False", "id_element": 92069321, "tipo_eleme": 2, "funcion_el": 4, "area_eleme": 97.329777055999998, "SHAPE_Leng": 0.0008819900676, "Shape_Area": 7.9251616558100001e-09 }, "geometry": { "type": "Polygon", "coordinates": [ [ [ -74.115894988562843, 4.546741224727782 ], [ -74.11592685873751, 4.546723991918725 ], [ -74.115932215998953, 4.546740597900339 ], [ -74.115932093691129, 4.546740647363038 ], [ -74.115905829890096, 4.546751039928608 ], [ -74.115802773878897, 4.546832361124586 ], [ -74.115802656067672, 4.546832451056844 ], [ -74.115695357954394, 4.546908075946988 ], [ -74.115695250935062, 4.546908149691376 ], [ -74.115583928355591, 4.546977916397793 ], [ -74.115581305033174, 4.546978212274723 ], [ -74.115576347970034, 4.546966094809477 ], [ -74.1156893963485, 4.546886315051438 ], [ -74.115894988562843, 4.546741224727782 ] ] ] } },
{ "type": "Feature", "properties": { "OBJECTID_1": 371, "id_interve": "18005546", "nomenclatu": "KR 5D ENTRE CL 51 S Y CL 51ABIS S", "tipo_inter": 1, "loccodigo": "18", "barrio_leg": "EL PORTAL II SECTOR", "numero_con": 866, "año_contr": 2021, "numero_c_1": 833, "año_con_1": 2021, "tipo_contr": 1, "estado_con": 1, "entidad_co": 1, "enlace_con": "https:\/\/community.secop.gov.co\/Public\/Tendering\/OpportunityDetail\/Index?noticeUID=CO1.NTC.2121907&isFromPublicArea=True&isModal=False", "id_element": 91016527, "tipo_eleme": 1, "funcion_el": 1, "area_eleme": 163.25170372100001, "SHAPE_Leng": 0.00097824779342000007, "Shape_Area": 1.32928600293e-08 }, "geometry": { "type": "Polygon", "coordinates": [ [ [ -74.11556557858853, 4.547005664080189 ], [ -74.115554405411444, 4.546978348072344 ], [ -74.115558700573558, 4.546980146716464 ], [ -74.115563227760731, 4.546981235795442 ], [ -74.115567871859753, 4.546981585631727 ], [ -74.115572511462176, 4.546981188131383 ], [ -74.115577027857512, 4.546980054086248 ], [ -74.115581305033174, 4.546978212274723 ], [ -74.115583928355591, 4.546977916397793 ], [ -74.115695250935062, 4.546908149691376 ], [ -74.115695357954394, 4.546908075946988 ], [ -74.115802656067672, 4.546832451056844 ], [ -74.115802773878897, 4.546832361124586 ], [ -74.115905829890096, 4.546751039928608 ], [ -74.115932093691129, 4.546740647363038 ], [ -74.11594284688482, 4.546773978936017 ], [ -74.115911091823364, 4.54679498530038 ], [ -74.115571336947596, 4.547019741168185 ], [ -74.11556557858853, 4.547005664080189 ] ] ] } },
{ "type": "Feature", "properties": { "OBJECTID_1": 372, "id_interve": "18005654", "nomenclatu": "KR 5CBISB ENTRE CL 51B S Y CL 51ABIS S", "tipo_inter": 1, "loccodigo": "18", "barrio_leg": "EL PORTAL II SECTOR", "numero_con": 866, "año_contr": 2021, "numero_c_1": 833, "año_con_1": 2021, "tipo_contr": 1, "estado_con": 1, "entidad_co": 1, "enlace_con": "https:\/\/community.secop.gov.co\/Public\/Tendering\/OpportunityDetail\/Index?noticeUID=CO1.NTC.2121907&isFromPublicArea=True&isModal=False", "id_element": 422569, "tipo_eleme": 2, "funcion_el": 4, "area_eleme": 90.920519207799998, "SHAPE_Leng": 0.00109354720411, "Shape_Area": 7.4032706117599999e-09 }, "geometry": { "type": "Polygon", "coordinates": [ [ [ -74.116258248119607, 4.54619973662858 ], [ -74.11626072305387, 4.546198367860427 ], [ -74.116268488699745, 4.546208192054451 ], [ -74.11624822877269, 4.546226038201155 ], [ -74.115920162385521, 4.546488831794193 ], [ -74.115853808606346, 4.546546895622782 ], [ -74.115849281419173, 4.546531605349344 ], [ -74.115890450583777, 4.546495245759047 ], [ -74.116123514388619, 4.546308362141247 ], [ -74.11612364568964, 4.546308254222595 ], [ -74.116247461650971, 4.546208104820209 ], [ -74.116247519207604, 4.546208059854109 ], [ -74.116256018700255, 4.546201478615387 ], [ -74.116258248119607, 4.54619973662858 ] ] ] } },
{ "type": "Feature", "properties": { "OBJECTID_1": 373, "id_interve": "18005654", "nomenclatu": "KR 5CBISB ENTRE CL 51B S Y CL 51ABIS S", "tipo_inter": 1, "loccodigo": "18", "barrio_leg": "EL PORTAL II SECTOR", "numero_con": 866, "año_contr": 2021, "numero_c_1": 833, "año_con_1": 2021, "tipo_contr": 1, "estado_con": 1, "entidad_co": 1, "enlace_con": "https:\/\/community.secop.gov.co\/Public\/Tendering\/OpportunityDetail\/Index?noticeUID=CO1.NTC.2121907&isFromPublicArea=True&isModal=False", "id_element": 422567, "tipo_eleme": 2, "funcion_el": 4, "area_eleme": 89.316471340800007, "SHAPE_Leng": 0.00098462817286999998, "Shape_Area": 7.2726368563500001e-09 }, "geometry": { "type": "Polygon", "coordinates": [ [ [ -74.116198475579154, 4.546186109201642 ], [ -74.116203664667353, 4.546181641369685 ], [ -74.116211692915272, 4.546191901734915 ], [ -74.116209542636227, 4.546196604289889 ], [ -74.116209516555898, 4.546196655551284 ], [ -74.116206753838583, 4.546201047840157 ], [ -74.116206733154172, 4.546201079316404 ], [ -74.116203387676137, 4.546205092091384 ], [ -74.116055894363967, 4.546321452672942 ], [ -74.115938620970553, 4.546413973126391 ], [ -74.115903598672105, 4.546441602098298 ], [ -74.115873901259476, 4.546465322616598 ], [ -74.11583903364442, 4.546495728694993 ], [ -74.115834697113542, 4.54648324430633 ], [ -74.115938078679335, 4.546395840995331 ], [ -74.116198475579154, 4.546186109201642 ] ] ] } },
{ "type": "Feature", "properties": { "OBJECTID_1": 374, "id_interve": "18005654", "nomenclatu": "KR 5CBISB ENTRE CL 51B S Y CL 51ABIS S", "tipo_inter": 1, "loccodigo": "18", "barrio_leg": "EL PORTAL II SECTOR", "numero_con": 866, "año_contr": 2021, "numero_c_1": 833, "año_con_1": 2021, "tipo_contr": 1, "estado_con": 1, "entidad_co": 1, "enlace_con": "https:\/\/community.secop.gov.co\/Public\/Tendering\/OpportunityDetail\/Index?noticeUID=CO1.NTC.2121907&isFromPublicArea=True&isModal=False", "id_element": 422568, "tipo_eleme": 1, "funcion_el": 1, "area_eleme": 203.40349976100001, "SHAPE_Leng": 0.0011226162960900001, "Shape_Area": 1.6562177791600001e-08 }, "geometry": { "type": "Polygon", "coordinates": [ [ [ -74.11583903364442, 4.546495728694993 ], [ -74.115873901259476, 4.546465322616598 ], [ -74.115903598672105, 4.546441602098298 ], [ -74.115938620970553, 4.546413973126391 ], [ -74.116055894363967, 4.546321452672942 ], [ -74.116203387676137, 4.546205092091384 ], [ -74.116206733154172, 4.546201079316404 ], [ -74.116206753838583, 4.546201047840157 ], [ -74.116209516555898, 4.546196655551284 ], [ -74.116209542636227, 4.546196604289889 ], [ -74.116211692915272, 4.546191901734915 ], [ -74.116213430405423, 4.546185926639225 ], [ -74.116213436700718, 4.546185885270461 ], [ -74.116214207419716, 4.546179752793421 ], [ -74.116214207419716, 4.546179722216436 ], [ -74.11621400057561, 4.54617353218282 ], [ -74.116213996079011, 4.546173505203171 ], [ -74.116212816168513, 4.54616742308815 ], [ -74.11621280267866, 4.546167379920689 ], [ -74.116210686573879, 4.546161576595523 ], [ -74.116229074112425, 4.546184840258206 ], [ -74.116247461650971, 4.546208104820209 ], [ -74.11612364568964, 4.546308254222595 ], [ -74.116123514388619, 4.546308362141247 ], [ -74.115890450583777, 4.546495245759047 ], [ -74.115849281419173, 4.546531605349344 ], [ -74.11583903364442, 4.546495728694993 ] ] ] } },
{ "type": "Feature", "properties": { "OBJECTID_1": 375, "id_interve": "18005655", "nomenclatu": "CL 51B S ENTRE KR 5CBISB Y KR 5D", "tipo_inter": 1, "loccodigo": "18", "barrio_leg": "EL PORTAL II SECTOR", "numero_con": 866, "año_contr": 2021, "numero_c_1": 833, "año_con_1": 2021, "tipo_contr": 1, "estado_con": 1, "entidad_co": 1, "enlace_con": "https:\/\/community.secop.gov.co\/Public\/Tendering\/OpportunityDetail\/Index?noticeUID=CO1.NTC.2121907&isFromPublicArea=True&isModal=False", "id_element": 422572, "tipo_eleme": 2, "funcion_el": 4, "area_eleme": 17.515773364499999, "SHAPE_Leng": 0.000232436778442, "Shape_Area": 1.42622687379e-09 }, "geometry": { "type": "Polygon", "coordinates": [ [ [ -74.116268488699745, 4.546208192054451 ], [ -74.11626072305387, 4.546198367860427 ], [ -74.116263575703442, 4.546197355223796 ], [ -74.116263686320053, 4.546197329143467 ], [ -74.11626655965398, 4.546196836315005 ], [ -74.116269585872658, 4.54619683001971 ], [ -74.116272521259816, 4.54619732194891 ], [ -74.116272570722515, 4.546197331841427 ], [ -74.116275393694423, 4.546198318397728 ], [ -74.116275428768006, 4.546198330988204 ], [ -74.116277984641215, 4.546199740225859 ], [ -74.116278079070071, 4.546199798681812 ], [ -74.116280446985002, 4.546201691754732 ], [ -74.116334505233169, 4.546264262985403 ], [ -74.116335802055573, 4.546265721685756 ], [ -74.116335856014928, 4.546265786436948 ], [ -74.116337070099689, 4.546267421404423 ], [ -74.11632949780801, 4.54628186001986 ], [ -74.116277407276471, 4.546218959637315 ], [ -74.116268978830249, 4.546208783808368 ], [ -74.116268488699745, 4.546208192054451 ] ] ] } },
{ "type": "Feature", "properties": { "OBJECTID_1": 376, "id_interve": "18005655", "nomenclatu": "CL 51B S ENTRE KR 5CBISB Y KR 5D", "tipo_inter": 1, "loccodigo": "18", "barrio_leg": "EL PORTAL II SECTOR", "numero_con": 866, "año_contr": 2021, "numero_c_1": 833, "año_con_1": 2021, "tipo_contr": 1, "estado_con": 1, "entidad_co": 1, "enlace_con": "https:\/\/community.secop.gov.co\/Public\/Tendering\/OpportunityDetail\/Index?noticeUID=CO1.NTC.2121907&isFromPublicArea=True&isModal=False", "id_element": 422570, "tipo_eleme": 2, "funcion_el": 4, "area_eleme": 41.044252396600001, "SHAPE_Leng": 0.00037313097508499999, "Shape_Area": 3.3420484082200002e-09 }, "geometry": { "type": "Polygon", "coordinates": [ [ [ -74.116362466954229, 4.54624102000713 ], [ -74.116362362632913, 4.546240934571529 ], [ -74.116312336944759, 4.546198806729592 ], [ -74.116312285683421, 4.546198760864172 ], [ -74.116263656642388, 4.546154915317118 ], [ -74.116276600584627, 4.546143715160383 ], [ -74.116276721993074, 4.54614381588442 ], [ -74.116317324584827, 4.546178140308996 ], [ -74.116360391318949, 4.546210909805666 ], [ -74.116401948990699, 4.546244253069858 ], [ -74.116394370403839, 4.546266423156965 ], [ -74.116362466954229, 4.54624102000713 ] ] ] } },
{ "type": "Feature", "properties": { "OBJECTID_1": 377, "id_interve": "18005655", "nomenclatu": "CL 51B S ENTRE KR 5CBISB Y KR 5D", "tipo_inter": 1, "loccodigo": "18", "barrio_leg": "EL PORTAL II SECTOR", "numero_con": 866, "año_contr": 2021, "numero_c_1": 833, "año_con_1": 2021, "tipo_contr": 1, "estado_con": 1, "entidad_co": 1, "enlace_con": "https:\/\/community.secop.gov.co\/Public\/Tendering\/OpportunityDetail\/Index?noticeUID=CO1.NTC.2121907&isFromPublicArea=True&isModal=False", "id_element": 422571, "tipo_eleme": 1, "funcion_el": 1, "area_eleme": 57.213942381800003, "SHAPE_Leng": 0.00039295985256299998, "Shape_Area": 4.6586363652300002e-09 }, "geometry": { "type": "Polygon", "coordinates": [ [ [ -74.116272521259816, 4.54619732194891 ], [ -74.116269585872658, 4.54619683001971 ], [ -74.11626655965398, 4.546196836315005 ], [ -74.116263686320053, 4.546197329143467 ], [ -74.116263575703442, 4.546197355223796 ], [ -74.11626072305387, 4.546198367860427 ], [ -74.116258248119607, 4.54619973662858 ], [ -74.116256018700255, 4.546201478615387 ], [ -74.116247519207604, 4.546208059854109 ], [ -74.116247461650971, 4.546208104820209 ], [ -74.116229074112425, 4.546184840258206 ], [ -74.116263656642388, 4.546154915317118 ], [ -74.116312285683421, 4.546198760864172 ], [ -74.116312336944759, 4.546198806729592 ], [ -74.116362362632913, 4.546240934571529 ], [ -74.116362466954229, 4.54624102000713 ], [ -74.116340866138046, 4.546282206258866 ], [ -74.116340881426481, 4.54627831759035 ], [ -74.116340876030563, 4.546278277120848 ], [ -74.116340241109185, 4.54627448467977 ], [ -74.116338955078675, 4.546270817244476 ], [ -74.116338937092223, 4.546270781271573 ], [ -74.116337070099689, 4.546267421404423 ], [ -74.116335856014928, 4.546265786436948 ], [ -74.116335802055573, 4.546265721685756 ], [ -74.116334505233169, 4.546264262985403 ], [ -74.116280446985002, 4.546201691754732 ], [ -74.116278079070071, 4.546199798681812 ], [ -74.116277984641215, 4.546199740225859 ], [ -74.116275428768006, 4.546198330988204 ], [ -74.116275393694423, 4.546198318397728 ], [ -74.116272570722515, 4.546197331841427 ], [ -74.116272521259816, 4.54619732194891 ] ] ] } },
{ "type": "Feature", "properties": { "OBJECTID_1": 378, "id_interve": "18005683", "nomenclatu": "CL 51B S ENTRE KR 5CBISB Y KR 5C", "tipo_inter": 1, "loccodigo": "18", "barrio_leg": "EL PORTAL II SECTOR", "numero_con": 866, "año_contr": 2021, "numero_c_1": 833, "año_con_1": 2021, "tipo_contr": 1, "estado_con": 1, "entidad_co": 1, "enlace_con": "https:\/\/community.secop.gov.co\/Public\/Tendering\/OpportunityDetail\/Index?noticeUID=CO1.NTC.2121907&isFromPublicArea=True&isModal=False", "id_element": 422639, "tipo_eleme": 2, "funcion_el": 4, "area_eleme": 32.7207229224, "SHAPE_Leng": 0.00047785320963899999, "Shape_Area": 2.6643111653800001e-09 }, "geometry": { "type": "Polygon", "coordinates": [ [ [ -74.116187473273214, 4.54607981563106 ], [ -74.116115533804816, 4.546000614137085 ], [ -74.116114056218692, 4.545996557295325 ], [ -74.116130425678591, 4.545982651078532 ], [ -74.116152942004646, 4.546031945617869 ], [ -74.116172251348303, 4.546050915017759 ], [ -74.116192841326551, 4.546071141669927 ], [ -74.116235837014244, 4.546109632653497 ], [ -74.116276600584627, 4.546143715160383 ], [ -74.116263656642388, 4.546154915317118 ], [ -74.116187473273214, 4.54607981563106 ] ] ] } },
{ "type": "Feature", "properties": { "OBJECTID_1": 379, "id_interve": "18005683", "nomenclatu": "CL 51B S ENTRE KR 5CBISB Y KR 5C", "tipo_inter": 1, "loccodigo": "18", "barrio_leg": "EL PORTAL II SECTOR", "numero_con": 866, "año_contr": 2021, "numero_c_1": 833, "año_con_1": 2021, "tipo_contr": 1, "estado_con": 1, "entidad_co": 1, "enlace_con": "https:\/\/community.secop.gov.co\/Public\/Tendering\/OpportunityDetail\/Index?noticeUID=CO1.NTC.2121907&isFromPublicArea=True&isModal=False", "id_element": 422641, "tipo_eleme": 2, "funcion_el": 4, "area_eleme": 46.766644994899998, "SHAPE_Leng": 0.00047715888865300002, "Shape_Area": 3.8079548234400004e-09 }, "geometry": { "type": "Polygon", "coordinates": [ [ [ -74.116071160355716, 4.546012302625741 ], [ -74.116082270580307, 4.546003735683882 ], [ -74.116086036940999, 4.546005784339513 ], [ -74.116086084605058, 4.546005812218482 ], [ -74.116089591961043, 4.546008374387043 ], [ -74.116210686573879, 4.546161576595523 ], [ -74.11621280267866, 4.546167379920689 ], [ -74.116212816168513, 4.54616742308815 ], [ -74.116213996079011, 4.546173505203171 ], [ -74.11621400057561, 4.54617353218282 ], [ -74.116214207419716, 4.546179722216436 ], [ -74.116214207419716, 4.546179752793421 ], [ -74.116213436700718, 4.546185885270461 ], [ -74.116213430405423, 4.546185926639225 ], [ -74.116211692915272, 4.546191901734915 ], [ -74.116203664667353, 4.546181641369685 ], [ -74.116071160355716, 4.546012302625741 ] ] ] } },
{ "type": "Feature", "properties": { "OBJECTID_1": 380, "id_interve": "18005683", "nomenclatu": "CL 51B S ENTRE KR 5CBISB Y KR 5C", "tipo_inter": 1, "loccodigo": "18", "barrio_leg": "EL PORTAL II SECTOR", "numero_con": 866, "año_contr": 2021, "numero_c_1": 833, "año_con_1": 2021, "tipo_contr": 1, "estado_con": 1, "entidad_co": 1, "enlace_con": "https:\/\/community.secop.gov.co\/Public\/Tendering\/OpportunityDetail\/Index?noticeUID=CO1.NTC.2121907&isFromPublicArea=True&isModal=False", "id_element": 422640, "tipo_eleme": 3, "funcion_el": 2, "area_eleme": 101.257222086, "SHAPE_Leng": 0.00061024907609299995, "Shape_Area": 8.24496776619e-09 }, "geometry": { "type": "Polygon", "coordinates": [ [ [ -74.116072313286566, 4.546000958577451 ], [ -74.116067132292301, 4.546000794001486 ], [ -74.116061989069522, 4.546001445110676 ], [ -74.116090567725507, 4.545986192608723 ], [ -74.116119150878092, 4.545970944603482 ], [ -74.116116664252615, 4.545974663300115 ], [ -74.116116643568205, 4.545974693877042 ], [ -74.116114760387859, 4.545978780396467 ], [ -74.116113543605138, 4.545983083652459 ], [ -74.116113531014605, 4.545983135813117 ], [ -74.116113006709838, 4.545987514612136 ], [ -74.116112998615961, 4.545987618034189 ], [ -74.116113173983763, 4.545992074174933 ], [ -74.116113177581042, 4.545992129932927 ], [ -74.116114056218692, 4.545996557295325 ], [ -74.116115533804816, 4.546000614137085 ], [ -74.116187473273214, 4.54607981563106 ], [ -74.116263656642388, 4.546154915317118 ], [ -74.116229074112425, 4.546184840258206 ], [ -74.116210686573879, 4.546161576595523 ], [ -74.116089591961043, 4.546008374387043 ], [ -74.116086084605058, 4.546005812218482 ], [ -74.116086036940999, 4.546005784339513 ], [ -74.116082270580307, 4.546003735683882 ], [ -74.116077401650728, 4.546001949630295 ], [ -74.116072313286566, 4.546000958577451 ] ] ] } },
{ "type": "Feature", "properties": { "OBJECTID_1": 381, "id_interve": "3001783", "nomenclatu": "KR 2A E ENTRE CL 1 BIS C  Y CL 1 BIS D", "tipo_inter": 1, "loccodigo": "03", "barrio_leg": "EL MIRADOR", "numero_con": 879, "año_contr": 2021, "numero_c_1": 832, "año_con_1": 2021, "tipo_contr": 1, "estado_con": 1, "entidad_co": 1, "enlace_con": "https:\/\/community.secop.gov.co\/Public\/Tendering\/OpportunityDetail\/Index?noticeUID=CO1.NTC.2121907&isFromPublicArea=True&isModal=False", "id_element": 92058842, "tipo_eleme": 2, "funcion_el": 4, "area_eleme": 110.369198489, "SHAPE_Leng": 0.00058109912872099996, "Shape_Area": 8.9872514084999992e-09 }, "geometry": { "type": "Polygon", "coordinates": [ [ [ -74.075900193738903, 4.581722467318059 ], [ -74.075906619394914, 4.581707893804321 ], [ -74.07591979895949, 4.581713864403355 ], [ -74.075938715299458, 4.58172652056254 ], [ -74.075941416862861, 4.581730136736496 ], [ -74.075938714400138, 4.581739176721669 ], [ -74.075861229711961, 4.581878377385237 ], [ -74.075832749082053, 4.581921389260742 ], [ -74.07581349909367, 4.58195046164451 ], [ -74.075790834379461, 4.581939070831481 ], [ -74.075802244977581, 4.581922427977702 ], [ -74.075833246407171, 4.581860656244316 ], [ -74.075854051323347, 4.581815534559325 ], [ -74.07587794271285, 4.58176688393462 ], [ -74.075892105236449, 4.581738620940655 ], [ -74.075900137081646, 4.581722592323842 ], [ -74.075900193738903, 4.581722467318059 ] ] ] } },
{ "type": "Feature", "properties": { "OBJECTID_1": 382, "id_interve": "3001784", "nomenclatu": "CL 1 BIS C ENTRE KR 1A E Y KR 2A E", "tipo_inter": 1, "loccodigo": "03", "barrio_leg": "EL MIRADOR", "numero_con": 879, "año_contr": 2021, "numero_c_1": 832, "año_con_1": 2021, "tipo_contr": 1, "estado_con": 1, "entidad_co": 1, "enlace_con": "https:\/\/community.secop.gov.co\/Public\/Tendering\/OpportunityDetail\/Index?noticeUID=CO1.NTC.2121907&isFromPublicArea=True&isModal=False", "id_element": 92088231, "tipo_eleme": 2, "funcion_el": 4, "area_eleme": 214.77588365899999, "SHAPE_Leng": 0.0016218033001300001, "Shape_Area": 1.74889605311e-08 }, "geometry": { "type": "Polygon", "coordinates": [ [ [ -74.076386420297013, 4.581857311665658 ], [ -74.076325012789084, 4.5818264172554 ], [ -74.076239441397092, 4.581783364011073 ], [ -74.076228718780328, 4.581777969877464 ], [ -74.076099146258571, 4.581712778921656 ], [ -74.076080758720025, 4.581703413381888 ], [ -74.076061429591277, 4.581696206214986 ], [ -74.076055861888449, 4.581694563153633 ], [ -74.076042476379143, 4.581691340882742 ], [ -74.076026904617891, 4.581688802995927 ], [ -74.076011171878065, 4.581687643769783 ], [ -74.076008174437675, 4.581687602400962 ], [ -74.076002066242324, 4.581687654561676 ], [ -74.075992974096437, 4.581688153685377 ], [ -74.075987100624161, 4.581688751734532 ], [ -74.075973304124659, 4.581692951568527 ], [ -74.075961558978747, 4.581696023652626 ], [ -74.075945952143911, 4.581691286024068 ], [ -74.075938636159094, 4.581688275093882 ], [ -74.0759484999233, 4.58167260890383 ], [ -74.075956395970877, 4.581672765385861 ], [ -74.075961070646827, 4.58167166101839 ], [ -74.075973001952434, 4.581667530432242 ], [ -74.075982043736303, 4.581664777607443 ], [ -74.076010570231574, 4.581663217283676 ], [ -74.076027957724023, 4.581664363019968 ], [ -74.076061433188556, 4.581670787776659 ], [ -74.076076265707059, 4.581675395003515 ], [ -74.076089789712, 4.581687114968418 ], [ -74.076088007255692, 4.581690277884093 ], [ -74.076105937938621, 4.581702121056082 ], [ -74.076111567694682, 4.581693832904136 ], [ -74.076215458276749, 4.581745986388228 ], [ -74.076261204990601, 4.581768998240705 ], [ -74.076276257843006, 4.581776569633007 ], [ -74.076326631568747, 4.581801909830347 ], [ -74.076335355891899, 4.581806299421203 ], [ -74.07639346018999, 4.581835516595845 ], [ -74.076401517216198, 4.58183922629928 ], [ -74.076410040091218, 4.581842027687458 ], [ -74.076418324645942, 4.58184379935193 ], [ -74.076445777350727, 4.581847338184161 ], [ -74.076463376183824, 4.581849578395349 ], [ -74.076488398021127, 4.581850446241162 ], [ -74.076514792223861, 4.581849593683842 ], [ -74.076570460258495, 4.581848114299078 ], [ -74.076607723667451, 4.581846676283135 ], [ -74.076637227725826, 4.581845367769574 ], [ -74.076650892924306, 4.581843477394614 ], [ -74.076664254151979, 4.581840045581714 ], [ -74.076675155733824, 4.581836055289784 ], [ -74.076674751938185, 4.581834297115165 ], [ -74.076680742322367, 4.581829752840861 ], [ -74.07667284267751, 4.58186096291314 ], [ -74.076667708447928, 4.581862692309471 ], [ -74.076651056600952, 4.581866444281047 ], [ -74.076644807212062, 4.581867291442393 ], [ -74.076638537138763, 4.581867999208839 ], [ -74.076630216611193, 4.581868418292913 ], [ -74.07659502883746, 4.581870041569232 ], [ -74.076521597393764, 4.581872241310919 ], [ -74.076484959013612, 4.581872924795675 ], [ -74.07646212432752, 4.581871983205531 ], [ -74.076418957768624, 4.581866589071865 ], [ -74.076402310418246, 4.581863291257946 ], [ -74.076391417829655, 4.581859193047364 ], [ -74.076386420297013, 4.581857311665658 ] ] ] } },
{ "type": "Feature", "properties": { "OBJECTID_1": 383, "id_interve": "3001784", "nomenclatu": "CL 1 BIS C ENTRE KR 1A E Y KR 2A E", "tipo_inter": 1, "loccodigo": "03", "barrio_leg": "EL MIRADOR", "numero_con": 879, "año_contr": 2021, "numero_c_1": 832, "año_con_1": 2021, "tipo_contr": 1, "estado_con": 1, "entidad_co": 1, "enlace_con": "https:\/\/community.secop.gov.co\/Public\/Tendering\/OpportunityDetail\/Index?noticeUID=CO1.NTC.2121907&isFromPublicArea=True&isModal=False", "id_element": 92088230, "tipo_eleme": 2, "funcion_el": 4, "area_eleme": 529.98529057500002, "SHAPE_Leng": 0.00154913115712, "Shape_Area": 4.3156286382e-08 }, "geometry": { "type": "Polygon", "coordinates": [ [ [ -74.076592330871335, 4.582037031284017 ], [ -74.07657734906536, 4.582032597626323 ], [ -74.07656273778008, 4.582028385201852 ], [ -74.076546846759527, 4.582022113329913 ], [ -74.076528015855217, 4.582014684929788 ], [ -74.076508153428506, 4.582006861727336 ], [ -74.076500431849411, 4.582003527041195 ], [ -74.076489020351971, 4.581998668903509 ], [ -74.076459319342064, 4.581985915617565 ], [ -74.076432333385412, 4.581974360228571 ], [ -74.076407944670848, 4.581963697866399 ], [ -74.076356405423724, 4.581944664614639 ], [ -74.076357125780703, 4.581943140263775 ], [ -74.076318433349002, 4.581926046849617 ], [ -74.076312028377345, 4.581923216683151 ], [ -74.076308456270226, 4.581921006149571 ], [ -74.076258942296306, 4.581897709211944 ], [ -74.076260328151591, 4.581893421244445 ], [ -74.076210819573646, 4.581872342035012 ], [ -74.076183991897665, 4.581860220073168 ], [ -74.076182130301049, 4.581859382804339 ], [ -74.076169692677126, 4.581853789021181 ], [ -74.076115340350611, 4.581829341850721 ], [ -74.07611588084319, 4.581827617850308 ], [ -74.076069781595095, 4.581805799398182 ], [ -74.076043257889978, 4.581792291581053 ], [ -74.07603371158649, 4.581787442436564 ], [ -74.076031862580351, 4.581787104291493 ], [ -74.076027353379629, 4.581784828107402 ], [ -74.076023799258905, 4.581783438654838 ], [ -74.076020047287329, 4.581782748874787 ], [ -74.076018237851372, 4.58178269221753 ], [ -74.07598692165908, 4.581751203355395 ], [ -74.075986988208911, 4.581751100832662 ], [ -74.075988678035003, 4.581750351697394 ], [ -74.076000264900244, 4.58174521387059 ], [ -74.076016969807256, 4.581741291927131 ], [ -74.076034118080031, 4.581740767622364 ], [ -74.076048229342291, 4.581742902612916 ], [ -74.076059927723463, 4.581745498955684 ], [ -74.076070885063245, 4.581749437986218 ], [ -74.076081270434258, 4.58175471071138 ], [ -74.076181282240327, 4.581804086189663 ], [ -74.076243447876777, 4.581835350221297 ], [ -74.076268941858132, 4.581848170956391 ], [ -74.076271704575447, 4.581849560408955 ], [ -74.076290996831972, 4.581859263194474 ], [ -74.076321820195801, 4.581874763909298 ], [ -74.076370407868012, 4.581899200287921 ], [ -74.076401817589783, 4.58191291584842 ], [ -74.076453170677269, 4.581920446771278 ], [ -74.076485800779039, 4.5819187308648 ], [ -74.07650013956976, 4.581917977232933 ], [ -74.076509553672906, 4.581917481706455 ], [ -74.07661146484719, 4.5819146272583 ], [ -74.076620788118817, 4.58191561741188 ], [ -74.076629831701325, 4.581918091446823 ], [ -74.076640388842804, 4.581922457655367 ], [ -74.076648899127349, 4.581926823863853 ], [ -74.076655784336936, 4.581930976933108 ], [ -74.076656191729853, 4.581931259320186 ], [ -74.07665649839862, 4.581936181309743 ], [ -74.076652927190821, 4.581946209649914 ], [ -74.076652712252837, 4.581946865255702 ], [ -74.076652569260602, 4.581947376969936 ], [ -74.07663467185256, 4.582016829812915 ], [ -74.076628714743379, 4.582015468239319 ], [ -74.076622555286633, 4.582033287406318 ], [ -74.076620863661901, 4.582032851235169 ], [ -74.076620414900162, 4.582034601315854 ], [ -74.076617948959154, 4.582044223162427 ], [ -74.076617857228314, 4.582044584689868 ], [ -74.076592330871335, 4.582037031284017 ] ] ] } },
{ "type": "Feature", "properties": { "OBJECTID_1": 384, "id_interve": "5008344", "nomenclatu": "KR 13 C ESTE ENTRE CL 73 SUR Y CL 73 A SUR", "tipo_inter": 1, "loccodigo": "04", "barrio_leg": "JUAN REY", "numero_con": 879, "año_contr": 2021, "numero_c_1": 832, "año_con_1": 2021, "tipo_contr": 1, "estado_con": 1, "entidad_co": 1, "enlace_con": "https:\/\/community.secop.gov.co\/Public\/Tendering\/OpportunityDetail\/Index?noticeUID=CO1.NTC.2121907&isFromPublicArea=True&isModal=False", "id_element": 92088228, "tipo_eleme": 2, "funcion_el": 4, "area_eleme": 90.495980711800001, "SHAPE_Leng": 0.00180998803835, "Shape_Area": 7.3685205811899996e-09 }, "geometry": { "type": "Polygon", "coordinates": [ [ [ -74.092009996863851, 4.517999958731139 ], [ -74.092011010399744, 4.518022982274886 ], [ -74.092034452128246, 4.518555790117659 ], [ -74.092036884794368, 4.518611083134999 ], [ -74.092040118756415, 4.518684601812993 ], [ -74.092040752778473, 4.518699002656888 ], [ -74.092048682100938, 4.518879231291521 ], [ -74.092048909629455, 4.51888442037972 ], [ -74.092049435732861, 4.518896368772459 ], [ -74.09203956567336, 4.518896556730738 ], [ -74.092034980929611, 4.518786611013354 ], [ -74.092030280173276, 4.518673714620263 ], [ -74.092026782709809, 4.518589674773693 ], [ -74.092025342895226, 4.518555055371564 ], [ -74.092020878660605, 4.518447783338559 ], [ -74.092019890305664, 4.518420683168017 ], [ -74.092018992782243, 4.518395364554465 ], [ -74.092018990084284, 4.518395313293126 ], [ -74.092017104205979, 4.518342134581872 ], [ -74.092017103306659, 4.518342100407665 ], [ -74.092015212032379, 4.518289733784229 ], [ -74.09201521023374, 4.518289680724251 ], [ -74.09201320384625, 4.518234579262469 ], [ -74.092012229880481, 4.518207477293288 ], [ -74.09201126580723, 4.518180403203075 ], [ -74.09200930528516, 4.518127057217953 ], [ -74.09200930438584, 4.518127023043746 ], [ -74.092007355554983, 4.518072873064682 ], [ -74.092005758359051, 4.518029128241722 ], [ -74.092003615274564, 4.518021481306391 ], [ -74.092004946271231, 4.5180068943028 ], [ -74.092004602730185, 4.518000145790154 ], [ -74.092009996863851, 4.517999958731139 ] ] ] } },
{ "type": "Feature", "properties": { "OBJECTID_1": 385, "id_interve": "5008344", "nomenclatu": "KR 13 C ESTE ENTRE CL 73 SUR Y CL 73 A SUR", "tipo_inter": 1, "loccodigo": "04", "barrio_leg": "JUAN REY", "numero_con": 879, "año_contr": 2021, "numero_c_1": 832, "año_con_1": 2021, "tipo_contr": 1, "estado_con": 1, "entidad_co": 1, "enlace_con": "https:\/\/community.secop.gov.co\/Public\/Tendering\/OpportunityDetail\/Index?noticeUID=CO1.NTC.2121907&isFromPublicArea=True&isModal=False", "id_element": 92088229, "tipo_eleme": 2, "funcion_el": 4, "area_eleme": 187.05944558300001, "SHAPE_Leng": 0.0018576110874, "Shape_Area": 1.5231028387599998e-08 }, "geometry": { "type": "Polygon", "coordinates": [ [ [ -74.09204673686736, 4.517998678995866 ], [ -74.092058571945472, 4.517998267106407 ], [ -74.092064615389631, 4.517998055765702 ], [ -74.092064597403237, 4.518001510061708 ], [ -74.09206452815539, 4.518014757974754 ], [ -74.092064487685946, 4.518022425594495 ], [ -74.092064477793372, 4.518024515618947 ], [ -74.092064189110999, 4.518080152177333 ], [ -74.092063986763549, 4.518119020876156 ], [ -74.092063896831348, 4.518152467562402 ], [ -74.092063778120803, 4.518196722300956 ], [ -74.092063702577775, 4.51822447627859 ], [ -74.092063365332024, 4.518349577371168 ], [ -74.092063109025219, 4.518444443256499 ], [ -74.092069140778165, 4.518444267888697 ], [ -74.092088327814054, 4.518443713007002 ], [ -74.092090944841175, 4.518497103058905 ], [ -74.092093644605995, 4.518552178440359 ], [ -74.092099399367726, 4.518669539967334 ], [ -74.092101382372846, 4.518710526569578 ], [ -74.092102365331868, 4.518730829664094 ], [ -74.092104862749181, 4.518782455246139 ], [ -74.092109970898377, 4.518886465438072 ], [ -74.092110187635001, 4.518895210445635 ], [ -74.092092354978149, 4.518895550389402 ], [ -74.092091551883584, 4.518884450057385 ], [ -74.092091346838174, 4.518881610897665 ], [ -74.092059709587886, 4.518443911757174 ], [ -74.092051428630498, 4.51815971070215 ], [ -74.092051105773862, 4.51814862206129 ], [ -74.092047173937885, 4.518013671593735 ], [ -74.09204673686736, 4.517998678995866 ] ] ] } },
{ "type": "Feature", "properties": { "OBJECTID_1": 386, "id_interve": "5008344", "nomenclatu": "KR 13 C ESTE ENTRE CL 73 SUR Y CL 73 A SUR", "tipo_inter": 1, "loccodigo": "04", "barrio_leg": "JUAN REY", "numero_con": 879, "año_contr": 2021, "numero_c_1": 832, "año_con_1": 2021, "tipo_contr": 1, "estado_con": 1, "entidad_co": 1, "enlace_con": "https:\/\/community.secop.gov.co\/Public\/Tendering\/OpportunityDetail\/Index?noticeUID=CO1.NTC.2121907&isFromPublicArea=True&isModal=False", "id_element": 534247, "tipo_eleme": 1, "funcion_el": 1, "area_eleme": 401.05308265999997, "SHAPE_Leng": 0.0019927745174500001, "Shape_Area": 3.2654275581299998e-08 }, "geometry": { "type": "Polygon", "coordinates": [ [ [ -74.092049435732861, 4.518896368772459 ], [ -74.092048909629455, 4.51888442037972 ], [ -74.092048682100938, 4.518879231291521 ], [ -74.092040752778473, 4.518699002656888 ], [ -74.092040118756415, 4.518684601812993 ], [ -74.092036884794368, 4.518611083134999 ], [ -74.092034452128246, 4.518555790117659 ], [ -74.092011010399744, 4.518022982274886 ], [ -74.092009996863851, 4.517999958731139 ], [ -74.092009804408917, 4.517998919114859 ], [ -74.092008974334647, 4.517996231041252 ], [ -74.092007704491948, 4.517993721033463 ], [ -74.092006029954291, 4.517991460137807 ], [ -74.092003999285112, 4.51798951400491 ], [ -74.092001670040986, 4.517987936594068 ], [ -74.091999108771802, 4.517986772871325 ], [ -74.092016368560508, 4.517986171224891 ], [ -74.092058716736346, 4.517984696336725 ], [ -74.092057729280725, 4.517984986817737 ], [ -74.092056633906509, 4.517985389713999 ], [ -74.092054418876273, 4.517986512067921 ], [ -74.092052402596266, 4.517987960875757 ], [ -74.092050631831171, 4.517989701063925 ], [ -74.092049147949751, 4.517991693062243 ], [ -74.092047987824344, 4.517993888307331 ], [ -74.092047177535164, 4.517996235537908 ], [ -74.09204673686736, 4.517998678995866 ], [ -74.092047173937885, 4.518013671593735 ], [ -74.092051105773862, 4.51814862206129 ], [ -74.092051428630498, 4.51815971070215 ], [ -74.092059709587886, 4.518443911757174 ], [ -74.092091346838174, 4.518881610897665 ], [ -74.092091551883584, 4.518884450057385 ], [ -74.092092354978149, 4.518895550389402 ], [ -74.092092405340168, 4.518896534247688 ], [ -74.092092768666305, 4.51889871420434 ], [ -74.092093475533432, 4.518900809624711 ], [ -74.092094506156513, 4.518902765650182 ], [ -74.092095835354485, 4.518904531918679 ], [ -74.092097428953139, 4.518906064363421 ], [ -74.092099245583654, 4.518907323414282 ], [ -74.092101240279987, 4.51890827759496 ], [ -74.092103360881367, 4.518908901724501 ], [ -74.092081974103792, 4.518909309117362 ], [ -74.092079811234271, 4.518909351385503 ], [ -74.092040348982891, 4.51891010321873 ], [ -74.092041198842196, 4.518909908065837 ], [ -74.092042033413065, 4.518909653557728 ], [ -74.09204371424596, 4.518908898127222 ], [ -74.092045252985997, 4.518907883691952 ], [ -74.092046610962313, 4.518906638130886 ], [ -74.092047753101269, 4.518905191121746 ], [ -74.092048649725371, 4.51890358133528 ], [ -74.092049279250773, 4.51890184924099 ], [ -74.092049624590459, 4.518900038905713 ], [ -74.092049677650436, 4.518898196194868 ], [ -74.092049435732861, 4.518896368772459 ] ] ] } },
{ "type": "Feature", "properties": { "OBJECTID_1": 387, "id_interve": "4006729", "nomenclatu": "DG 71 A SUR ENTRE CL 72 A BIS SUR Y CL 72 A SUR", "tipo_inter": 1, "loccodigo": "04", "barrio_leg": "JUAN REY", "numero_con": 879, "año_contr": 2021, "numero_c_1": 832, "año_con_1": 2021, "tipo_contr": 1, "estado_con": 1, "entidad_co": 1, "enlace_con": "https:\/\/community.secop.gov.co\/Public\/Tendering\/OpportunityDetail\/Index?noticeUID=CO1.NTC.2121907&isFromPublicArea=True&isModal=False", "id_element": 214428, "tipo_eleme": 2, "funcion_el": 4, "area_eleme": 21.373902715300002, "SHAPE_Leng": 0.000283975435875, "Shape_Area": 1.74032314611e-09 }, "geometry": { "type": "Polygon", "coordinates": [ [ [ -74.093067701213386, 4.52003020522983 ], [ -74.093187977443165, 4.519993772794408 ], [ -74.0931903768344, 4.520007212263067 ], [ -74.093071605170394, 4.520043186044234 ], [ -74.093061800761461, 4.520033857376689 ], [ -74.093063545446228, 4.52003230334816 ], [ -74.093065532048627, 4.520031073974906 ], [ -74.093067701213386, 4.52003020522983 ] ] ] } },
{ "type": "Feature", "properties": { "OBJECTID_1": 388, "id_interve": "4006729", "nomenclatu": "DG 71 A SUR ENTRE CL 72 A BIS SUR Y CL 72 A SUR", "tipo_inter": 1, "loccodigo": "04", "barrio_leg": "JUAN REY", "numero_con": 879, "año_contr": 2021, "numero_c_1": 832, "año_con_1": 2021, "tipo_contr": 1, "estado_con": 1, "entidad_co": 1, "enlace_con": "https:\/\/community.secop.gov.co\/Public\/Tendering\/OpportunityDetail\/Index?noticeUID=CO1.NTC.2121907&isFromPublicArea=True&isModal=False", "id_element": 214426, "tipo_eleme": 2, "funcion_el": 4, "area_eleme": 20.985736237200001, "SHAPE_Leng": 0.00046083062704599999, "Shape_Area": 1.7087306080300001e-09 }, "geometry": { "type": "Polygon", "coordinates": [ [ [ -74.09296297156385, 4.519987151086184 ], [ -74.092941852784236, 4.519973840220587 ], [ -74.09295559622376, 4.519976711755874 ], [ -74.092968882807668, 4.519979406124719 ], [ -74.092982357349854, 4.519980900797975 ], [ -74.09300069812366, 4.519980996126094 ], [ -74.093018916589699, 4.519978873726075 ], [ -74.093036744749952, 4.519974565074165 ], [ -74.093084291007187, 4.519963088825534 ], [ -74.093152929064388, 4.519943721025925 ], [ -74.093161995129947, 4.519941163354076 ], [ -74.093161905197746, 4.519943376585616 ], [ -74.093161237001425, 4.51994505831783 ], [ -74.09316032059229, 4.519946619540917 ], [ -74.093159178453277, 4.519948022483277 ], [ -74.093157836664773, 4.519949236568038 ], [ -74.093156326703081, 4.519950233016914 ], [ -74.093154681843032, 4.51995098844742 ], [ -74.093149464875864, 4.519952126989097 ], [ -74.093036669206867, 4.519983747152253 ], [ -74.093033420855647, 4.519984629387181 ], [ -74.093030156316615, 4.51998544507228 ], [ -74.093026875589771, 4.519986193308227 ], [ -74.093023579574492, 4.519986872296386 ], [ -74.09302035910224, 4.519987469446221 ], [ -74.09302013337242, 4.519987508117026 ], [ -74.093016949772391, 4.519988026126555 ], [ -74.093013618683528, 4.519988499169926 ], [ -74.093010277702092, 4.519988902965565 ], [ -74.093009836134968, 4.519988947032346 ], [ -74.093006930425474, 4.519989236614038 ], [ -74.093003576853562, 4.51998950101472 ], [ -74.093000217885731, 4.519989696167613 ], [ -74.092996855320564, 4.51998982027402 ], [ -74.092993631251034, 4.519989874233374 ], [ -74.092993381239523, 4.519989876032014 ], [ -74.092990126593008, 4.519989858944882 ], [ -74.092986764027899, 4.5199897744086 ], [ -74.092983403261428, 4.519989618825889 ], [ -74.092980046092237, 4.519989394894708 ], [ -74.092976694318963, 4.519989099917098 ], [ -74.092973348840928, 4.519988734792321 ], [ -74.092970013255467, 4.519988302218394 ], [ -74.092966684864564, 4.519987797698775 ], [ -74.092963478781485, 4.519987247313679 ], [ -74.092963232367254, 4.519987202347579 ], [ -74.09296297156385, 4.519987151086184 ] ] ] } },
{ "type": "Feature", "properties": { "OBJECTID_1": 389, "id_interve": "4006529", "nomenclatu": "KR 16 E ENTRE CL 61S Y CL 61AS", "tipo_inter": 1, "loccodigo": "04", "barrio_leg": "SAN RAFAEL SUR ORIENTAL", "numero_con": 879, "año_contr": 2021, "numero_c_1": 832, "año_con_1": 2021, "tipo_contr": 1, "estado_con": 1, "entidad_co": 1, "enlace_con": "https:\/\/community.secop.gov.co\/Public\/Tendering\/OpportunityDetail\/Index?noticeUID=CO1.NTC.2121907&isFromPublicArea=True&isModal=False", "id_element": 213950, "tipo_eleme": 1, "funcion_el": 1, "area_eleme": 184.03889325399999, "SHAPE_Leng": 0.00088973731942000004, "Shape_Area": 1.49851004915e-08 }, "geometry": { "type": "Polygon", "coordinates": [ [ [ -74.083936901566688, 4.528663213936227 ], [ -74.083938300012505, 4.528661450365689 ], [ -74.083951456194711, 4.5286368494111 ], [ -74.083969996618009, 4.528589446146043 ], [ -74.084090453611509, 4.528287752377935 ], [ -74.084125588325207, 4.528303468930005 ], [ -74.08400316271576, 4.528602108600467 ], [ -74.083986822933468, 4.528647777073274 ], [ -74.08398377333242, 4.528656300847672 ], [ -74.08398327420872, 4.528656085909688 ], [ -74.083974061553647, 4.528678556370323 ], [ -74.083936901566688, 4.528663213936227 ] ] ] } },
{ "type": "Feature", "properties": { "OBJECTID_1": 390, "id_interve": "4006504", "nomenclatu": "CL 61 SUR ENTRE KR 15 D ESTE Y KR 16 ESTE", "tipo_inter": 1, "loccodigo": "04", "barrio_leg": "SAN RAFAEL SUR ORIENTAL", "numero_con": 879, "año_contr": 2021, "numero_c_1": 832, "año_con_1": 2021, "tipo_contr": 1, "estado_con": 1, "entidad_co": 1, "enlace_con": "https:\/\/community.secop.gov.co\/Public\/Tendering\/OpportunityDetail\/Index?noticeUID=CO1.NTC.2121907&isFromPublicArea=True&isModal=False", "id_element": 213897, "tipo_eleme": 2, "funcion_el": 4, "area_eleme": 27.528801085000001, "SHAPE_Leng": 0.00051371888639900002, "Shape_Area": 2.2414262473900001e-09 }, "geometry": { "type": "Polygon", "coordinates": [ [ [ -74.084735628146689, 4.528961480388034 ], [ -74.084715466245711, 4.528953498005592 ], [ -74.084509650999564, 4.528872015830927 ], [ -74.084512956907417, 4.528863607169797 ], [ -74.084718460988142, 4.528944966137317 ], [ -74.084744880371886, 4.528955425252718 ], [ -74.084744461287812, 4.528956713081868 ], [ -74.084743832661729, 4.528957912777514 ], [ -74.084743009782017, 4.528958988366696 ], [ -74.084742017829797, 4.52895991017175 ], [ -74.084740884684038, 4.52896065211246 ], [ -74.084739641820988, 4.528961192604982 ], [ -74.084738327012133, 4.528961515461617 ], [ -74.084736976230431, 4.528961612588375 ], [ -74.084735628146689, 4.528961480388034 ] ] ] } },
{ "type": "Feature", "properties": { "OBJECTID_1": 391, "id_interve": "4006504", "nomenclatu": "CL 61 SUR ENTRE KR 15 D ESTE Y KR 16 ESTE", "tipo_inter": 1, "loccodigo": "04", "barrio_leg": "SAN RAFAEL SUR ORIENTAL", "numero_con": 879, "año_contr": 2021, "numero_c_1": 832, "año_con_1": 2021, "tipo_contr": 1, "estado_con": 1, "entidad_co": 1, "enlace_con": "https:\/\/community.secop.gov.co\/Public\/Tendering\/OpportunityDetail\/Index?noticeUID=CO1.NTC.2121907&isFromPublicArea=True&isModal=False", "id_element": 213896, "tipo_eleme": 1, "funcion_el": 1, "area_eleme": 468.21653292899998, "SHAPE_Leng": 0.00174748125401, "Shape_Area": 3.8124024927400001e-08 }, "geometry": { "type": "Polygon", "coordinates": [ [ [ -74.084668686210875, 4.528989755073212 ], [ -74.084434178994115, 4.528892835136276 ], [ -74.084402368174722, 4.528877650982849 ], [ -74.084322538054664, 4.528846695418679 ], [ -74.083981742663241, 4.528705847197159 ], [ -74.083979685014413, 4.528705546823574 ], [ -74.083977605781854, 4.528705566608664 ], [ -74.083962678834496, 4.528706894007996 ], [ -74.083962436916863, 4.528706917390366 ], [ -74.083974061553647, 4.528678556370323 ], [ -74.08398327420872, 4.528656085909688 ], [ -74.08398377333242, 4.528656300847672 ], [ -74.083990454395916, 4.528659174181598 ], [ -74.083990531737584, 4.528659209255125 ], [ -74.08408542280398, 4.528702178862488 ], [ -74.084085587379889, 4.528702250808294 ], [ -74.08408574116396, 4.528702314660165 ], [ -74.084187787236544, 4.528743862439342 ], [ -74.084187850189096, 4.528743887620351 ], [ -74.084495959720698, 4.528866595616932 ], [ -74.084509650999564, 4.528872015830927 ], [ -74.084715466245711, 4.528953498005592 ], [ -74.084735628146689, 4.528961480388034 ], [ -74.084742573610868, 4.528964229615553 ], [ -74.084724776027542, 4.529011167931117 ], [ -74.084698775727873, 4.52900124031504 ], [ -74.084668686210875, 4.528989755073212 ] ] ] } },
{ "type": "Feature", "properties": { "OBJECTID_1": 392, "id_interve": "4006503", "nomenclatu": "KR 16 E ENTRE DG 59 S Y CL 61A S", "tipo_inter": 1, "loccodigo": "04", "barrio_leg": "SAN RAFAEL SUR ORIENTAL", "numero_con": 879, "año_contr": 2021, "numero_c_1": 832, "año_con_1": 2021, "tipo_contr": 1, "estado_con": 1, "entidad_co": 1, "enlace_con": "https:\/\/community.secop.gov.co\/Public\/Tendering\/OpportunityDetail\/Index?noticeUID=CO1.NTC.2121907&isFromPublicArea=True&isModal=False", "id_element": 213893, "tipo_eleme": 1, "funcion_el": 1, "area_eleme": 489.92827748299999, "SHAPE_Leng": 0.0017628040837299999, "Shape_Area": 3.9891701484400002e-08 }, "geometry": { "type": "Polygon", "coordinates": [ [ [ -74.083617769944112, 4.529426774326225 ], [ -74.083643298998993, 4.529358418656159 ], [ -74.083651617727924, 4.529338942937898 ], [ -74.083651654600146, 4.529338858401616 ], [ -74.083668857731539, 4.529300766717085 ], [ -74.083668972844805, 4.529300498719067 ], [ -74.08378103556629, 4.529029395390353 ], [ -74.083781113807333, 4.529029214626576 ], [ -74.083830922758864, 4.528922126954626 ], [ -74.083831194354104, 4.528921481241412 ], [ -74.083831287883584, 4.528921217740049 ], [ -74.083850296853655, 4.528865196271852 ], [ -74.083850542368623, 4.528864331124055 ], [ -74.083850558556378, 4.528864263674905 ], [ -74.083870719558035, 4.528813857573539 ], [ -74.083889861627767, 4.528736452025669 ], [ -74.083901223662508, 4.528711851071137 ], [ -74.083919762287167, 4.528684849825993 ], [ -74.083933487740239, 4.528667524386776 ], [ -74.083936901566688, 4.528663213936227 ], [ -74.083974061553647, 4.528678556370323 ], [ -74.083962436916863, 4.528706917390366 ], [ -74.08396151331317, 4.528707001027328 ], [ -74.083959702078573, 4.528707260931412 ], [ -74.083957947501233, 4.528707778041564 ], [ -74.083956285554109, 4.528708541566004 ], [ -74.083954750411351, 4.528709536216184 ], [ -74.083953985987648, 4.528710076708705 ], [ -74.083952227813029, 4.528711358242617 ], [ -74.083939110301685, 4.52872091264004 ], [ -74.083937671386366, 4.528722124926162 ], [ -74.083936415033463, 4.5287235242713 ], [ -74.083935363726027, 4.52872508459501 ], [ -74.083927122338764, 4.528739367627736 ], [ -74.083926123191986, 4.528741517906781 ], [ -74.083925850697426, 4.528742347081675 ], [ -74.083862444895885, 4.528959752790399 ], [ -74.083862338775873, 4.528960039674132 ], [ -74.08382533886828, 4.529046657877018 ], [ -74.083825137420092, 4.529047159698735 ], [ -74.083769226568506, 4.529193997405116 ], [ -74.083760453681975, 4.529217037136618 ], [ -74.083760307991781, 4.529217449026078 ], [ -74.083700513867598, 4.529395625407858 ], [ -74.083696782580432, 4.529402339746241 ], [ -74.083680075874781, 4.529432412176106 ], [ -74.08367189474211, 4.529447138574653 ], [ -74.083617769944112, 4.529426774326225 ] ] ] } },
{ "type": "Feature", "properties": { "OBJECTID_1": 393, "id_interve": "4006461", "nomenclatu": "DG 59 S ENTRE KR 16 E Y KR 17 E", "tipo_inter": 1, "loccodigo": "04", "barrio_leg": "SAN RAFAEL SUR ORIENTAL", "numero_con": 879, "año_contr": 2021, "numero_c_1": 832, "año_con_1": 2021, "tipo_contr": 1, "estado_con": 1, "entidad_co": 1, "enlace_con": "https:\/\/community.secop.gov.co\/Public\/Tendering\/OpportunityDetail\/Index?noticeUID=CO1.NTC.2121907&isFromPublicArea=True&isModal=False", "id_element": 213785, "tipo_eleme": 1, "funcion_el": 1, "area_eleme": 466.55694327800001, "SHAPE_Leng": 0.00168135268816, "Shape_Area": 3.7988812946299997e-08 }, "geometry": { "type": "Polygon", "coordinates": [ [ [ -74.082897609936708, 4.529487316686357 ], [ -74.082921536399738, 4.529482785002585 ], [ -74.082950205887244, 4.529477354896073 ], [ -74.082998021941137, 4.529468592801379 ], [ -74.083033257378872, 4.529462197722296 ], [ -74.083123039396696, 4.529445902006842 ], [ -74.083123236348229, 4.529445869631218 ], [ -74.083168906619733, 4.529439923313873 ], [ -74.083169135946832, 4.529439898132864 ], [ -74.0832967470472, 4.529429880584587 ], [ -74.083366781751522, 4.529424383028925 ], [ -74.083366932837635, 4.529424379431589 ], [ -74.08340376367272, 4.529424382129605 ], [ -74.083404168367622, 4.529424373136351 ], [ -74.083404966066269, 4.529424301190602 ], [ -74.083435282212463, 4.529420208375939 ], [ -74.083435418010083, 4.529420192188184 ], [ -74.083567621048815, 4.529406457741857 ], [ -74.083588130088117, 4.5294042346178 ], [ -74.083589631056611, 4.529403941438773 ], [ -74.0835910600793, 4.529403398248292 ], [ -74.08360352828015, 4.529397392575675 ], [ -74.083604522930329, 4.529396834096644 ], [ -74.083605439339522, 4.529396153309904 ], [ -74.083620131563805, 4.529383713887341 ], [ -74.083623183862812, 4.529381130135107 ], [ -74.083623600248927, 4.529380755117813 ], [ -74.08362402293028, 4.529380320745247 ], [ -74.083641666729477, 4.529360957442293 ], [ -74.083642589433907, 4.529359756847327 ], [ -74.083643298998993, 4.529358418656159 ], [ -74.083617769944112, 4.529426774326225 ], [ -74.083597839168931, 4.529480123908627 ], [ -74.083597740243476, 4.529480399101203 ], [ -74.083597605345176, 4.529480765125243 ], [ -74.083587443905401, 4.529506824780185 ], [ -74.083587418724335, 4.529500285809604 ], [ -74.083586324249438, 4.529493838569863 ], [ -74.083584189258886, 4.529487658428764 ], [ -74.083581071309368, 4.529481909962215 ], [ -74.083577054937109, 4.529476749652304 ], [ -74.083572248060761, 4.52947231599461 ], [ -74.083566780182707, 4.529468728598999 ], [ -74.083560799691099, 4.529466083692853 ], [ -74.083554466665248, 4.529464454121296 ], [ -74.083173640650955, 4.529490723318247 ], [ -74.083172725141139, 4.529490817747103 ], [ -74.08312046014106, 4.529498038403801 ], [ -74.082924441209968, 4.529525110695374 ], [ -74.0829166153095, 4.529526654831329 ], [ -74.082905738908664, 4.529528802412358 ], [ -74.082897609936708, 4.529487316686357 ] ] ] } },
{ "type": "Feature", "properties": { "OBJECTID_1": 394, "id_interve": "4006358", "nomenclatu": "CL 58 S ENTRE KR 15 E Y KR 15BIS E", "tipo_inter": 1, "loccodigo": "04", "barrio_leg": "SAN RAFAEL SUR ORIENTAL", "numero_con": 879, "año_contr": 2021, "numero_c_1": 832, "año_con_1": 2021, "tipo_contr": 1, "estado_con": 1, "entidad_co": 1, "enlace_con": "https:\/\/community.secop.gov.co\/Public\/Tendering\/OpportunityDetail\/Index?noticeUID=CO1.NTC.2121907&isFromPublicArea=True&isModal=False", "id_element": 213538, "tipo_eleme": 2, "funcion_el": 4, "area_eleme": 34.026372128600002, "SHAPE_Leng": 0.00043790602833399997, "Shape_Area": 2.7706082701400001e-09 }, "geometry": { "type": "Polygon", "coordinates": [ [ [ -74.085243043631522, 4.531406669582168 ], [ -74.085291666377259, 4.53145156014142 ], [ -74.085292748261679, 4.531452681596022 ], [ -74.085374889639411, 4.531548248053241 ], [ -74.085376301575025, 4.531550254440731 ], [ -74.085363499725702, 4.531555753795033 ], [ -74.085282516674738, 4.531461538119515 ], [ -74.085222718053956, 4.531406317947244 ], [ -74.085224728038725, 4.531404905112311 ], [ -74.085226934975026, 4.53140382502653 ], [ -74.085229284004242, 4.531403104669607 ], [ -74.085231716670364, 4.531402761128561 ], [ -74.085234173618176, 4.531402803396702 ], [ -74.085236592794502, 4.531403230574654 ], [ -74.085238915743332, 4.531404032769956 ], [ -74.085241084008771, 4.531405188398764 ], [ -74.085243043631522, 4.531406669582168 ] ] ] } },
{ "type": "Feature", "properties": { "OBJECTID_1": 395, "id_interve": "4006358", "nomenclatu": "CL 58 S ENTRE KR 15 E Y KR 15BIS E", "tipo_inter": 1, "loccodigo": "04", "barrio_leg": "SAN RAFAEL SUR ORIENTAL", "numero_con": 879, "año_contr": 2021, "numero_c_1": 832, "año_con_1": 2021, "tipo_contr": 1, "estado_con": 1, "entidad_co": 1, "enlace_con": "https:\/\/community.secop.gov.co\/Public\/Tendering\/OpportunityDetail\/Index?noticeUID=CO1.NTC.2121907&isFromPublicArea=True&isModal=False", "id_element": 213539, "tipo_eleme": 1, "funcion_el": 1, "area_eleme": 309.02374796300001, "SHAPE_Leng": 0.00138770877127, "Shape_Area": 2.5161770003800002e-08 }, "geometry": { "type": "Polygon", "coordinates": [ [ [ -74.085243043631522, 4.531406669582168 ], [ -74.085220930201729, 4.531386254971721 ], [ -74.085220685586137, 4.531386004060892 ], [ -74.085220503923097, 4.531385797216842 ], [ -74.085111828048412, 4.53126158465443 ], [ -74.085104247662855, 4.531255094247228 ], [ -74.085087127269048, 4.531241553155212 ], [ -74.085063477797235, 4.531225130635335 ], [ -74.085062505630106, 4.53122450830449 ], [ -74.085022104486484, 4.531201809416018 ], [ -74.084979382192671, 4.531183858947998 ], [ -74.084934893630418, 4.531170888925431 ], [ -74.084889217063676, 4.531163068420938 ], [ -74.084946407650534, 4.531120028666464 ], [ -74.084953972747599, 4.531120873129851 ], [ -74.085017242751519, 4.531148336626472 ], [ -74.085051442170254, 4.531167216993538 ], [ -74.085097609766819, 4.531198111403739 ], [ -74.085147195686488, 4.531249599389525 ], [ -74.08518994406063, 4.531301085576672 ], [ -74.085222431170223, 4.531340558619945 ], [ -74.08526068113548, 4.531374801206141 ], [ -74.085300162272631, 4.531405041809307 ], [ -74.085305617560152, 4.531406917795096 ], [ -74.085311303973469, 4.531407896257463 ], [ -74.085317073124372, 4.5314079520154 ], [ -74.085322776624821, 4.531407082371004 ], [ -74.085328267885188, 4.531405310706589 ], [ -74.08533340391341, 4.531402683786894 ], [ -74.085338053408407, 4.531399267262429 ], [ -74.085342095860995, 4.531395151065396 ], [ -74.085345426949857, 4.531390440416544 ], [ -74.08537671706182, 4.531550132132963 ], [ -74.085376301575025, 4.531550254440731 ], [ -74.085374889639411, 4.531548248053241 ], [ -74.085292748261679, 4.531452681596022 ], [ -74.085291666377259, 4.53145156014142 ], [ -74.085243043631522, 4.531406669582168 ] ] ] } },
{ "type": "Feature", "properties": { "OBJECTID_1": 396, "id_interve": "4008624", "nomenclatu": "TV 15A E ENTRE CL 43 S Y KR 16A E", "tipo_inter": 1, "loccodigo": "04", "barrio_leg": "MORALVA", "numero_con": 879, "año_contr": 2021, "numero_c_1": 832, "año_con_1": 2021, "tipo_contr": 1, "estado_con": 1, "entidad_co": 1, "enlace_con": "https:\/\/community.secop.gov.co\/Public\/Tendering\/OpportunityDetail\/Index?noticeUID=CO1.NTC.2121907&isFromPublicArea=True&isModal=False", "id_element": 92085012, "tipo_eleme": 2, "funcion_el": 4, "area_eleme": 67.005262940700007, "SHAPE_Leng": 0.00070278919870999995, "Shape_Area": 5.4560036766499996e-09 }, "geometry": { "type": "Polygon", "coordinates": [ [ [ -74.081606206860897, 4.543584005397577 ], [ -74.081490805855992, 4.543668315040748 ], [ -74.08139626642452, 4.543758418116568 ], [ -74.081383403421285, 4.543776067311683 ], [ -74.081373202411328, 4.543795376655339 ], [ -74.081365872037338, 4.543815948647136 ], [ -74.081372653824872, 4.543759842642658 ], [ -74.081379765663598, 4.543752253263904 ], [ -74.08150148260728, 4.543636249713188 ], [ -74.081584963075557, 4.543575261289334 ], [ -74.081587661941001, 4.543574505858828 ], [ -74.081590448940005, 4.543574206384562 ], [ -74.081593246730904, 4.543574370960528 ], [ -74.081595978871292, 4.543574995090012 ], [ -74.081598569818084, 4.54357606168594 ], [ -74.081600950323548, 4.543577541970024 ], [ -74.081603052938476, 4.543579394573442 ], [ -74.081604821904989, 4.543581568234856 ], [ -74.081606206860897, 4.543584005397577 ] ] ] } },
{ "type": "Feature", "properties": { "OBJECTID_1": 397, "id_interve": "4008625", "nomenclatu": "TV 15A E ENTRE CL 43 S Y KR 16A E", "tipo_inter": 1, "loccodigo": "04", "barrio_leg": "MORALVA", "numero_con": 879, "año_contr": 2021, "numero_c_1": 832, "año_con_1": 2021, "tipo_contr": 1, "estado_con": 1, "entidad_co": 1, "enlace_con": "https:\/\/community.secop.gov.co\/Public\/Tendering\/OpportunityDetail\/Index?noticeUID=CO1.NTC.2121907&isFromPublicArea=True&isModal=False", "id_element": 92085013, "tipo_eleme": 2, "funcion_el": 4, "area_eleme": 33.6988165279, "SHAPE_Leng": 0.00039792619787999998, "Shape_Area": 2.7439233916199999e-09 }, "geometry": { "type": "Polygon", "coordinates": [ [ [ -74.081692944673591, 4.543492280844134 ], [ -74.081793728098035, 4.543405184201958 ], [ -74.081801628642211, 4.543413287093585 ], [ -74.081664393896631, 4.543541494444469 ], [ -74.081664092623726, 4.54354099981731 ], [ -74.081662245416226, 4.543538993429877 ], [ -74.081660755239625, 4.543536709151851 ], [ -74.081659664362007, 4.543534209036579 ], [ -74.081659003360301, 4.543531562331793 ], [ -74.081658789321637, 4.543528843681258 ], [ -74.08165902944063, 4.543526126829363 ], [ -74.081659716522665, 4.543523486419815 ], [ -74.081660830782653, 4.54352099709638 ], [ -74.08166234344236, 4.543518727207527 ], [ -74.081692944673591, 4.543492280844134 ] ] ] } },
{ "type": "Feature", "properties": { "OBJECTID_1": 398, "id_interve": "4008625", "nomenclatu": "TV 15A E ENTRE CL 43 S Y KR 16A E", "tipo_inter": 1, "loccodigo": "04", "barrio_leg": "MORALVA", "numero_con": 879, "año_contr": 2021, "numero_c_1": 832, "año_con_1": 2021, "tipo_contr": 1, "estado_con": 1, "entidad_co": 1, "enlace_con": "https:\/\/community.secop.gov.co\/Public\/Tendering\/OpportunityDetail\/Index?noticeUID=CO1.NTC.2121907&isFromPublicArea=True&isModal=False", "id_element": 92085014, "tipo_eleme": 2, "funcion_el": 4, "area_eleme": 39.471780519, "SHAPE_Leng": 0.00045979889070999998, "Shape_Area": 3.21394946115e-09 }, "geometry": { "type": "Polygon", "coordinates": [ [ [ -74.081585735593194, 4.543492996704458 ], [ -74.081595099334322, 4.543486390284727 ], [ -74.081679832558166, 4.543426595261224 ], [ -74.081719874872306, 4.543399022946573 ], [ -74.081757140979221, 4.543367800283818 ], [ -74.081764921913589, 4.54337573770016 ], [ -74.081604794925283, 4.543505811144314 ], [ -74.08159764891235, 4.543510663886082 ], [ -74.081585735593194, 4.543492996704458 ] ] ] } },
{ "type": "Feature", "properties": { "OBJECTID_1": 399, "id_interve": "4008624", "nomenclatu": "TV 15A E ENTRE CL 43 S Y KR 16A E", "tipo_inter": 1, "loccodigo": "04", "barrio_leg": "MORALVA", "numero_con": 879, "año_contr": 2021, "numero_c_1": 832, "año_con_1": 2021, "tipo_contr": 1, "estado_con": 1, "entidad_co": 1, "enlace_con": "https:\/\/community.secop.gov.co\/Public\/Tendering\/OpportunityDetail\/Index?noticeUID=CO1.NTC.2121907&isFromPublicArea=True&isModal=False", "id_element": 92085015, "tipo_eleme": 2, "funcion_el": 4, "area_eleme": 69.349162823900002, "SHAPE_Leng": 0.00061687199264400005, "Shape_Area": 5.6467840896800003e-09 }, "geometry": { "type": "Polygon", "coordinates": [ [ [ -74.081355160212411, 4.543628974197873 ], [ -74.081362362882714, 4.543600683324939 ], [ -74.081393820268545, 4.543628429208695 ], [ -74.081585735593194, 4.543492996704458 ], [ -74.08159764891235, 4.543510663886082 ], [ -74.081406747123651, 4.54364030115903 ], [ -74.081406702157551, 4.543640330836638 ], [ -74.081401940247304, 4.543643052185132 ], [ -74.081396818608255, 4.543645012707202 ], [ -74.081391456850213, 4.543646164738732 ], [ -74.081385981777601, 4.543646482199449 ], [ -74.0813805228928, 4.543645956995363 ], [ -74.081375208798818, 4.543644602616382 ], [ -74.081370164501436, 4.543642449639378 ], [ -74.081365509610521, 4.543639550225123 ], [ -74.081363960977967, 4.54363811400782 ], [ -74.081355160212411, 4.543628974197873 ] ] ] } },
{ "type": "Feature", "properties": { "OBJECTID_1": 400, "id_interve": "4003942", "nomenclatu": "CL 36 I  SUR ENTRE KR 13 ESTE Y KR 14 ESTE", "tipo_inter": 1, "loccodigo": "04", "barrio_leg": "NUEVA ESPAÑA PARTE ALTA", "numero_con": 879, "año_contr": 2021, "numero_c_1": 832, "año_con_1": 2021, "tipo_contr": 1, "estado_con": 1, "entidad_co": 1, "enlace_con": "https:\/\/community.secop.gov.co\/Public\/Tendering\/OpportunityDetail\/Index?noticeUID=CO1.NTC.2121907&isFromPublicArea=True&isModal=False", "id_element": 91025195, "tipo_eleme": 1, "funcion_el": 1, "area_eleme": 79.723562919000003, "SHAPE_Leng": 0.000373426660565, "Shape_Area": 6.4915640725699997e-09 }, "geometry": { "type": "Polygon", "coordinates": [ [ [ -74.083430590449325, 4.550465205804642 ], [ -74.083450310783178, 4.550482846905936 ], [ -74.083425282650637, 4.550517284645025 ], [ -74.083422599073629, 4.550523963909882 ], [ -74.083366238561041, 4.550484572704931 ], [ -74.083311905120297, 4.550428601598753 ], [ -74.083325492077734, 4.55040349072857 ], [ -74.083430590449325, 4.550465205804642 ] ] ] } },
{ "type": "Feature", "properties": { "OBJECTID_1": 401, "id_interve": "18005694", "nomenclatu": "CL 50F S ENTRE KR 5BBISB Y KR 5B", "tipo_inter": 1, "loccodigo": "18", "barrio_leg": "EL PORTAL", "numero_con": 866, "año_contr": 2021, "numero_c_1": 833, "año_con_1": 2021, "tipo_contr": 1, "estado_con": 1, "entidad_co": 1, "enlace_con": "https:\/\/community.secop.gov.co\/Public\/Tendering\/OpportunityDetail\/Index?noticeUID=CO1.NTC.2121907&isFromPublicArea=True&isModal=False", "id_element": 422672, "tipo_eleme": 2, "funcion_el": 4, "area_eleme": 83.707143498700006, "SHAPE_Leng": 0.000705169362471, "Shape_Area": 6.8159071970400002e-09 }, "geometry": { "type": "Polygon", "coordinates": [ [ [ -74.114806872738939, 4.545874174853338 ], [ -74.114826061573467, 4.545875211771659 ], [ -74.114836728432238, 4.546029661339844 ], [ -74.114848879172371, 4.54620561999343 ], [ -74.114843848364899, 4.546205837629373 ], [ -74.114827163242978, 4.54620656338227 ], [ -74.114826810708735, 4.54620464872562 ], [ -74.114824133426964, 4.546160247397552 ], [ -74.114806872738939, 4.545874174853338 ] ] ] } },
{ "type": "Feature", "properties": { "OBJECTID_1": 402, "id_interve": "18005694", "nomenclatu": "CL 50F S ENTRE KR 5BBISB Y KR 5B", "tipo_inter": 1, "loccodigo": "18", "barrio_leg": "EL PORTAL", "numero_con": 866, "año_contr": 2021, "numero_c_1": 833, "año_con_1": 2021, "tipo_contr": 1, "estado_con": 1, "entidad_co": 1, "enlace_con": "https:\/\/community.secop.gov.co\/Public\/Tendering\/OpportunityDetail\/Index?noticeUID=CO1.NTC.2121907&isFromPublicArea=True&isModal=False", "id_element": 422674, "tipo_eleme": 2, "funcion_el": 4, "area_eleme": 50.0449854923, "SHAPE_Leng": 0.00050834224082799996, "Shape_Area": 4.0749497209899998e-09 }, "geometry": { "type": "Polygon", "coordinates": [ [ [ -74.114754953977922, 4.545900128388269 ], [ -74.114756725642337, 4.545900112200457 ], [ -74.114758474823702, 4.545900391889631 ], [ -74.114760152958638, 4.545900958462539 ], [ -74.114761713282405, 4.545901797530007 ], [ -74.114763111728166, 4.545902884810346 ], [ -74.114764309625173, 4.545904189726627 ], [ -74.114765273698367, 4.545905676305949 ], [ -74.114765976068895, 4.545907303179547 ], [ -74.114767864645216, 4.545918598664457 ], [ -74.114768528344882, 4.545921082591917 ], [ -74.114768853899477, 4.545924515304193 ], [ -74.114780233021293, 4.546137314685382 ], [ -74.114780286980647, 4.546138114182668 ], [ -74.114780233920612, 4.546138118679266 ], [ -74.114759659230856, 4.546140381373561 ], [ -74.11475795861287, 4.546052716359839 ], [ -74.114755688724017, 4.545975914257099 ], [ -74.114753298326036, 4.545916301795955 ], [ -74.114752827980567, 4.54590459172357 ], [ -74.114752677793831, 4.545900855939806 ], [ -74.114754953977922, 4.545900128388269 ] ] ] } },
{ "type": "Feature", "properties": { "OBJECTID_1": 403, "id_interve": "18005694", "nomenclatu": "CL 50F S ENTRE KR 5BBISB Y KR 5B", "tipo_inter": 1, "loccodigo": "18", "barrio_leg": "EL PORTAL", "numero_con": 866, "año_contr": 2021, "numero_c_1": 833, "año_con_1": 2021, "tipo_contr": 1, "estado_con": 1, "entidad_co": 1, "enlace_con": "https:\/\/community.secop.gov.co\/Public\/Tendering\/OpportunityDetail\/Index?noticeUID=CO1.NTC.2121907&isFromPublicArea=True&isModal=False", "id_element": 422673, "tipo_eleme": 1, "funcion_el": 1, "area_eleme": 147.29512897699999, "SHAPE_Leng": 0.0006883373887, "Shape_Area": 1.19935893572e-08 }, "geometry": { "type": "Polygon", "coordinates": [ [ [ -74.114780233920612, 4.546138118679266 ], [ -74.114780286980647, 4.546138114182668 ], [ -74.114780233021293, 4.546137314685382 ], [ -74.114768853899477, 4.545924515304193 ], [ -74.114770448397451, 4.545872205338071 ], [ -74.114806872738939, 4.545874174853338 ], [ -74.114824133426964, 4.546160247397552 ], [ -74.114759713190153, 4.546161659333166 ], [ -74.114762182728498, 4.546161316691439 ], [ -74.114764601005504, 4.546160701555209 ], [ -74.11476810476421, 4.546159264438529 ], [ -74.114768144334334, 4.546159241056159 ], [ -74.114771318041846, 4.54615725535308 ], [ -74.114771363007947, 4.546157219380234 ], [ -74.114774149107632, 4.546154732754758 ], [ -74.114774179684616, 4.546154697681175 ], [ -74.114776517022619, 4.546151767689992 ], [ -74.114776543102948, 4.54615172811981 ], [ -74.114778351639586, 4.546148445594326 ], [ -74.114778362431423, 4.546148417715358 ], [ -74.11477960439521, 4.546144859997355 ], [ -74.114779614287727, 4.546144812333296 ], [ -74.114780234819932, 4.546141114321017 ], [ -74.114780238417211, 4.546141067556277 ], [ -74.114780233920612, 4.546138118679266 ] ] ] } },
{ "type": "Feature", "properties": { "OBJECTID_1": 404, "id_interve": "18005744", "nomenclatu": "CL 50F S ENTRE KR 5B Y TV 5BIS", "tipo_inter": 1, "loccodigo": "18", "barrio_leg": "EL PORTAL", "numero_con": 866, "año_contr": 2021, "numero_c_1": 833, "año_con_1": 2021, "tipo_contr": 1, "estado_con": 1, "entidad_co": 1, "enlace_con": "https:\/\/community.secop.gov.co\/Public\/Tendering\/OpportunityDetail\/Index?noticeUID=CO1.NTC.2121907&isFromPublicArea=True&isModal=False", "id_element": 422782, "tipo_eleme": 2, "funcion_el": 4, "area_eleme": 120.743917373, "SHAPE_Leng": 0.00071784681620500003, "Shape_Area": 9.8315625330299996e-09 }, "geometry": { "type": "Polygon", "coordinates": [ [ [ -74.114739041373639, 4.545837031054191 ], [ -74.114736213005813, 4.545793707113944 ], [ -74.114734742614246, 4.545771183593274 ], [ -74.114741000996332, 4.545770412874276 ], [ -74.114735055578308, 4.545704694016479 ], [ -74.114728948282277, 4.545637175615184 ], [ -74.114725720615468, 4.545578508341521 ], [ -74.114718517945221, 4.545526640841842 ], [ -74.114746508444568, 4.545531329907021 ], [ -74.114750549098517, 4.54553965493119 ], [ -74.114750564387009, 4.545539690004716 ], [ -74.114753348688055, 4.545548559118743 ], [ -74.114772043794744, 4.545819893573253 ], [ -74.114771093211345, 4.545827196967593 ], [ -74.114771085117468, 4.545827241034374 ], [ -74.114769040059116, 4.545834315101615 ], [ -74.114769026569263, 4.545834354671797 ], [ -74.114765921210278, 4.545841061815622 ], [ -74.114761834690853, 4.545847215876336 ], [ -74.114761820301737, 4.545847238359386 ], [ -74.114756880325729, 4.54585266217066 ], [ -74.114756838956907, 4.545852702640161 ], [ -74.114751118369384, 4.545857325155453 ], [ -74.114751086893079, 4.545857347638503 ], [ -74.114744699907931, 4.545861060939274 ], [ -74.11474071141464, 4.545862607773188 ], [ -74.114739041373639, 4.545837031054191 ] ] ] } },
{ "type": "Feature", "properties": { "OBJECTID_1": 405, "id_interve": "18005744", "nomenclatu": "CL 50F S ENTRE KR 5B Y TV 5BIS", "tipo_inter": 1, "loccodigo": "18", "barrio_leg": "EL PORTAL", "numero_con": 866, "año_contr": 2021, "numero_c_1": 833, "año_con_1": 2021, "tipo_contr": 1, "estado_con": 1, "entidad_co": 1, "enlace_con": "https:\/\/community.secop.gov.co\/Public\/Tendering\/OpportunityDetail\/Index?noticeUID=CO1.NTC.2121907&isFromPublicArea=True&isModal=False", "id_element": 422780, "tipo_eleme": 2, "funcion_el": 4, "area_eleme": 72.364135101800002, "SHAPE_Leng": 0.000718583790547, "Shape_Area": 5.8922442631900004e-09 }, "geometry": { "type": "Polygon", "coordinates": [ [ [ -74.114806872738939, 4.545874174853338 ], [ -74.114788320624484, 4.545566687652581 ], [ -74.114788923170238, 4.545561428417216 ], [ -74.114788932163435, 4.545561388847091 ], [ -74.114790288341112, 4.545556312174142 ], [ -74.114790309025523, 4.545556259114107 ], [ -74.114792385560122, 4.54555145313708 ], [ -74.11479241523773, 4.545551402775061 ], [ -74.114795170760488, 4.545546954728252 ], [ -74.114795198639456, 4.545546919654669 ], [ -74.114798582788353, 4.545542914973623 ], [ -74.114800272614445, 4.545543324165124 ], [ -74.11482316935377, 4.545548855895049 ], [ -74.114804101927746, 4.545557225885318 ], [ -74.114809312599675, 4.545632671810381 ], [ -74.114826061573467, 4.545875211771659 ], [ -74.114806872738939, 4.545874174853338 ] ] ] } },
{ "type": "Feature", "properties": { "OBJECTID_1": 406, "id_interve": "18005744", "nomenclatu": "CL 50F S ENTRE KR 5B Y TV 5BIS", "tipo_inter": 1, "loccodigo": "18", "barrio_leg": "EL PORTAL", "numero_con": 866, "año_contr": 2021, "numero_c_1": 833, "año_con_1": 2021, "tipo_contr": 1, "estado_con": 1, "entidad_co": 1, "enlace_con": "https:\/\/community.secop.gov.co\/Public\/Tendering\/OpportunityDetail\/Index?noticeUID=CO1.NTC.2121907&isFromPublicArea=True&isModal=False", "id_element": 422781, "tipo_eleme": 1, "funcion_el": 1, "area_eleme": 154.46278614299999, "SHAPE_Leng": 0.00089723664487899996, "Shape_Area": 1.2577168395599999e-08 }, "geometry": { "type": "Polygon", "coordinates": [ [ [ -74.114750549098517, 4.54553965493119 ], [ -74.114746508444568, 4.545531329907021 ], [ -74.114741087331254, 4.545523442852641 ], [ -74.114741052257727, 4.545523403282459 ], [ -74.114734536669516, 4.545516473106773 ], [ -74.11472700214938, 4.54551058794334 ], [ -74.11472695538464, 4.545510559164995 ], [ -74.114718667232694, 4.545505918663252 ], [ -74.114773408965618, 4.545519148589904 ], [ -74.114805484185695, 4.545526901645246 ], [ -74.114828153396502, 4.545532381214457 ], [ -74.114822749370376, 4.5455321896589 ], [ -74.114817437075033, 4.545532797600572 ], [ -74.11481737682044, 4.545532808392466 ], [ -74.114812210215291, 4.545534216730744 ], [ -74.114812158953953, 4.545534232019236 ], [ -74.114807260346765, 4.54553640478133 ], [ -74.114807215380665, 4.5455364281637 ], [ -74.114802681898198, 4.545539324879996 ], [ -74.114802654918549, 4.545539344665087 ], [ -74.114800137716145, 4.545541550702069 ], [ -74.114798582788353, 4.545542914973623 ], [ -74.114795198639456, 4.545546919654669 ], [ -74.114795170760488, 4.545546954728252 ], [ -74.11479241523773, 4.545551402775061 ], [ -74.114792385560122, 4.54555145313708 ], [ -74.114790309025523, 4.545556259114107 ], [ -74.114790288341112, 4.545556312174142 ], [ -74.114788932163435, 4.545561388847091 ], [ -74.114788923170238, 4.545561428417216 ], [ -74.114788320624484, 4.545566687652581 ], [ -74.114806872738939, 4.545874174853338 ], [ -74.114770448397451, 4.545872205338071 ], [ -74.114772043794744, 4.545819893573253 ], [ -74.114753348688055, 4.545548559118743 ], [ -74.114750564387009, 4.545539690004716 ], [ -74.114750549098517, 4.54553965493119 ] ] ] } },
{ "type": "Feature", "properties": { "OBJECTID_1": 407, "id_interve": "18005817", "nomenclatu": "CL 50C S ENTRE KR 5 Y KR 4B", "tipo_inter": 1, "loccodigo": "18", "barrio_leg": "EL PORTAL", "numero_con": 866, "año_contr": 2021, "numero_c_1": 833, "año_con_1": 2021, "tipo_contr": 1, "estado_con": 1, "entidad_co": 1, "enlace_con": "https:\/\/community.secop.gov.co\/Public\/Tendering\/OpportunityDetail\/Index?noticeUID=CO1.NTC.2121907&isFromPublicArea=True&isModal=False", "id_element": 422949, "tipo_eleme": 1, "funcion_el": 1, "area_eleme": 303.56857033199998, "SHAPE_Leng": 0.0011128541931, "Shape_Area": 2.4717995337000001e-08 }, "geometry": { "type": "Polygon", "coordinates": [ [ [ -74.113107305157996, 4.544989813029474 ], [ -74.113099276010757, 4.54498289724296 ], [ -74.113113577929255, 4.54496704399395 ], [ -74.113125773635488, 4.544953525384926 ], [ -74.113189006767186, 4.545005838049008 ], [ -74.113213347817691, 4.545025975668295 ], [ -74.113261321252935, 4.545062724665058 ], [ -74.113305835895574, 4.545095048098062 ], [ -74.113345566144915, 4.545130472393453 ], [ -74.113385645331221, 4.545166857164759 ], [ -74.113425101287362, 4.545202587229653 ], [ -74.113464266762435, 4.545239962154596 ], [ -74.113506147290821, 4.545274243411654 ], [ -74.113521302665959, 4.545285601849116 ], [ -74.113500350260892, 4.545294381030885 ], [ -74.113457045206417, 4.545312523953839 ], [ -74.113402926703657, 4.545257232735139 ], [ -74.113359607260008, 4.545213776594551 ], [ -74.11333984825535, 4.545195276640754 ], [ -74.113309550994927, 4.545166911124113 ], [ -74.113289255095026, 4.545149007420832 ], [ -74.113263546175688, 4.545126329216771 ], [ -74.113224044354126, 4.545092015584089 ], [ -74.113189332321781, 4.545060456574845 ], [ -74.113157363221717, 4.545032924729753 ], [ -74.113107305157996, 4.544989813029474 ] ] ] } },
{ "type": "Feature", "properties": { "OBJECTID_1": 408, "id_interve": "18005972", "nomenclatu": "CL 52B S ENTRE KR 5B BIS Y DG 52 BIS S", "tipo_inter": 1, "loccodigo": "18", "barrio_leg": "EL PORTAL II SECTOR", "numero_con": 866, "año_contr": 2021, "numero_c_1": 833, "año_con_1": 2021, "tipo_contr": 1, "estado_con": 1, "entidad_co": 1, "enlace_con": "https:\/\/community.secop.gov.co\/Public\/Tendering\/OpportunityDetail\/Index?noticeUID=CO1.NTC.2121907&isFromPublicArea=True&isModal=False", "id_element": 423314, "tipo_eleme": 2, "funcion_el": 4, "area_eleme": 220.370400058, "SHAPE_Leng": 0.0015068836425699999, "Shape_Area": 1.79438372452e-08 }, "geometry": { "type": "Polygon", "coordinates": [ [ [ -74.11710665235006, 4.54409660637333 ], [ -74.117126602011012, 4.544091688880371 ], [ -74.117176878609996, 4.544299149885887 ], [ -74.117178072010404, 4.544304074573404 ], [ -74.11718534392844, 4.544321070860804 ], [ -74.117341154170902, 4.544685209055217 ], [ -74.11737824940667, 4.544771901901811 ], [ -74.117361388916947, 4.544780360025641 ], [ -74.117359365442326, 4.544781201791068 ], [ -74.117321721620101, 4.544694165403484 ], [ -74.11721157175657, 4.544444625119411 ], [ -74.117174105100844, 4.544361454917237 ], [ -74.117174076322499, 4.544361377575569 ], [ -74.117143179214338, 4.544275620023882 ], [ -74.117143145040075, 4.544275504910672 ], [ -74.117118977558732, 4.544187638448818 ], [ -74.117118957773641, 4.544187544019962 ], [ -74.117101647622917, 4.544098037194715 ], [ -74.117101680897804, 4.544097831249985 ], [ -74.11710665235006, 4.54409660637333 ] ] ] } },
{ "type": "Feature", "properties": { "OBJECTID_1": 409, "id_interve": "18005972", "nomenclatu": "CL 52B S ENTRE KR 5B BIS Y DG 52 BIS S", "tipo_inter": 1, "loccodigo": "18", "barrio_leg": "EL PORTAL II SECTOR", "numero_con": 866, "año_contr": 2021, "numero_c_1": 833, "año_con_1": 2021, "tipo_contr": 1, "estado_con": 1, "entidad_co": 1, "enlace_con": "https:\/\/community.secop.gov.co\/Public\/Tendering\/OpportunityDetail\/Index?noticeUID=CO1.NTC.2121907&isFromPublicArea=True&isModal=False", "id_element": 423316, "tipo_eleme": 2, "funcion_el": 4, "area_eleme": 161.615925651, "SHAPE_Leng": 0.00152026145297, "Shape_Area": 1.31596084321e-08 }, "geometry": { "type": "Polygon", "coordinates": [ [ [ -74.11704509195738, 4.544111777036903 ], [ -74.117054326196183, 4.544110052137228 ], [ -74.117061216801687, 4.544108765207397 ], [ -74.117174256186956, 4.544433519391475 ], [ -74.117330964852101, 4.544796492963826 ], [ -74.117331300299213, 4.544797114395351 ], [ -74.117331389332094, 4.544797313145523 ], [ -74.117312469394903, 4.544804905222236 ], [ -74.117312392952556, 4.544804726257155 ], [ -74.117158046806367, 4.544438966585062 ], [ -74.117134113148779, 4.544369636049908 ], [ -74.117082066683963, 4.544218879997345 ], [ -74.11704509195738, 4.544111777036903 ] ] ] } },
{ "type": "Feature", "properties": { "OBJECTID_1": 410, "id_interve": "18005972", "nomenclatu": "CL 52B S ENTRE KR 5B BIS Y DG 52 BIS S", "tipo_inter": 1, "loccodigo": "18", "barrio_leg": "EL PORTAL II SECTOR", "numero_con": 866, "año_contr": 2021, "numero_c_1": 833, "año_con_1": 2021, "tipo_contr": 1, "estado_con": 1, "entidad_co": 1, "enlace_con": "https:\/\/community.secop.gov.co\/Public\/Tendering\/OpportunityDetail\/Index?noticeUID=CO1.NTC.2121907&isFromPublicArea=True&isModal=False", "id_element": 423315, "tipo_eleme": 1, "funcion_el": 1, "area_eleme": 279.95166680400001, "SHAPE_Leng": 0.00162740258676, "Shape_Area": 2.2795024249600001e-08 }, "geometry": { "type": "Polygon", "coordinates": [ [ [ -74.117331389332094, 4.544797313145523 ], [ -74.117331300299213, 4.544797114395351 ], [ -74.117330964852101, 4.544796492963826 ], [ -74.117174256186956, 4.544433519391475 ], [ -74.117061216801687, 4.544108765207397 ], [ -74.11706049014947, 4.544106677880904 ], [ -74.117059413660968, 4.544103891781219 ], [ -74.11705936239963, 4.544103794654461 ], [ -74.117057882115546, 4.544101331411355 ], [ -74.117057856934537, 4.544101298136468 ], [ -74.117055937781288, 4.544099069616436 ], [ -74.117055903607024, 4.544099039039452 ], [ -74.11705363911409, 4.544097173845557 ], [ -74.117053598644645, 4.544097148664548 ], [ -74.117051818886296, 4.544096136027918 ], [ -74.117079499119541, 4.544091074643404 ], [ -74.117106529142973, 4.544086133768133 ], [ -74.117106280930102, 4.544086433242342 ], [ -74.117106226970748, 4.544086504288771 ], [ -74.117104161228042, 4.544089984665106 ], [ -74.117104136046976, 4.544090028731887 ], [ -74.117102626984604, 4.544093786099381 ], [ -74.117102608998152, 4.544093835562137 ], [ -74.117101680897804, 4.544097831249985 ], [ -74.117101647622917, 4.544098037194715 ], [ -74.117118957773641, 4.544187544019962 ], [ -74.117118977558732, 4.544187638448818 ], [ -74.117143145040075, 4.544275504910672 ], [ -74.117143179214338, 4.544275620023882 ], [ -74.117174076322499, 4.544361377575569 ], [ -74.117174105100844, 4.544361454917237 ], [ -74.11721157175657, 4.544444625119411 ], [ -74.117321721620101, 4.544694165403484 ], [ -74.117359365442326, 4.544781201791068 ], [ -74.117362636276596, 4.544788765089493 ], [ -74.117363530202738, 4.544790811946484 ], [ -74.117364690328145, 4.544792722106479 ], [ -74.117366094169881, 4.544794459596687 ], [ -74.11735482566462, 4.544800010212327 ], [ -74.117330579042971, 4.544811946913853 ], [ -74.11733161955857, 4.544810025062645 ], [ -74.117331634847005, 4.544809993586398 ], [ -74.117332368693837, 4.544807969212457 ], [ -74.117332389378248, 4.544807902662626 ], [ -74.117332810260962, 4.544805826128027 ], [ -74.117332823750758, 4.544805726303252 ], [ -74.11733293077009, 4.544803640775456 ], [ -74.11733292987077, 4.544803516668992 ], [ -74.11733292807213, 4.544803475300171 ], [ -74.117332731120598, 4.544801462617443 ], [ -74.117332705939589, 4.544801298041534 ], [ -74.117332160051092, 4.544799158554383 ], [ -74.117332151057894, 4.544799135172013 ], [ -74.117331389332094, 4.544797313145523 ] ] ] } },
{ "type": "Feature", "properties": { "OBJECTID_1": 411, "id_interve": "18006137", "nomenclatu": "CL 55 S ENTRE KR 5BBIS Y KR 5B", "tipo_inter": 1, "loccodigo": "18", "barrio_leg": "BARRIO LA PAZ", "numero_con": 866, "año_contr": 2021, "numero_c_1": 833, "año_con_1": 2021, "tipo_contr": 1, "estado_con": 1, "entidad_co": 1, "enlace_con": "https:\/\/community.secop.gov.co\/Public\/Tendering\/OpportunityDetail\/Index?noticeUID=CO1.NTC.2121907&isFromPublicArea=True&isModal=False", "id_element": 423708, "tipo_eleme": 2, "funcion_el": 4, "area_eleme": 45.8820006021, "SHAPE_Leng": 0.00045744064044199998, "Shape_Area": 3.7359041143000002e-09 }, "geometry": { "type": "Polygon", "coordinates": [ [ [ -74.118768437613255, 4.54322066580113 ], [ -74.118766903369874, 4.543215314834981 ], [ -74.118772123035001, 4.543217236686189 ], [ -74.118772161705863, 4.543217252873944 ], [ -74.118776984769966, 4.543220005698743 ], [ -74.118777029736123, 4.543220035376407 ], [ -74.118781344683271, 4.543223559819467 ], [ -74.118781374360879, 4.543223585000476 ], [ -74.118785075071116, 4.543227806418201 ], [ -74.118803547145944, 4.543254921877178 ], [ -74.118803595709323, 4.543254998319583 ], [ -74.118820138738386, 4.543283446573867 ], [ -74.118839010112197, 4.543323202004217 ], [ -74.118839028098648, 4.543323243373038 ], [ -74.118853542257114, 4.543363282089842 ], [ -74.118854042280191, 4.543364667945127 ], [ -74.118860889718235, 4.54339122582445 ], [ -74.118861360063704, 4.543396352859418 ], [ -74.118860999435526, 4.543401487988319 ], [ -74.118859818625708, 4.543406499010757 ], [ -74.118857848211064, 4.543411254625767 ], [ -74.118855138553783, 4.543415631626146 ], [ -74.118851141966616, 4.543420103055382 ], [ -74.118843038175612, 4.543397076813676 ], [ -74.118823386190286, 4.54334123520988 ], [ -74.118810646394195, 4.543305035698893 ], [ -74.118768437613255, 4.54322066580113 ] ] ] } },
{ "type": "Feature", "properties": { "OBJECTID_1": 412, "id_interve": "18006191", "nomenclatu": "CL 55 S ENTRE KR 5A Y KR 5B", "tipo_inter": 1, "loccodigo": "18", "barrio_leg": "BARRIO LA PAZ", "numero_con": 866, "año_contr": 2021, "numero_c_1": 833, "año_con_1": 2021, "tipo_contr": 1, "estado_con": 1, "entidad_co": 1, "enlace_con": "https:\/\/community.secop.gov.co\/Public\/Tendering\/OpportunityDetail\/Index?noticeUID=CO1.NTC.2121907&isFromPublicArea=True&isModal=False", "id_element": 423847, "tipo_eleme": 2, "funcion_el": 4, "area_eleme": 30.491130461400001, "SHAPE_Leng": 0.00048800790843, "Shape_Area": 2.48274732033e-09 }, "geometry": { "type": "Polygon", "coordinates": [ [ [ -74.118763022795235, 4.543120421070626 ], [ -74.118763499435886, 4.543120302360137 ], [ -74.118756464938883, 4.543096791383846 ], [ -74.11870034994115, 4.542909230576583 ], [ -74.118702624326602, 4.542906992163978 ], [ -74.118708917782271, 4.542900793137164 ], [ -74.118710675956891, 4.542903725826307 ], [ -74.118711947598285, 4.542906901332458 ], [ -74.118712702129471, 4.542910238716615 ], [ -74.118770017722113, 4.543106374559613 ], [ -74.118770692213616, 4.54310936030879 ], [ -74.118771097807894, 4.543112393722026 ], [ -74.118771152666511, 4.543117756379388 ], [ -74.118770372954316, 4.543123062379493 ], [ -74.118768776657703, 4.543128180421263 ], [ -74.118766404246117, 4.543132983700275 ], [ -74.118763022795235, 4.543120421070626 ] ] ] } },
{ "type": "Feature", "properties": { "OBJECTID_1": 413, "id_interve": "18006425", "nomenclatu": "DG 54 AS ENTRE TV 3F BIS Y KR 3", "tipo_inter": 1, "loccodigo": "18", "barrio_leg": "BARRIO LA PAZ", "numero_con": 866, "año_contr": 2021, "numero_c_1": 833, "año_con_1": 2021, "tipo_contr": 1, "estado_con": 1, "entidad_co": 1, "enlace_con": "https:\/\/community.secop.gov.co\/Public\/Tendering\/OpportunityDetail\/Index?noticeUID=CO1.NTC.2121907&isFromPublicArea=True&isModal=False", "id_element": 92069951, "tipo_eleme": 2, "funcion_el": 4, "area_eleme": 88.120911926000005, "SHAPE_Leng": 0.00172567946243, "Shape_Area": 7.1753450208799996e-09 }, "geometry": { "type": "Polygon", "coordinates": [ [ [ -74.112665789294681, 4.541189476812974 ], [ -74.112664201091945, 4.541175559804287 ], [ -74.112665627416732, 4.541175172196461 ], [ -74.112667084318446, 4.541174916789032 ], [ -74.112687938697377, 4.541175509442269 ], [ -74.112732566654586, 4.541176776587008 ], [ -74.11277553356399, 4.541177997866384 ], [ -74.112802146301988, 4.541177318878226 ], [ -74.112843150890683, 4.541176273865972 ], [ -74.112882426083047, 4.541175272920555 ], [ -74.112944780577095, 4.54117368291918 ], [ -74.113036873852593, 4.54117133478934 ], [ -74.113111326926173, 4.541169437219821 ], [ -74.113188227054991, 4.541171824020523 ], [ -74.113220829277793, 4.541172835757834 ], [ -74.113326628221273, 4.5411761200819 ], [ -74.113342085768579, 4.541176600319886 ], [ -74.113356586437249, 4.541177049980945 ], [ -74.113370519633747, 4.541177481655495 ], [ -74.113409801121406, 4.541178701136175 ], [ -74.113416431822827, 4.541178907080962 ], [ -74.113427233579955, 4.541179241628754 ], [ -74.113442388055716, 4.541179711974166 ], [ -74.113459182894928, 4.541180232681654 ], [ -74.113464835133982, 4.541180408049456 ], [ -74.113471262588632, 4.541180607698948 ], [ -74.113480922206747, 4.541180908072477 ], [ -74.113496132440503, 4.541181380216585 ], [ -74.113503499686715, 4.541181608644365 ], [ -74.113505374773183, 4.541181716563017 ], [ -74.113505428732537, 4.541181722858255 ], [ -74.113508999940336, 4.541182546637287 ], [ -74.113509043107797, 4.541182560127083 ], [ -74.113509188797991, 4.541182607791143 ], [ -74.113510795886498, 4.541183204041658 ], [ -74.113510830060704, 4.541183218430831 ], [ -74.113512415565481, 4.541183957673582 ], [ -74.113512477618713, 4.541183990049149 ], [ -74.11351467376312, 4.541185294066111 ], [ -74.113516533561153, 4.541186699706486 ], [ -74.113516573131278, 4.541186731182734 ], [ -74.113519221634704, 4.541189374290241 ], [ -74.113505125660993, 4.541188957904126 ], [ -74.113114745249277, 4.541177460071765 ], [ -74.113074931362974, 4.541178539258226 ], [ -74.112794797941547, 4.541186131334939 ], [ -74.112690022426534, 4.541188969595339 ], [ -74.112665806381813, 4.54118962610039 ], [ -74.112665789294681, 4.541189476812974 ] ] ] } },
{ "type": "Feature", "properties": { "OBJECTID_1": 414, "id_interve": "18006425", "nomenclatu": "DG 54 AS ENTRE TV 3F BIS Y KR 3", "tipo_inter": 1, "loccodigo": "18", "barrio_leg": "BARRIO LA PAZ", "numero_con": 866, "año_contr": 2021, "numero_c_1": 833, "año_con_1": 2021, "tipo_contr": 1, "estado_con": 1, "entidad_co": 1, "enlace_con": "https:\/\/community.secop.gov.co\/Public\/Tendering\/OpportunityDetail\/Index?noticeUID=CO1.NTC.2121907&isFromPublicArea=True&isModal=False", "id_element": 92069952, "tipo_eleme": 2, "funcion_el": 4, "area_eleme": 156.913930225, "SHAPE_Leng": 0.0017393274547200001, "Shape_Area": 1.27766319058e-08 }, "geometry": { "type": "Polygon", "coordinates": [ [ [ -74.112667324437439, 4.541141792060102 ], [ -74.112663876436727, 4.541137796372254 ], [ -74.11266102738449, 4.541133353721364 ], [ -74.112658833937985, 4.541128553140254 ], [ -74.112659680200068, 4.541128625985323 ], [ -74.112717235911646, 4.541132761068127 ], [ -74.112769285074421, 4.541137289154619 ], [ -74.112820377358503, 4.541132166616251 ], [ -74.112869018990011, 4.5411320991671 ], [ -74.112918555446925, 4.541132316803044 ], [ -74.1129814774132, 4.541128257263324 ], [ -74.113035484400029, 4.54112610608496 ], [ -74.113089530957041, 4.541125851576851 ], [ -74.113134566307167, 4.541125588075488 ], [ -74.113193092387291, 4.541123978289022 ], [ -74.113249748776866, 4.541120785695739 ], [ -74.113249431316149, 4.541118085031655 ], [ -74.113272944990399, 4.541117503170256 ], [ -74.11330345628943, 4.54111674773975 ], [ -74.113303005729108, 4.541113160344139 ], [ -74.113350740843998, 4.541114115424136 ], [ -74.113378873436204, 4.541116709068945 ], [ -74.113403660550432, 4.541118995145553 ], [ -74.113455805041326, 4.541122316341898 ], [ -74.113503540156216, 4.541122979142244 ], [ -74.113518337601135, 4.541123920732389 ], [ -74.113516358193351, 4.541127094439901 ], [ -74.1135163402069, 4.54112711962091 ], [ -74.113513585583462, 4.54113013864503 ], [ -74.113509681626454, 4.541132958918979 ], [ -74.113509641156952, 4.54113297960339 ], [ -74.113506953982721, 4.541134254842063 ], [ -74.113504118420281, 4.541135148768149 ], [ -74.113499923082941, 4.541135730629492 ], [ -74.113470311105914, 4.541135877219006 ], [ -74.113427709321286, 4.541136086761071 ], [ -74.113375241973813, 4.541137032847814 ], [ -74.113375212296148, 4.541137032847814 ], [ -74.113256096191833, 4.5411391804289 ], [ -74.113169600296771, 4.54114073895397 ], [ -74.113082284220013, 4.541142060058064 ], [ -74.112999653611098, 4.541143311015048 ], [ -74.11298048725962, 4.54114360059674 ], [ -74.112809821116286, 4.541143593402182 ], [ -74.112712824737059, 4.541142831676382 ], [ -74.112667324437439, 4.541141792060102 ] ] ] } },
{ "type": "Feature", "properties": { "OBJECTID_1": 415, "id_interve": "50005601", "nomenclatu": "KR 4A ENTRE DG 53 S Y CL 54 S", "tipo_inter": 1, "loccodigo": "18", "barrio_leg": "BARRIO LA PAZ", "numero_con": 866, "año_contr": 2021, "numero_c_1": 833, "año_con_1": 2021, "tipo_contr": 1, "estado_con": 1, "entidad_co": 1, "enlace_con": "https:\/\/community.secop.gov.co\/Public\/Tendering\/OpportunityDetail\/Index?noticeUID=CO1.NTC.2121907&isFromPublicArea=True&isModal=False", "id_element": 92069320, "tipo_eleme": 2, "funcion_el": 4, "area_eleme": 135.408000222, "SHAPE_Leng": 0.00160166706517, "Shape_Area": 1.1025755134300001e-08 }, "geometry": { "type": "Polygon", "coordinates": [ [ [ -74.114594049076061, 4.541973271948962 ], [ -74.114624262699522, 4.541931612653855 ], [ -74.114655496154171, 4.54188846318209 ], [ -74.114662473094597, 4.541876851135839 ], [ -74.114676427874826, 4.541853627942601 ], [ -74.114683404815253, 4.54184201589635 ], [ -74.114711314375597, 4.541795571308626 ], [ -74.114739222137359, 4.541749124022886 ], [ -74.11476666584889, 4.541703451952799 ], [ -74.114797688862211, 4.541659040732213 ], [ -74.114827792768381, 4.541616190734658 ], [ -74.114859228570481, 4.541572072693043 ], [ -74.114891912631606, 4.541528877355859 ], [ -74.114922576815445, 4.541484215224386 ], [ -74.11495479322906, 4.541440668252278 ], [ -74.114978237655521, 4.541413170581393 ], [ -74.114988758824097, 4.541400830983605 ], [ -74.115019998574041, 4.541356571748452 ], [ -74.115046292052682, 4.541319322728611 ], [ -74.11505100539955, 4.541323740198493 ], [ -74.114619346105883, 4.541955801718927 ], [ -74.114615141775346, 4.541962010638315 ], [ -74.114609976968836, 4.541967441644147 ], [ -74.11460399108131, 4.541971946348269 ], [ -74.114597347789356, 4.541975397946317 ], [ -74.114594049076061, 4.541973271948962 ] ] ] } },
{ "type": "Feature", "properties": { "OBJECTID_1": 416, "id_interve": "50005601", "nomenclatu": "KR 4A ENTRE DG 53 S Y CL 54 S", "tipo_inter": 1, "loccodigo": "18", "barrio_leg": "BARRIO LA PAZ", "numero_con": 866, "año_contr": 2021, "numero_c_1": 833, "año_con_1": 2021, "tipo_contr": 1, "estado_con": 1, "entidad_co": 1, "enlace_con": "https:\/\/community.secop.gov.co\/Public\/Tendering\/OpportunityDetail\/Index?noticeUID=CO1.NTC.2121907&isFromPublicArea=True&isModal=False", "id_element": 92069411, "tipo_eleme": 2, "funcion_el": 4, "area_eleme": 106.804351848, "SHAPE_Leng": 0.0013412458686899999, "Shape_Area": 8.6965641385699994e-09 }, "geometry": { "type": "Polygon", "coordinates": [ [ [ -74.114687810593921, 4.541949224077484 ], [ -74.114687637924135, 4.541940551015671 ], [ -74.114687642420733, 4.541940512344809 ], [ -74.114688842116323, 4.54193195979218 ], [ -74.114688859203454, 4.541931897738948 ], [ -74.11469139169435, 4.541923670740857 ], [ -74.11469141687536, 4.54192361498292 ], [ -74.114695223705553, 4.541915893403825 ], [ -74.114695245289283, 4.541915861927521 ], [ -74.114700241023286, 4.541908827430518 ], [ -74.115048889294769, 4.541398502638856 ], [ -74.115061603010531, 4.54140934126815 ], [ -74.115032836396267, 4.541452017696486 ], [ -74.115002556222976, 4.541496943329321 ], [ -74.114968646385876, 4.54153917639195 ], [ -74.114938365313265, 4.541584101125409 ], [ -74.114908084240653, 4.541629025858924 ], [ -74.114878986675876, 4.541672570133073 ], [ -74.114841869856377, 4.541719184692681 ], [ -74.114833843407098, 4.541731196937235 ], [ -74.11481327231462, 4.541761977133604 ], [ -74.114781476783662, 4.541809149272865 ], [ -74.1147496830514, 4.541856319613487 ], [ -74.114722935415102, 4.541896003098088 ], [ -74.114694532126919, 4.541951885171386 ], [ -74.114690577807892, 4.541950317653061 ], [ -74.114687810593921, 4.541949224077484 ] ] ] } },
{ "type": "Feature", "properties": { "OBJECTID_1": 417, "id_interve": "50005601", "nomenclatu": "KR 4A ENTRE DG 53 S Y CL 54 S", "tipo_inter": 1, "loccodigo": "18", "barrio_leg": "BARRIO LA PAZ", "numero_con": 866, "año_contr": 2021, "numero_c_1": 833, "año_con_1": 2021, "tipo_contr": 1, "estado_con": 1, "entidad_co": 1, "enlace_con": "https:\/\/community.secop.gov.co\/Public\/Tendering\/OpportunityDetail\/Index?noticeUID=CO1.NTC.2121907&isFromPublicArea=True&isModal=False", "id_element": 91016523, "tipo_eleme": 3, "funcion_el": 2, "area_eleme": 413.76300334899997, "SHAPE_Leng": 0.0017842526739099999, "Shape_Area": 3.3690561866799999e-08 }, "geometry": { "type": "Polygon", "coordinates": [ [ [ -74.114619346105883, 4.541955801718927 ], [ -74.11505100539955, 4.541323740198493 ], [ -74.115084229053878, 4.541346773634757 ], [ -74.115088565584813, 4.541349780068344 ], [ -74.115064231728866, 4.541386224194923 ], [ -74.115060119129168, 4.541382064830486 ], [ -74.115048889294769, 4.541398502638856 ], [ -74.114700241023286, 4.541908827430518 ], [ -74.114695245289283, 4.541915861927521 ], [ -74.114695223705553, 4.541915893403825 ], [ -74.11469141687536, 4.54192361498292 ], [ -74.11469139169435, 4.541923670740857 ], [ -74.114688859203454, 4.541931897738948 ], [ -74.114688842116323, 4.54193195979218 ], [ -74.114687642420733, 4.541940512344809 ], [ -74.114687637924135, 4.541940551015671 ], [ -74.114687810593921, 4.541949224077484 ], [ -74.1146895220038, 4.541958344102341 ], [ -74.114689532795637, 4.541958393565039 ], [ -74.114692774851619, 4.541967095405198 ], [ -74.114692791039431, 4.541967133176684 ], [ -74.114697488198487, 4.541975183907653 ], [ -74.114703459696841, 4.54198227236401 ], [ -74.114703492072465, 4.541982310135552 ], [ -74.11471058772338, 4.541988271741388 ], [ -74.114710620998324, 4.541988298721037 ], [ -74.114718666333374, 4.541992976994322 ], [ -74.114649558830024, 4.541985937101344 ], [ -74.114580451326731, 4.541978896309047 ], [ -74.114586216880355, 4.541978457439882 ], [ -74.114586260047815, 4.541978449346004 ], [ -74.114591878112662, 4.541977282925302 ], [ -74.114591933870599, 4.54197726583817 ], [ -74.114597347789356, 4.541975397946317 ], [ -74.11460399108131, 4.541971946348269 ], [ -74.114609976968836, 4.541967441644147 ], [ -74.114615141775346, 4.541962010638315 ], [ -74.114619346105883, 4.541955801718927 ] ] ] } },
{ "type": "Feature", "properties": { "OBJECTID_1": 418, "id_interve": "18006459", "nomenclatu": "KR 4C ENTRE DG 54B S Y DG 54ABIS S", "tipo_inter": 1, "loccodigo": "18", "barrio_leg": "BARRIO LA PAZ", "numero_con": 866, "año_contr": 2021, "numero_c_1": 833, "año_con_1": 2021, "tipo_contr": 1, "estado_con": 1, "entidad_co": 1, "enlace_con": "https:\/\/community.secop.gov.co\/Public\/Tendering\/OpportunityDetail\/Index?noticeUID=CO1.NTC.2121907&isFromPublicArea=True&isModal=False", "id_element": 424460, "tipo_eleme": 2, "funcion_el": 4, "area_eleme": 28.434083634299999, "SHAPE_Leng": 0.00044566892698800001, "Shape_Area": 2.31529592984e-09 }, "geometry": { "type": "Polygon", "coordinates": [ [ [ -74.116076122814775, 4.540937298817312 ], [ -74.116078060853795, 4.540936337442076 ], [ -74.116080103214131, 4.540935626078351 ], [ -74.116082219318912, 4.540935178215932 ], [ -74.116204536110388, 4.540904151605332 ], [ -74.116286145988795, 4.540894888588298 ], [ -74.116287958122712, 4.540905743405403 ], [ -74.116181080892147, 4.540922192904929 ], [ -74.11607676762867, 4.540942672266567 ], [ -74.116076122814775, 4.540937298817312 ] ] ] } },
{ "type": "Feature", "properties": { "OBJECTID_1": 419, "id_interve": "18006459", "nomenclatu": "KR 4C ENTRE DG 54B S Y DG 54ABIS S", "tipo_inter": 1, "loccodigo": "18", "barrio_leg": "BARRIO LA PAZ", "numero_con": 866, "año_contr": 2021, "numero_c_1": 833, "año_con_1": 2021, "tipo_contr": 1, "estado_con": 1, "entidad_co": 1, "enlace_con": "https:\/\/community.secop.gov.co\/Public\/Tendering\/OpportunityDetail\/Index?noticeUID=CO1.NTC.2121907&isFromPublicArea=True&isModal=False", "id_element": 424458, "tipo_eleme": 2, "funcion_el": 4, "area_eleme": 24.948068189499999, "SHAPE_Leng": 0.00044611805380100002, "Shape_Area": 2.03140345659e-09 }, "geometry": { "type": "Polygon", "coordinates": [ [ [ -74.116070484964894, 4.540890371293642 ], [ -74.116069487616699, 4.540882070551163 ], [ -74.116282196166367, 4.540859359072215 ], [ -74.11628351996842, 4.540868801054387 ], [ -74.116086899390837, 4.540889716587174 ], [ -74.116081521445039, 4.540890832645857 ], [ -74.116081488170096, 4.540890838941095 ], [ -74.116076022090681, 4.540891059274998 ], [ -74.116075967232064, 4.540891059274998 ], [ -74.116070484964894, 4.540890371293642 ] ] ] } },
{ "type": "Feature", "properties": { "OBJECTID_1": 420, "id_interve": "4008783", "nomenclatu": "KR 23B E ENTRE DG 10 S Y CL 11 S", "tipo_inter": 1, "loccodigo": "04", "barrio_leg": "LOS LAURELES SUR ORIENTAL I SEC.", "numero_con": 416, "año_contr": 2021, "numero_c_1": 421, "año_con_1": 2021, "tipo_contr": 1, "estado_con": 1, "entidad_co": 1, "enlace_con": "https:\/\/community.secop.gov.co\/Public\/Tendering\/OpportunityDetail\/Index?noticeUID=CO1.NTC.1892050&isFromPublicArea=True&isModal=False", "id_element": 36, "tipo_eleme": 1, "funcion_el": 1, "area_eleme": 63.282780363900002, "SHAPE_Leng": 0.00039846128191799998, "Shape_Area": 5.1529249510999996e-09 }, "geometry": { "type": "Polygon", "coordinates": [ [ [ -74.06770570795203, 4.566993757555906 ], [ -74.067730405134057, 4.566975295373652 ], [ -74.067746973344128, 4.567003334436379 ], [ -74.067767559725041, 4.567038173273147 ], [ -74.067783924688342, 4.567065867895508 ], [ -74.067803010100818, 4.567098166147503 ], [ -74.0678127020945, 4.567114568882289 ], [ -74.06781980404071, 4.567126588321457 ], [ -74.067785181041245, 4.567129334850961 ], [ -74.067767446410471, 4.567099996267871 ], [ -74.067765714316238, 4.567096940371528 ], [ -74.067743131440352, 4.567057079720485 ], [ -74.067725040678056, 4.567026470395319 ], [ -74.067714040170756, 4.567007855328313 ], [ -74.067707761104259, 4.566997229838307 ], [ -74.06770570795203, 4.566993757555906 ] ] ] } },
{ "type": "Feature", "properties": { "OBJECTID_1": 421, "id_interve": "4008785", "nomenclatu": "KR 23B E ENTRE DG 10 S Y CL 11 S", "tipo_inter": 1, "loccodigo": "04", "barrio_leg": "LOS LAURELES SUR ORIENTAL I SEC.", "numero_con": 416, "año_contr": 2021, "numero_c_1": 421, "año_con_1": 2021, "tipo_contr": 1, "estado_con": 1, "entidad_co": 1, "enlace_con": "https:\/\/community.secop.gov.co\/Public\/Tendering\/OpportunityDetail\/Index?noticeUID=CO1.NTC.1892050&isFromPublicArea=True&isModal=False", "id_element": 37, "tipo_eleme": 1, "funcion_el": 1, "area_eleme": 84.768201902000001, "SHAPE_Leng": 0.00051260507507700003, "Shape_Area": 6.9024830965600004e-09 }, "geometry": { "type": "Polygon", "coordinates": [ [ [ -74.067705436356789, 4.566993297103011 ], [ -74.067689396948083, 4.566966163657582 ], [ -74.067688878039235, 4.566965286818572 ], [ -74.067686079349016, 4.56696064271955 ], [ -74.067683262672404, 4.566956007613726 ], [ -74.067676941337709, 4.566946595309162 ], [ -74.067666771804056, 4.566931455222516 ], [ -74.067660518817831, 4.566922134648848 ], [ -74.067651308860775, 4.566910285181564 ], [ -74.067635798253434, 4.566890327426734 ], [ -74.067629398677752, 4.566882892731371 ], [ -74.067623574668175, 4.566876126232273 ], [ -74.067608867155457, 4.566860226218523 ], [ -74.067568523568468, 4.566817977867458 ], [ -74.067586864342275, 4.566800757648878 ], [ -74.067590854634204, 4.56679694092611 ], [ -74.067590889707731, 4.566796977798333 ], [ -74.067591166698946, 4.566797269178664 ], [ -74.067594064314562, 4.566800301692638 ], [ -74.067608448970702, 4.566815366236199 ], [ -74.067632346655444, 4.56684039167078 ], [ -74.067651760320416, 4.566861772153118 ], [ -74.067665545128762, 4.566878407812339 ], [ -74.067672162340386, 4.56688684165448 ], [ -74.067682825601878, 4.566901236203137 ], [ -74.06769267857419, 4.566914537176217 ], [ -74.067697481853259, 4.566922131950889 ], [ -74.067706552415416, 4.566936475238208 ], [ -74.067718406379299, 4.566955203619784 ], [ -74.067730361067277, 4.566975220729887 ], [ -74.067730405134057, 4.566975295373652 ], [ -74.06770570795203, 4.566993757555906 ], [ -74.067705436356789, 4.566993297103011 ] ] ] } },
{ "type": "Feature", "properties": { "OBJECTID_1": 422, "id_interve": "1007396", "nomenclatu": "KR 5A ENTRE CL 187B Y CL 187C", "tipo_inter": 1, "loccodigo": "01", "barrio_leg": "LA LLANURITA II", "numero_con": 668, "año_contr": 2021, "numero_c_1": 592, "año_con_1": 2021, "tipo_contr": 1, "estado_con": 1, "entidad_co": 1, "enlace_con": "https:\/\/community.secop.gov.co\/Public\/Tendering\/OpportunityDetail\/Index?noticeUID=CO1.NTC.2093229&isFromPublicArea=True&isModal=False", "id_element": 29, "tipo_eleme": 1, "funcion_el": 2, "area_eleme": 79.963501738199994, "SHAPE_Leng": 0.00051157722358500005, "Shape_Area": 6.5130002915500004e-09 }, "geometry": { "type": "Polygon", "coordinates": [ [ [ -74.025556007104001, 4.764341310203349 ], [ -74.025559142140651, 4.764332009414773 ], [ -74.025547915004211, 4.764333494195455 ], [ -74.025546924850687, 4.764333624597157 ], [ -74.025546878085891, 4.764332755852024 ], [ -74.025538572846813, 4.764177926769946 ], [ -74.025538603423797, 4.764175566049573 ], [ -74.025538597128502, 4.764175513888915 ], [ -74.025538259882751, 4.764173232308849 ], [ -74.025538248191538, 4.764173186443429 ], [ -74.025537552116305, 4.764170980406448 ], [ -74.025541378731589, 4.764170556825775 ], [ -74.025540677260381, 4.764169072045092 ], [ -74.025540626898362, 4.764168992005409 ], [ -74.025539742864794, 4.764167721263391 ], [ -74.025539722180383, 4.764167696981701 ], [ -74.025538599826461, 4.764166543151475 ], [ -74.025538554860361, 4.764166506279309 ], [ -74.025537281420384, 4.764165569185707 ], [ -74.025537233756268, 4.764165543105378 ], [ -74.025535909054895, 4.764164865016539 ], [ -74.025535818223375, 4.764164826345734 ], [ -74.025535768760676, 4.764164806560643 ], [ -74.025534257000345, 4.764164329919936 ], [ -74.025574996288981, 4.76416177404667 ], [ -74.02557731474127, 4.76416177494599 ], [ -74.02557555926461, 4.764163454879565 ], [ -74.025575525090346, 4.764163490852468 ], [ -74.025574033115106, 4.764165420797553 ], [ -74.025574010632056, 4.764165454072497 ], [ -74.025573932391012, 4.7641655799776 ], [ -74.025572867593723, 4.764167494634194 ], [ -74.025572804641172, 4.764167622337936 ], [ -74.025571955681187, 4.764169894025429 ], [ -74.025571937694735, 4.764169947984783 ], [ -74.025571425980502, 4.764172377053626 ], [ -74.025579973137212, 4.764331718933704 ], [ -74.02558069889011, 4.764341935232153 ], [ -74.025581314026397, 4.764350610092606 ], [ -74.025581921068749, 4.764361920866008 ], [ -74.02558193995452, 4.764362277896851 ], [ -74.025541207860442, 4.764362760832796 ], [ -74.025547095721834, 4.764356301901842 ], [ -74.025552059080212, 4.764349108224792 ], [ -74.025556007104001, 4.764341310203349 ] ] ] } },
{ "type": "Feature", "properties": { "OBJECTID_1": 423, "id_interve": "18005585", "nomenclatu": "CL 51ABIS S ENTRE KR 5CBISB Y KR 5D", "tipo_inter": 1, "loccodigo": "18", "barrio_leg": "EL PORTAL II SECTOR", "numero_con": 866, "año_contr": 2021, "numero_c_1": 833, "año_con_1": 2021, "tipo_contr": 1, "estado_con": 1, "entidad_co": 1, "enlace_con": "https:\/\/community.secop.gov.co\/Public\/Tendering\/OpportunityDetail\/Index?noticeUID=CO1.NTC.2121907&isFromPublicArea=True&isModal=False", "id_element": 20011585, "tipo_eleme": 1, "funcion_el": 1, "area_eleme": 69.089491400300005, "SHAPE_Leng": 0.00043709309922500001, "Shape_Area": 5.6256366392999996e-09 }, "geometry": { "type": "Polygon", "coordinates": [ [ [ -74.115854641378576, 4.546561095018546 ], [ -74.11587688610939, 4.546543220093554 ], [ -74.115877392427706, 4.546545421633937 ], [ -74.115877444588364, 4.546546974763146 ], [ -74.115877836692789, 4.546549369657725 ], [ -74.115890589978733, 4.546594587570212 ], [ -74.115906534059263, 4.546651125249298 ], [ -74.11591436355701, 4.546678987145583 ], [ -74.11592699273649, 4.546723919972976 ], [ -74.11592685873751, 4.546723991918725 ], [ -74.115894988562843, 4.546741224727782 ], [ -74.115889589033259, 4.546717142682041 ], [ -74.115882964627076, 4.546687599053485 ], [ -74.115871127750324, 4.54663470362874 ], [ -74.11585927558508, 4.546581788418848 ], [ -74.115854641378576, 4.546561095018546 ] ] ] } },
{ "type": "Feature", "properties": { "OBJECTID_1": 424, "id_interve": "3001788", "nomenclatu": "CL 1A ENTRE KR 2A E Y KR 5 E", "tipo_inter": 1, "loccodigo": "03", "barrio_leg": "EL MIRADOR", "numero_con": 879, "año_contr": 2021, "numero_c_1": 832, "año_con_1": 2021, "tipo_contr": 1, "estado_con": 1, "entidad_co": 1, "enlace_con": "https:\/\/community.secop.gov.co\/Public\/Tendering\/OpportunityDetail\/Index?noticeUID=CO1.NTC.2121907&isFromPublicArea=True&isModal=False", "id_element": 40, "tipo_eleme": 3, "funcion_el": 2, "area_eleme": 546.952558544, "SHAPE_Leng": 0.0020211855478699998, "Shape_Area": 4.45377298704e-08 }, "geometry": { "type": "Polygon", "coordinates": [ [ [ -74.075657978432901, 4.58213686772234 ], [ -74.075617058380487, 4.582183220579225 ], [ -74.074773013163963, 4.581721717283472 ], [ -74.074798008920936, 4.581700309821485 ], [ -74.075091036821846, 4.581847325593628 ], [ -74.075331173794609, 4.581968200771882 ], [ -74.075470426618836, 4.58204236606241 ], [ -74.075657978432901, 4.58213686772234 ] ] ] } },
{ "type": "Feature", "properties": { "OBJECTID_1": 425, "id_interve": "18006425", "nomenclatu": "DG 54 AS ENTRE TV 3F BIS Y KR 3", "tipo_inter": 1, "loccodigo": "18", "barrio_leg": "BARRIO LA PAZ", "numero_con": 866, "año_contr": 2021, "numero_c_1": 833, "año_con_1": 2021, "tipo_contr": 1, "estado_con": 1, "entidad_co": 1, "enlace_con": "https:\/\/community.secop.gov.co\/Public\/Tendering\/OpportunityDetail\/Index?noticeUID=CO1.NTC.2121907&isFromPublicArea=True&isModal=False", "id_element": 486732, "tipo_eleme": 3, "funcion_el": 2, "area_eleme": 362.033109739, "SHAPE_Leng": 0.0018350992776299999, "Shape_Area": 2.9478354592299999e-08 }, "geometry": { "type": "Polygon", "coordinates": [ [ [ -74.113519221634704, 4.541189374290241 ], [ -74.113516573131278, 4.541186731182734 ], [ -74.113516533561153, 4.541186699706486 ], [ -74.11351467376312, 4.541185294066111 ], [ -74.113512477618713, 4.541183990049149 ], [ -74.113512415565481, 4.541183957673582 ], [ -74.113510830060704, 4.541183218430831 ], [ -74.113510795886498, 4.541183204041658 ], [ -74.113509188797991, 4.541182607791143 ], [ -74.113509043107797, 4.541182560127083 ], [ -74.113508999940336, 4.541182546637287 ], [ -74.113505428732537, 4.541181722858255 ], [ -74.113505374773183, 4.541181716563017 ], [ -74.113503499686715, 4.541181608644365 ], [ -74.113496132440503, 4.541181380216585 ], [ -74.113480922206747, 4.541180908072477 ], [ -74.113471262588632, 4.541180607698948 ], [ -74.113464835133982, 4.541180408049456 ], [ -74.113459182894928, 4.541180232681654 ], [ -74.113442388055716, 4.541179711974166 ], [ -74.113427233579955, 4.541179241628754 ], [ -74.113416431822827, 4.541178907080962 ], [ -74.113409801121406, 4.541178701136175 ], [ -74.113370519633747, 4.541177481655495 ], [ -74.113356586437249, 4.541177049980945 ], [ -74.113342085768579, 4.541176600319886 ], [ -74.113326628221273, 4.5411761200819 ], [ -74.113220829277793, 4.541172835757834 ], [ -74.113188227054991, 4.541171824020523 ], [ -74.113111326926173, 4.541169437219821 ], [ -74.113036873852593, 4.54117133478934 ], [ -74.112944780577095, 4.54117368291918 ], [ -74.112882426083047, 4.541175272920555 ], [ -74.112843150890683, 4.541176273865972 ], [ -74.112802146301988, 4.541177318878226 ], [ -74.11277553356399, 4.541177997866384 ], [ -74.112732566654586, 4.541176776587008 ], [ -74.112687938697377, 4.541175509442269 ], [ -74.112667084318446, 4.541174916789032 ], [ -74.112665627416732, 4.541175172196461 ], [ -74.112664201091945, 4.541175559804287 ], [ -74.112667324437439, 4.541141792060102 ], [ -74.112712824737059, 4.541142831676382 ], [ -74.112809821116286, 4.541143593402182 ], [ -74.11298048725962, 4.54114360059674 ], [ -74.112999653611098, 4.541143311015048 ], [ -74.113082284220013, 4.541142060058064 ], [ -74.113169600296771, 4.54114073895397 ], [ -74.113256096191833, 4.5411391804289 ], [ -74.113375212296148, 4.541137032847814 ], [ -74.113375241973813, 4.541137032847814 ], [ -74.113470311105914, 4.541135877219006 ], [ -74.113499923082941, 4.541135730629492 ], [ -74.113504118420281, 4.541135148768149 ], [ -74.113506953982721, 4.541134254842063 ], [ -74.113509641156952, 4.54113297960339 ], [ -74.113509681626454, 4.541132958918979 ], [ -74.113513585583462, 4.54113013864503 ], [ -74.1135163402069, 4.54112711962091 ], [ -74.113516358193351, 4.541127094439901 ], [ -74.113518337601135, 4.541123920732389 ], [ -74.113520676737778, 4.541153953592129 ], [ -74.113522550025607, 4.541178003262303 ], [ -74.113523444851069, 4.541189498396704 ], [ -74.11352403120901, 4.541197024822907 ], [ -74.113524152617515, 4.541199837902241 ], [ -74.113523482622611, 4.541197120151026 ], [ -74.113522137236828, 4.541193790860802 ], [ -74.113521013983586, 4.541191809654322 ], [ -74.113519221634704, 4.541189374290241 ] ] ] } },
{ "type": "Feature", "properties": { "OBJECTID_1": 426, "id_interve": "18006514", "nomenclatu": "DG 54 CS ENTRE KR 3 Y TV 3 BIS", "tipo_inter": 1, "loccodigo": "18", "barrio_leg": "BARRIO LA PAZ", "numero_con": 866, "año_contr": 2021, "numero_c_1": 833, "año_con_1": 2021, "tipo_contr": 1, "estado_con": 1, "entidad_co": 1, "enlace_con": "https:\/\/community.secop.gov.co\/Public\/Tendering\/OpportunityDetail\/Index?noticeUID=CO1.NTC.2121907&isFromPublicArea=True&isModal=False", "id_element": 486773, "tipo_eleme": 3, "funcion_el": 2, "area_eleme": 49.093303254699997, "SHAPE_Leng": 0.00030649485203899999, "Shape_Area": 3.9973820345299999e-09 }, "geometry": { "type": "Polygon", "coordinates": [ [ [ -74.112701591305381, 4.540646812400496 ], [ -74.112694153912059, 4.540646962587289 ], [ -74.112640185596035, 4.54064986559888 ], [ -74.112586230769921, 4.540652995239611 ], [ -74.112576754613485, 4.540624984055796 ], [ -74.112635548691571, 4.540616147317394 ], [ -74.112688998998067, 4.540608113673557 ], [ -74.112688415338084, 4.540614720093288 ], [ -74.11269780965614, 4.540615185942102 ], [ -74.112701591305381, 4.540646812400496 ] ] ] } },
{ "type": "Feature", "properties": { "OBJECTID_1": 427, "id_interve": "5003428", "nomenclatu": "KR 18 E ENTRE CL 81A S Y CL 81B S", "tipo_inter": 1, "loccodigo": "05", "barrio_leg": "PARCELACION SAN PEDRO", "numero_con": 477, "año_contr": 2021, "numero_c_1": 462, "año_con_1": 2021, "tipo_contr": 1, "estado_con": 2, "entidad_co": 1, "enlace_con": "https:\/\/community.secop.gov.co\/Public\/Tendering\/OpportunityDetail\/Index?noticeUID=CO1.NTC.1925735&isFromPublicArea=True&isModal=False", "id_element": 297421, "tipo_eleme": 1, "funcion_el": 3, "area_eleme": 85.757953505399996, "SHAPE_Leng": 0.00039934734237199998, "Shape_Area": 6.9824774607200003e-09 }, "geometry": { "type": "Polygon", "coordinates": [ [ [ -74.08696255188022, 4.506919685195385 ], [ -74.086965893760976, 4.506898009735437 ], [ -74.08696074784018, 4.506839139214946 ], [ -74.086958336757789, 4.506811548913902 ], [ -74.086955976936736, 4.506784551266094 ], [ -74.086955450833329, 4.506778525808386 ], [ -74.086955298847897, 4.506776791915456 ], [ -74.086954666624536, 4.506769556869585 ], [ -74.086999826081069, 4.506764228386487 ], [ -74.087002097768561, 4.506790224189558 ], [ -74.08700996773581, 4.506880276903303 ], [ -74.087010297786946, 4.50688404686133 ], [ -74.087009962339835, 4.506887263736303 ], [ -74.087009956943916, 4.506887325789478 ], [ -74.0870100819497, 4.50689056784546 ], [ -74.087010086446298, 4.506890620905494 ], [ -74.087010681797494, 4.506893862961476 ], [ -74.087007716732728, 4.506921334551976 ], [ -74.08696255188022, 4.506919685195385 ] ] ] } },
{ "type": "Feature", "properties": { "OBJECTID_1": 428, "id_interve": "5003453", "nomenclatu": "KR 17 E ENTRE CL 81A S Y CL 81B S", "tipo_inter": 1, "loccodigo": "05", "barrio_leg": "PARCELACION SAN PEDRO", "numero_con": 477, "año_contr": 2021, "numero_c_1": 462, "año_con_1": 2021, "tipo_contr": 1, "estado_con": 2, "entidad_co": 1, "enlace_con": "https:\/\/community.secop.gov.co\/Public\/Tendering\/OpportunityDetail\/Index?noticeUID=CO1.NTC.1925735&isFromPublicArea=True&isModal=False", "id_element": 297515, "tipo_eleme": 1, "funcion_el": 3, "area_eleme": 104.510969178, "SHAPE_Leng": 0.00051675172549299996, "Shape_Area": 8.5093013384299994e-09 }, "geometry": { "type": "Polygon", "coordinates": [ [ [ -74.087674285240041, 4.506946913968932 ], [ -74.087674487587492, 4.506928905944278 ], [ -74.087677297069547, 4.506926899556845 ], [ -74.087677375310591, 4.506926834805654 ], [ -74.087677433766544, 4.506926782644939 ], [ -74.087679879922462, 4.506924311307955 ], [ -74.087679926687201, 4.506924248355404 ], [ -74.087681924081494, 4.506921400202486 ], [ -74.087681955557741, 4.506921339947951 ], [ -74.087683453828276, 4.50691818602553 ], [ -74.087683469116769, 4.50691814016011 ], [ -74.087684423297446, 4.506914758709172 ], [ -74.087684427794045, 4.506914728132244 ], [ -74.087684804609978, 4.506911209085104 ], [ -74.087684587873412, 4.506907662158937 ], [ -74.087684568088321, 4.506907554240286 ], [ -74.087683779382871, 4.506904192574495 ], [ -74.087680957310283, 4.506749754697466 ], [ -74.087680690211641, 4.506735119130497 ], [ -74.087680681218444, 4.506734646087068 ], [ -74.087722859422399, 4.506735121828456 ], [ -74.08772116959625, 4.506885784351539 ], [ -74.087720435749475, 4.50694743467642 ], [ -74.087674285240041, 4.506946913968932 ] ] ] } },
{ "type": "Feature", "properties": { "OBJECTID_1": 429, "id_interve": "5003272", "nomenclatu": "KR 18 E ENTRE CL 80C S Y CL 80D S", "tipo_inter": 1, "loccodigo": "05", "barrio_leg": "PARCELACION SAN PEDRO", "numero_con": 477, "año_contr": 2021, "numero_c_1": 462, "año_con_1": 2021, "tipo_contr": 1, "estado_con": 2, "entidad_co": 1, "enlace_con": "https:\/\/community.secop.gov.co\/Public\/Tendering\/OpportunityDetail\/Index?noticeUID=CO1.NTC.1925735&isFromPublicArea=True&isModal=False", "id_element": 297038, "tipo_eleme": 1, "funcion_el": 3, "area_eleme": 64.630516618599998, "SHAPE_Leng": 0.00046622397922500001, "Shape_Area": 5.2622772811999996e-09 }, "geometry": { "type": "Polygon", "coordinates": [ [ [ -74.087060825296817, 4.507815535858356 ], [ -74.087051657607901, 4.507735374787785 ], [ -74.087046992824412, 4.507705804179579 ], [ -74.087037530157829, 4.507655943067391 ], [ -74.087066460448739, 4.507652939331706 ], [ -74.087072878910192, 4.507698965734733 ], [ -74.087080157123523, 4.507762421898292 ], [ -74.087080187700451, 4.507762706983385 ], [ -74.087085687054753, 4.507826630794398 ], [ -74.087088450671445, 4.507858921851835 ], [ -74.087064635724346, 4.507860080178602 ], [ -74.08706354934327, 4.507847370060119 ], [ -74.087060825296817, 4.507815535858356 ] ] ] } },
{ "type": "Feature", "properties": { "OBJECTID_1": 430, "id_interve": "5003402", "nomenclatu": "KR 17 E ENTRE 81 BIS S Y CL 81A S", "tipo_inter": 1, "loccodigo": "05", "barrio_leg": "PARCELACION SAN PEDRO", "numero_con": 477, "año_contr": 2021, "numero_c_1": 462, "año_con_1": 2021, "tipo_contr": 1, "estado_con": 2, "entidad_co": 1, "enlace_con": "https:\/\/community.secop.gov.co\/Public\/Tendering\/OpportunityDetail\/Index?noticeUID=CO1.NTC.1925735&isFromPublicArea=True&isModal=False", "id_element": 297358, "tipo_eleme": 1, "funcion_el": 3, "area_eleme": 89.773521607000006, "SHAPE_Leng": 0.00055930385470399999, "Shape_Area": 7.3094135201799997e-09 }, "geometry": { "type": "Polygon", "coordinates": [ [ [ -74.087682487057066, 4.507157218630766 ], [ -74.087684792918822, 4.507154424437203 ], [ -74.087686652716798, 4.507151312782923 ], [ -74.087687398254786, 4.507149669721514 ], [ -74.087688384811088, 4.507146730737077 ], [ -74.087688985558202, 4.507143689229906 ], [ -74.087689192402252, 4.507140594662758 ], [ -74.08768759070972, 4.507066423976312 ], [ -74.087686802004271, 4.507029865635843 ], [ -74.08768563018765, 4.506975567268682 ], [ -74.087684540209352, 4.506972209200114 ], [ -74.087683047334735, 4.50696901121097 ], [ -74.08767403972513, 4.506968908688236 ], [ -74.087674285240041, 4.506946913968932 ], [ -74.087720435749475, 4.50694743467642 ], [ -74.087720478916935, 4.506947435575739 ], [ -74.087720458232525, 4.506949278286584 ], [ -74.087719097558249, 4.507070619313652 ], [ -74.087718443751157, 4.507128977220589 ], [ -74.08772114801252, 4.507134747270811 ], [ -74.087724772280353, 4.507139985821709 ], [ -74.087729188850972, 4.507144512109619 ], [ -74.087729226622457, 4.507144548981785 ], [ -74.087734365348638, 4.507148293758803 ], [ -74.087739987010764, 4.5071510960463 ], [ -74.087740066151071, 4.507151132019203 ], [ -74.087746151863371, 4.507152977428007 ], [ -74.087702830621083, 4.507157691674195 ], [ -74.08767920363232, 4.507160262835896 ], [ -74.087682487057066, 4.507157218630766 ] ] ] } },
{ "type": "Feature", "properties": { "OBJECTID_1": 431, "id_interve": "5003359", "nomenclatu": "KR 18 E ENTRE CL 80D S Y CL 81 BIS S", "tipo_inter": 1, "loccodigo": "05", "barrio_leg": "PARCELACION SAN PEDRO", "numero_con": 477, "año_contr": 2021, "numero_c_1": 462, "año_con_1": 2021, "tipo_contr": 1, "estado_con": 2, "entidad_co": 1, "enlace_con": "https:\/\/community.secop.gov.co\/Public\/Tendering\/OpportunityDetail\/Index?noticeUID=CO1.NTC.1925735&isFromPublicArea=True&isModal=False", "id_element": 297260, "tipo_eleme": 1, "funcion_el": 3, "area_eleme": 209.75258119399999, "SHAPE_Leng": 0.0011655807866200001, "Shape_Area": 1.7078231486199999e-08 }, "geometry": { "type": "Polygon", "coordinates": [ [ [ -74.087028508159108, 4.507616155261417 ], [ -74.087020348610167, 4.507605784279576 ], [ -74.087020309939305, 4.507605724924304 ], [ -74.087013339294117, 4.507594599411277 ], [ -74.087008152903877, 4.507584107020989 ], [ -74.08700309421738, 4.507570351890251 ], [ -74.086999698377326, 4.507556093139215 ], [ -74.086998010349873, 4.50754153131669 ], [ -74.08697711730008, 4.507397189228925 ], [ -74.08696466888432, 4.50731119425626 ], [ -74.086950374160381, 4.507212428011201 ], [ -74.086948464899706, 4.507204805357503 ], [ -74.086948442416656, 4.507204738807673 ], [ -74.086945630236585, 4.507197476782153 ], [ -74.086945597861018, 4.507197412930338 ], [ -74.086941912439272, 4.50719055829768 ], [ -74.086937169414796, 4.507183908710488 ], [ -74.086932329263561, 4.507178625193433 ], [ -74.086926921640099, 4.507173925336417 ], [ -74.086925480026821, 4.507172838056078 ], [ -74.086918242282991, 4.507168276694642 ], [ -74.086910454154122, 4.50716474056037 ], [ -74.086902260430918, 4.507162294404395 ], [ -74.08694669593325, 4.507169685932297 ], [ -74.08699569729356, 4.507177839185999 ], [ -74.086999272998014, 4.507178433637876 ], [ -74.08701162068968, 4.507180487689425 ], [ -74.087007850731709, 4.507181485936883 ], [ -74.087007782383239, 4.507181505721974 ], [ -74.087004146424192, 4.507182940140638 ], [ -74.087004087968239, 4.507182965321647 ], [ -74.08700058780687, 4.507184845804034 ], [ -74.086997561588134, 4.507186936727805 ], [ -74.086993708892521, 4.507190435989855 ], [ -74.08699366662438, 4.507190477358677 ], [ -74.086990403883988, 4.507194518012625 ], [ -74.086990360716527, 4.507194575569258 ], [ -74.086987741890709, 4.507199103655751 ], [ -74.086987723904315, 4.507199136930694 ], [ -74.086985822737518, 4.50720404003448 ], [ -74.086984692289661, 4.507209202143031 ], [ -74.087030421916381, 4.507537707399308 ], [ -74.087033027252346, 4.507556492438198 ], [ -74.087033032648321, 4.507556525713142 ], [ -74.087038791007387, 4.507574618274077 ], [ -74.087047505437965, 4.50759140861669 ], [ -74.087047542310188, 4.507591476065841 ], [ -74.08705901406222, 4.50760659097142 ], [ -74.087059092303207, 4.507607055021595 ], [ -74.087066460448739, 4.507652939331706 ], [ -74.087037530157829, 4.507655943067391 ], [ -74.087028508159108, 4.507616155261417 ] ] ] } },
{ "type": "Feature", "properties": { "OBJECTID_1": 432, "id_interve": "5003340", "nomenclatu": "KR 17 E ENTRE CL 80B S Y CL 81BIS S", "tipo_inter": 1, "loccodigo": "05", "barrio_leg": "PARCELACION SAN PEDRO", "numero_con": 477, "año_contr": 2021, "numero_c_1": 462, "año_con_1": 2021, "tipo_contr": 1, "estado_con": 2, "entidad_co": 1, "enlace_con": "https:\/\/community.secop.gov.co\/Public\/Tendering\/OpportunityDetail\/Index?noticeUID=CO1.NTC.1925735&isFromPublicArea=True&isModal=False", "id_element": 297203, "tipo_eleme": 1, "funcion_el": 3, "area_eleme": 271.05075873700002, "SHAPE_Leng": 0.0016413054783099999, "Shape_Area": 2.2069312650100001e-08 }, "geometry": { "type": "Polygon", "coordinates": [ [ [ -74.087703788399097, 4.507517791013299 ], [ -74.087707011569307, 4.507480156184329 ], [ -74.087706816416414, 4.507442382859722 ], [ -74.087703201141778, 4.507404783104278 ], [ -74.08769070416264, 4.50721344514443 ], [ -74.087690595344668, 4.507211765210855 ], [ -74.087690583653455, 4.507211704956262 ], [ -74.087690199642964, 4.507210130243379 ], [ -74.087690157374823, 4.50721001513017 ], [ -74.087689526050724, 4.50720857801349 ], [ -74.087688607842949, 4.507207182265688 ], [ -74.087688585359899, 4.507207155286039 ], [ -74.087687457610059, 4.50720595738909 ], [ -74.087687408147303, 4.507205916020268 ], [ -74.087686115821555, 4.507204949249058 ], [ -74.087686045674445, 4.507204908779556 ], [ -74.087684745254762, 4.507204240583292 ], [ -74.087684621148298, 4.507204189321953 ], [ -74.087684545605271, 4.507204158744969 ], [ -74.087683085106278, 4.507203707285328 ], [ -74.087683018556447, 4.507203691996835 ], [ -74.087682969993011, 4.507203683003638 ], [ -74.087681355709947, 4.507203477958171 ], [ -74.087705807377063, 4.507200387887622 ], [ -74.087731161064198, 4.507197183603182 ], [ -74.087728832719392, 4.507198314950301 ], [ -74.087726704024135, 4.507199789838467 ], [ -74.087724827139027, 4.507201573194095 ], [ -74.08772324523153, 4.507203622749046 ], [ -74.087721996073242, 4.507205889939939 ], [ -74.087721108442338, 4.507208321706742 ], [ -74.087720603922719, 4.507210861392196 ], [ -74.087720494205428, 4.507213447842389 ], [ -74.087732391336772, 4.50743886830918 ], [ -74.087732430906897, 4.507479040125645 ], [ -74.087728213985827, 4.507518989809569 ], [ -74.087720051738984, 4.507607296939227 ], [ -74.087718850244698, 4.507695972790941 ], [ -74.087724617596962, 4.507784468778254 ], [ -74.087731187144527, 4.507973095282182 ], [ -74.087698580425126, 4.507973587211325 ], [ -74.087698462613901, 4.507965755914938 ], [ -74.087694231303715, 4.507813167044048 ], [ -74.087690223924653, 4.507726170226647 ], [ -74.087690224823973, 4.507726073099832 ], [ -74.08769261791997, 4.507639113154596 ], [ -74.087692626913167, 4.507639016027838 ], [ -74.087701401598395, 4.507552470670021 ], [ -74.087703788399097, 4.507517791013299 ] ] ] } },
{ "type": "Feature", "properties": { "OBJECTID_1": 433, "id_interve": "5003408", "nomenclatu": "CL 81A S ENTRE KR 17 E Y KR 17A S", "tipo_inter": 1, "loccodigo": "05", "barrio_leg": "PARCELACION SAN PEDRO", "numero_con": 477, "año_contr": 2021, "numero_c_1": 462, "año_con_1": 2021, "tipo_contr": 1, "estado_con": 2, "entidad_co": 1, "enlace_con": "https:\/\/community.secop.gov.co\/Public\/Tendering\/OpportunityDetail\/Index?noticeUID=CO1.NTC.1925735&isFromPublicArea=True&isModal=False", "id_element": 297373, "tipo_eleme": 1, "funcion_el": 2, "area_eleme": 212.65715233200001, "SHAPE_Leng": 0.00145568544188, "Shape_Area": 1.73147539121e-08 }, "geometry": { "type": "Polygon", "coordinates": [ [ [ -74.087014148683977, 4.506941779739407 ], [ -74.08701024023037, 4.506945145901796 ], [ -74.087010222243919, 4.506945163888247 ], [ -74.087006889356417, 4.506949137093045 ], [ -74.087004234557753, 4.506953598629707 ], [ -74.087007716732728, 4.506921334551976 ], [ -74.087010681797494, 4.506893862961476 ], [ -74.087011819439851, 4.506897184157765 ], [ -74.087013449011408, 4.506900292214766 ], [ -74.087015533639942, 4.506903114287354 ], [ -74.087018024762017, 4.506905584725018 ], [ -74.08702086212304, 4.506907644172486 ], [ -74.087023980072559, 4.506909246764394 ], [ -74.087027305765503, 4.506910354729143 ], [ -74.087164118729049, 4.506914639998683 ], [ -74.087167839224378, 4.506914756910533 ], [ -74.087276673379733, 4.506918165341119 ], [ -74.087280392975742, 4.506918282252968 ], [ -74.087655179143155, 4.506930021103642 ], [ -74.087658332166257, 4.506931141658924 ], [ -74.087661623684937, 4.506931746003318 ], [ -74.087664969162972, 4.506931820647026 ], [ -74.087668284064023, 4.506931361992827 ], [ -74.087671483851864, 4.506930381731763 ], [ -74.087674487587492, 4.506928905944278 ], [ -74.087674285240041, 4.506946913968932 ], [ -74.08767403972513, 4.506968908688236 ], [ -74.087672138558332, 4.506965884268197 ], [ -74.087669874964718, 4.506963120651562 ], [ -74.087667969301322, 4.506961245565094 ], [ -74.087665894565362, 4.506959556638265 ], [ -74.087662180365271, 4.506957228293516 ], [ -74.087658152301856, 4.506955497098545 ], [ -74.087653906602441, 4.506954403522968 ], [ -74.087649543091914, 4.50695397454632 ], [ -74.087645166091477, 4.506954219161912 ], [ -74.087640878123977, 4.506955131973825 ], [ -74.087609490885256, 4.506954149014803 ], [ -74.087605836040439, 4.506954034800913 ], [ -74.087028404737055, 4.506935949434592 ], [ -74.087023358641034, 4.506937113157278 ], [ -74.087018565254539, 4.506939073679348 ], [ -74.087014148683977, 4.506941779739407 ] ] ] } },
{ "type": "Feature", "properties": { "OBJECTID_1": 434, "id_interve": "5003406", "nomenclatu": "KR 18 E ENTRE CL 81 BIS S Y CL 81A S", "tipo_inter": 1, "loccodigo": "05", "barrio_leg": "PARCELACION SAN PEDRO", "numero_con": 477, "año_contr": 2021, "numero_c_1": 462, "año_con_1": 2021, "tipo_contr": 1, "estado_con": 2, "entidad_co": 1, "enlace_con": "https:\/\/community.secop.gov.co\/Public\/Tendering\/OpportunityDetail\/Index?noticeUID=CO1.NTC.1925735&isFromPublicArea=True&isModal=False", "id_element": 297370, "tipo_eleme": 1, "funcion_el": 3, "area_eleme": 120.4578254, "SHAPE_Leng": 0.00058840362168799995, "Shape_Area": 9.80776700249e-09 }, "geometry": { "type": "Polygon", "coordinates": [ [ [ -74.086954656731962, 4.507121488565872 ], [ -74.086895850962719, 4.507111836142371 ], [ -74.086902753259437, 4.507111249784373 ], [ -74.086902790131603, 4.507111241690495 ], [ -74.086909475691698, 4.507109571649437 ], [ -74.086909524255077, 4.507109553663042 ], [ -74.086915849187051, 4.507106844005705 ], [ -74.08691587526738, 4.507106828717212 ], [ -74.08692170916953, 4.507103136100909 ], [ -74.08692207609289, 4.507102858210374 ], [ -74.086926954015667, 4.507098489303871 ], [ -74.086927001679726, 4.507098435344574 ], [ -74.086931126869956, 4.507093438711252 ], [ -74.086931149353006, 4.507093406335684 ], [ -74.086934502025599, 4.507087808055928 ], [ -74.086936989550395, 4.507081751121973 ], [ -74.086937003040191, 4.507081707055193 ], [ -74.086938548974842, 4.50707537762662 ], [ -74.08696255188022, 4.506919685195385 ], [ -74.087007716732728, 4.506921334551976 ], [ -74.087004234557753, 4.506953598629707 ], [ -74.087002620274689, 4.506957525969085 ], [ -74.087001534792932, 4.506961631374224 ], [ -74.08700099699837, 4.506965842899376 ], [ -74.086999820685151, 4.506973469150353 ], [ -74.086999657008505, 4.506974528551723 ], [ -74.086985571826631, 4.507065891577668 ], [ -74.08698311308018, 4.507081840154854 ], [ -74.086982327972009, 4.507084408618596 ], [ -74.086981262275401, 4.5070898989797 ], [ -74.086981254181524, 4.50708994484512 ], [ -74.086980981686906, 4.507095515245908 ], [ -74.086980980787587, 4.507095578198403 ], [ -74.086981507790313, 4.507101147699871 ], [ -74.086981513186231, 4.507101191766651 ], [ -74.086982842384202, 4.507106672235182 ], [ -74.086984523217154, 4.507111019557954 ], [ -74.086986706771086, 4.507115137553626 ], [ -74.086989629567711, 4.507119301414662 ], [ -74.086989659245319, 4.507119340085524 ], [ -74.086993128829818, 4.507123119936068 ], [ -74.086997011203039, 4.507126368287288 ], [ -74.086997066961032, 4.507126412354069 ], [ -74.087001397196673, 4.507129161581588 ], [ -74.086986974769047, 4.507126794565977 ], [ -74.086983292045261, 4.507126190221527 ], [ -74.086954656731962, 4.507121488565872 ] ] ] } },
{ "type": "Feature", "properties": { "OBJECTID_1": 435, "id_interve": "5003620", "nomenclatu": "KR 16 E ENTRE CL 81 BIS S Y CL 82 S", "tipo_inter": 1, "loccodigo": "05", "barrio_leg": "PARCELACION SAN PEDRO", "numero_con": 477, "año_contr": 2021, "numero_c_1": 462, "año_con_1": 2021, "tipo_contr": 1, "estado_con": 2, "entidad_co": 1, "enlace_con": "https:\/\/community.secop.gov.co\/Public\/Tendering\/OpportunityDetail\/Index?noticeUID=CO1.NTC.1925735&isFromPublicArea=True&isModal=False", "id_element": 297942, "tipo_eleme": 1, "funcion_el": 3, "area_eleme": 466.95138806199998, "SHAPE_Leng": 0.00265501172957, "Shape_Area": 3.80194834212e-08 }, "geometry": { "type": "Polygon", "coordinates": [ [ [ -74.087995997916948, 4.507095437004864 ], [ -74.087996047379647, 4.507095365958435 ], [ -74.087999237274914, 4.507090279392912 ], [ -74.087999269650538, 4.507090210145122 ], [ -74.088001640263428, 4.507084679314573 ], [ -74.088001653753281, 4.507084633449097 ], [ -74.088003146627898, 4.507078766272116 ], [ -74.088003721294683, 4.507072701244226 ], [ -74.088003348975349, 4.507066614632606 ], [ -74.088010744100529, 4.506491125864841 ], [ -74.08801281523921, 4.506329943072444 ], [ -74.088014487978171, 4.506199743723244 ], [ -74.088015396293486, 4.506129035426682 ], [ -74.088015706559588, 4.505958783870824 ], [ -74.088015711955507, 4.505891338314655 ], [ -74.088015317153122, 4.50582868794362 ], [ -74.088015316253802, 4.505828604306714 ], [ -74.088047419352904, 4.505834336585394 ], [ -74.088033973588949, 4.507046766595067 ], [ -74.088032992428623, 4.507052114863257 ], [ -74.088032919583554, 4.507057553063646 ], [ -74.088033759550342, 4.507062924714262 ], [ -74.088035488946616, 4.507068077829558 ], [ -74.088038025934111, 4.507072817256756 ], [ -74.088038054712399, 4.507072866719454 ], [ -74.088041305761635, 4.507077060258155 ], [ -74.088041384901942, 4.507077154687011 ], [ -74.08804524569149, 4.507080703411759 ], [ -74.08804538058979, 4.507080826618903 ], [ -74.088045511890812, 4.507080911155185 ], [ -74.088045619809463, 4.507080989396172 ], [ -74.088049771080023, 4.507083662181287 ], [ -74.088049936555308, 4.507083769200619 ], [ -74.088050076849527, 4.507083828555892 ], [ -74.08805011192311, 4.507083847441663 ], [ -74.088054928691975, 4.507085897895934 ], [ -74.088060190625242, 4.507087165939993 ], [ -74.088021905586459, 4.507095982893361 ], [ -74.087987343740906, 4.507103943692073 ], [ -74.0879920022291, 4.507100027144588 ], [ -74.087995997916948, 4.507095437004864 ] ] ] } },
{ "type": "Feature", "properties": { "OBJECTID_1": 436, "id_interve": "5003189", "nomenclatu": "CL 80B S ENTRE KR 17 BIS E Y KR 18 E", "tipo_inter": 1, "loccodigo": "05", "barrio_leg": "PARCELACION SAN PEDRO", "numero_con": 477, "año_contr": 2021, "numero_c_1": 462, "año_con_1": 2021, "tipo_contr": 1, "estado_con": 2, "entidad_co": 1, "enlace_con": "https:\/\/community.secop.gov.co\/Public\/Tendering\/OpportunityDetail\/Index?noticeUID=CO1.NTC.1925735&isFromPublicArea=True&isModal=False", "id_element": 816463, "tipo_eleme": 3, "funcion_el": 2, "area_eleme": 93.539350303800006, "SHAPE_Leng": 0.00047598772548699999, "Shape_Area": 7.6160330177100005e-09 }, "geometry": { "type": "Polygon", "coordinates": [ [ [ -74.087124812959701, 4.508008894594866 ], [ -74.087123478365811, 4.507990498063066 ], [ -74.087132944629673, 4.507989985449512 ], [ -74.087180823636061, 4.507987389106745 ], [ -74.087319483807107, 4.507979871673797 ], [ -74.087323108074941, 4.507979674722264 ], [ -74.087324377018319, 4.507998430083546 ], [ -74.087325720605463, 4.508018299704815 ], [ -74.087325808739024, 4.508019602822458 ], [ -74.087289075930073, 4.508020890651608 ], [ -74.087235070741883, 4.508022799912339 ], [ -74.087235041064275, 4.50802279901302 ], [ -74.087172939279696, 4.508024970875738 ], [ -74.087136049089338, 4.508026259604264 ], [ -74.087126090896334, 4.508026607641852 ], [ -74.087124812959701, 4.508008894594866 ] ] ] } },
{ "type": "Feature", "properties": { "OBJECTID_1": 437, "id_interve": "5003594", "nomenclatu": "KR 17 E ENTRE CL 81B S Y CL 82 S", "tipo_inter": 1, "loccodigo": "05", "barrio_leg": "PARCELACION SAN PEDRO", "numero_con": 477, "año_contr": 2021, "numero_c_1": 462, "año_con_1": 2021, "tipo_contr": 1, "estado_con": 2, "entidad_co": 1, "enlace_con": "https:\/\/community.secop.gov.co\/Public\/Tendering\/OpportunityDetail\/Index?noticeUID=CO1.NTC.1925735&isFromPublicArea=True&isModal=False", "id_element": 297876, "tipo_eleme": 1, "funcion_el": 3, "area_eleme": 478.102278313, "SHAPE_Leng": 0.0021028696645900001, "Shape_Area": 3.89274675736e-08 }, "geometry": { "type": "Polygon", "coordinates": [ [ [ -74.087680681218444, 4.506734646087068 ], [ -74.087680404227228, 4.506719535678087 ], [ -74.08766384770837, 4.505813572138663 ], [ -74.087662591355468, 4.505808537733856 ], [ -74.087660521116106, 4.505803778521624 ], [ -74.087657695446239, 4.505799426702254 ], [ -74.087654190788214, 4.505795599187593 ], [ -74.087650103369526, 4.505792402997031 ], [ -74.087645544706106, 4.505789923566169 ], [ -74.087640639803624, 4.505788229243421 ], [ -74.08763552356055, 4.505787365894264 ], [ -74.087630333572974, 4.505787358699706 ], [ -74.087663647159559, 4.505765533952285 ], [ -74.087707295755081, 4.505736936410528 ], [ -74.087703598642122, 4.505742193847198 ], [ -74.087700789160067, 4.505747974689314 ], [ -74.087700770274296, 4.505748016957455 ], [ -74.087698923966116, 4.505754188105357 ], [ -74.087698091193943, 4.505760564298669 ], [ -74.087698086697287, 4.505760602070154 ], [ -74.087698288145418, 4.505767054705871 ], [ -74.087723115729148, 4.506712140552906 ], [ -74.087722860321719, 4.506735028298976 ], [ -74.087722859422399, 4.506735121828456 ], [ -74.087680681218444, 4.506734646087068 ] ] ] } },
{ "type": "Feature", "properties": { "OBJECTID_1": 438, "id_interve": "50005420", "nomenclatu": "KR 18 E CL 80A S Y CL 80B S", "tipo_inter": 1, "loccodigo": "05", "barrio_leg": "PARCELACION SAN PEDRO", "numero_con": 477, "año_contr": 2021, "numero_c_1": 462, "año_con_1": 2021, "tipo_contr": 1, "estado_con": 2, "entidad_co": 1, "enlace_con": "https:\/\/community.secop.gov.co\/Public\/Tendering\/OpportunityDetail\/Index?noticeUID=CO1.NTC.1925735&isFromPublicArea=True&isModal=False", "id_element": 91017341, "tipo_eleme": 1, "funcion_el": 3, "area_eleme": 90.993426238799998, "SHAPE_Leng": 0.00066955885661999998, "Shape_Area": 7.4086558002200001e-09 }, "geometry": { "type": "Polygon", "coordinates": [ [ [ -74.087077719061426, 4.508012954134585 ], [ -74.087101456666858, 4.508010908176914 ], [ -74.087102868602472, 4.508027418830352 ], [ -74.087127522617038, 4.508315501359334 ], [ -74.087127977674015, 4.508320811856038 ], [ -74.087104223880772, 4.508322689640465 ], [ -74.087077719061426, 4.508012954134585 ] ] ] } },
{ "type": "Feature", "properties": { "OBJECTID_1": 439, "id_interve": "50007905", "nomenclatu": "KR 18 E ENTRE CL 81B S Y CL 82 S", "tipo_inter": 1, "loccodigo": "05", "barrio_leg": "PARCELACION SAN PEDRO", "numero_con": 477, "año_contr": 2021, "numero_c_1": 462, "año_con_1": 2021, "tipo_contr": 1, "estado_con": 2, "entidad_co": 1, "enlace_con": "https:\/\/community.secop.gov.co\/Public\/Tendering\/OpportunityDetail\/Index?noticeUID=CO1.NTC.1925735&isFromPublicArea=True&isModal=False", "id_element": 297735, "tipo_eleme": 1, "funcion_el": 3, "area_eleme": 348.56878486599999, "SHAPE_Leng": 0.0013527462650400001, "Shape_Area": 2.8380709151300001e-08 }, "geometry": { "type": "Polygon", "coordinates": [ [ [ -74.086954638745567, 4.506769237610285 ], [ -74.086953249293003, 4.50675333309988 ], [ -74.086953589236714, 4.506751780870047 ], [ -74.086925469234984, 4.506430031320917 ], [ -74.086900123641726, 4.506140044027859 ], [ -74.086944731813901, 4.506136116688481 ], [ -74.086950413730563, 4.506201126880569 ], [ -74.08695044340817, 4.506201742916176 ], [ -74.086950706909533, 4.506207382564696 ], [ -74.086951725841459, 4.506213885562431 ], [ -74.086999826081069, 4.506764228386487 ], [ -74.086954666624536, 4.506769556869585 ], [ -74.086954638745567, 4.506769237610285 ] ] ] } },
{ "type": "Feature", "properties": { "OBJECTID_1": 440, "id_interve": "50005419", "nomenclatu": "KR 18 E ENTRE CL 80B S Y CL 80C S", "tipo_inter": 1, "loccodigo": "05", "barrio_leg": "PARCELACION SAN PEDRO", "numero_con": 477, "año_contr": 2021, "numero_c_1": 462, "año_con_1": 2021, "tipo_contr": 1, "estado_con": 2, "entidad_co": 1, "enlace_con": "https:\/\/community.secop.gov.co\/Public\/Tendering\/OpportunityDetail\/Index?noticeUID=CO1.NTC.1925735&isFromPublicArea=True&isModal=False", "id_element": 91017340, "tipo_eleme": 1, "funcion_el": 1, "area_eleme": 44.769446995000003, "SHAPE_Leng": 0.00035364342012299998, "Shape_Area": 3.6451560880600001e-09 }, "geometry": { "type": "Polygon", "coordinates": [ [ [ -74.087065723904004, 4.507872790297085 ], [ -74.087064635724346, 4.507860080178602 ], [ -74.087088450671445, 4.507858921851835 ], [ -74.087088486644291, 4.507859340036589 ], [ -74.087101456666858, 4.508010908176914 ], [ -74.087077719061426, 4.508012954134585 ], [ -74.087065780561261, 4.507873461191309 ], [ -74.087065723904004, 4.507872790297085 ] ] ] } },
{ "type": "Feature", "properties": { "OBJECTID_1": 441, "id_interve": "30000744", "nomenclatu": "KR 19 BIS E ENTRE CL 81A S Y CL 81C BIS S", "tipo_inter": 1, "loccodigo": "05", "barrio_leg": "PARCELACION SAN PEDRO", "numero_con": 477, "año_contr": 2021, "numero_c_1": 462, "año_con_1": 2021, "tipo_contr": 1, "estado_con": 2, "entidad_co": 1, "enlace_con": "https:\/\/community.secop.gov.co\/Public\/Tendering\/OpportunityDetail\/Index?noticeUID=CO1.NTC.1925735&isFromPublicArea=True&isModal=False", "id_element": 2502436, "tipo_eleme": 1, "funcion_el": 3, "area_eleme": 292.73198115700001, "SHAPE_Leng": 0.0012357086352600001, "Shape_Area": 2.3834500567600001e-08 }, "geometry": { "type": "Polygon", "coordinates": [ [ [ -74.085983369137125, 4.507153537705676 ], [ -74.086047379283116, 4.506894729907913 ], [ -74.086048382027172, 4.506890675764112 ], [ -74.086080326845547, 4.506761507937313 ], [ -74.086081329589661, 4.506757451994872 ], [ -74.086081477977814, 4.506756664188742 ], [ -74.086087035788012, 4.506727131352079 ], [ -74.086088720218243, 4.506718184896386 ], [ -74.08609174913488, 4.506678337735138 ], [ -74.086090380366727, 4.506638398843108 ], [ -74.086085188580569, 4.50660270385174 ], [ -74.086130098924912, 4.506595772776734 ], [ -74.086130916408649, 4.506599584103583 ], [ -74.086128897430626, 4.506599896168325 ], [ -74.086135385139869, 4.506641987138039 ], [ -74.08613639507854, 4.50668464737862 ], [ -74.086134910297858, 4.506705180699555 ], [ -74.086127548447564, 4.506748224950684 ], [ -74.086115975072175, 4.506785410118653 ], [ -74.086115784415881, 4.506785913738952 ], [ -74.08611565221554, 4.506786448835612 ], [ -74.086063068855481, 4.506999056661186 ], [ -74.086062771179911, 4.50700026265207 ], [ -74.086057591984229, 4.507021197969948 ], [ -74.0860572466446, 4.50702259191911 ], [ -74.086035946201889, 4.507108721790132 ], [ -74.086035161993095, 4.507112298393906 ], [ -74.086034945256472, 4.507115952339404 ], [ -74.086035300488675, 4.507119596392329 ], [ -74.086036218696506, 4.507123139721159 ], [ -74.086035000115146, 4.507127165985992 ], [ -74.08603481485477, 4.507127778424262 ], [ -74.08603442634768, 4.50712906355551 ], [ -74.086033602568648, 4.507131782206045 ], [ -74.086033214061558, 4.507133068236556 ], [ -74.086023958239025, 4.507163648783433 ], [ -74.085983369137125, 4.507153537705676 ] ] ] } },
{ "type": "Feature", "properties": { "OBJECTID_1": 442, "id_interve": "50005419", "nomenclatu": "KR 18 E ENTRE CL 80B S Y CL 80C S", "tipo_inter": 1, "loccodigo": "05", "barrio_leg": "PARCELACION SAN PEDRO", "numero_con": 477, "año_contr": 2021, "numero_c_1": 462, "año_con_1": 2021, "tipo_contr": 1, "estado_con": 2, "entidad_co": 1, "enlace_con": "https:\/\/community.secop.gov.co\/Public\/Tendering\/OpportunityDetail\/Index?noticeUID=CO1.NTC.1925735&isFromPublicArea=True&isModal=False", "id_element": 92071499, "tipo_eleme": 2, "funcion_el": 4, "area_eleme": 43.441117944699997, "SHAPE_Leng": 0.00035055891767, "Shape_Area": 3.5371230416e-09 }, "geometry": { "type": "Polygon", "coordinates": [ [ [ -74.087088486644291, 4.507859340036589 ], [ -74.087111097399202, 4.507857231126366 ], [ -74.087123478365811, 4.507990498063066 ], [ -74.087124812959701, 4.508008894594866 ], [ -74.087101456666858, 4.508010908176914 ], [ -74.087088486644291, 4.507859340036589 ] ] ] } },
{ "type": "Feature", "properties": { "OBJECTID_1": 443, "id_interve": "5003340", "nomenclatu": "KR 17 E ENTRE CL 80B S Y CL 81BIS S", "tipo_inter": 1, "loccodigo": "05", "barrio_leg": "PARCELACION SAN PEDRO", "numero_con": 477, "año_contr": 2021, "numero_c_1": 462, "año_con_1": 2021, "tipo_contr": 1, "estado_con": 2, "entidad_co": 1, "enlace_con": "https:\/\/community.secop.gov.co\/Public\/Tendering\/OpportunityDetail\/Index?noticeUID=CO1.NTC.1925735&isFromPublicArea=True&isModal=False", "id_element": 297204, "tipo_eleme": 2, "funcion_el": 4, "area_eleme": 242.176213574, "SHAPE_Leng": 0.0015871701279399999, "Shape_Area": 1.9718223130199998e-08 }, "geometry": { "type": "Polygon", "coordinates": [ [ [ -74.087731161064198, 4.507197183603182 ], [ -74.08773167997299, 4.507204668660563 ], [ -74.08773181397197, 4.507206591411091 ], [ -74.087742336039923, 4.507223249553363 ], [ -74.087735950853414, 4.507231793112794 ], [ -74.087744435956893, 4.507279775541235 ], [ -74.087750881397994, 4.507328075430394 ], [ -74.087756555220835, 4.507397904189986 ], [ -74.087757968055769, 4.507467949686202 ], [ -74.087755501215383, 4.507532340245348 ], [ -74.087749434388854, 4.507596490685557 ], [ -74.087752162931963, 4.507859244708413 ], [ -74.08775318905839, 4.507957673707722 ], [ -74.087753200749603, 4.507959129710116 ], [ -74.087754048810268, 4.507972749942496 ], [ -74.087731187144527, 4.507973095282182 ], [ -74.087724617596962, 4.507784468778254 ], [ -74.087718850244698, 4.507695972790941 ], [ -74.087720051738984, 4.507607296939227 ], [ -74.087728213985827, 4.507518989809569 ], [ -74.087732430906897, 4.507479040125645 ], [ -74.087732391336772, 4.50743886830918 ], [ -74.087720494205428, 4.507213447842389 ], [ -74.087720603922719, 4.507210861392196 ], [ -74.087721108442338, 4.507208321706742 ], [ -74.087721996073242, 4.507205889939939 ], [ -74.08772324523153, 4.507203622749046 ], [ -74.087724827139027, 4.507201573194095 ], [ -74.087726704024135, 4.507199789838467 ], [ -74.087728832719392, 4.507198314950301 ], [ -74.087731161064198, 4.507197183603182 ] ] ] } },
{ "type": "Feature", "properties": { "OBJECTID_1": 444, "id_interve": "50005420", "nomenclatu": "KR 18 E CL 80A S Y CL 80B S", "tipo_inter": 1, "loccodigo": "05", "barrio_leg": "PARCELACION SAN PEDRO", "numero_con": 477, "año_contr": 2021, "numero_c_1": 462, "año_con_1": 2021, "tipo_contr": 1, "estado_con": 2, "entidad_co": 1, "enlace_con": "https:\/\/community.secop.gov.co\/Public\/Tendering\/OpportunityDetail\/Index?noticeUID=CO1.NTC.1925735&isFromPublicArea=True&isModal=False", "id_element": 92071500, "tipo_eleme": 2, "funcion_el": 4, "area_eleme": 80.447774428599999, "SHAPE_Leng": 0.00065483721285800002, "Shape_Area": 6.5502786556100004e-09 }, "geometry": { "type": "Polygon", "coordinates": [ [ [ -74.087101456666858, 4.508010908176914 ], [ -74.087124812959701, 4.508008894594866 ], [ -74.087126090896334, 4.508026607641852 ], [ -74.087146866134901, 4.508314414978315 ], [ -74.087127522617038, 4.508315501359334 ], [ -74.087102868602472, 4.508027418830352 ], [ -74.087101456666858, 4.508010908176914 ] ] ] } },
{ "type": "Feature", "properties": { "OBJECTID_1": 445, "id_interve": "5003620", "nomenclatu": "KR 16 E ENTRE CL 81 BIS S Y CL 82 S", "tipo_inter": 1, "loccodigo": "05", "barrio_leg": "PARCELACION SAN PEDRO", "numero_con": 477, "año_contr": 2021, "numero_c_1": 462, "año_con_1": 2021, "tipo_contr": 1, "estado_con": 2, "entidad_co": 1, "enlace_con": "https:\/\/community.secop.gov.co\/Public\/Tendering\/OpportunityDetail\/Index?noticeUID=CO1.NTC.1925735&isFromPublicArea=True&isModal=False", "id_element": 297942, "tipo_eleme": 3, "funcion_el": 2, "area_eleme": 466.95138806199998, "SHAPE_Leng": 0.00064835896852699995, "Shape_Area": 9.9385530969099993e-09 }, "geometry": { "type": "Polygon", "coordinates": [ [ [ -74.088047419352904, 4.505834336585394 ], [ -74.088015316253802, 4.505828604306714 ], [ -74.088015317153122, 4.50582868794362 ], [ -74.088015240710774, 4.505828675353143 ], [ -74.088015101315818, 4.505580312281609 ], [ -74.088015082430047, 4.505547154277792 ], [ -74.088015082430047, 4.505547073338789 ], [ -74.088050700979011, 4.505538357109515 ], [ -74.08805126395464, 4.505538218613935 ], [ -74.088051593106513, 4.505538138574309 ], [ -74.088051591307874, 4.505538266277995 ], [ -74.088047565942361, 4.505834013728816 ], [ -74.088047562345082, 4.50583436266578 ], [ -74.088047419352904, 4.505834336585394 ] ] ] } },
{ "type": "Feature", "properties": { "OBJECTID_1": 446, "id_interve": "30000744", "nomenclatu": "KR 19 BIS E ENTRE CL 81A S Y CL 81C BIS S", "tipo_inter": 1, "loccodigo": "05", "barrio_leg": "PARCELACION SAN PEDRO", "numero_con": 477, "año_contr": 2021, "numero_c_1": 462, "año_con_1": 2021, "tipo_contr": 1, "estado_con": 2, "entidad_co": 1, "enlace_con": "https:\/\/community.secop.gov.co\/Public\/Tendering\/OpportunityDetail\/Index?noticeUID=CO1.NTC.1925735&isFromPublicArea=True&isModal=False", "id_element": 18, "tipo_eleme": 2, "funcion_el": 4, "area_eleme": 70.234189441300003, "SHAPE_Leng": 0.0011814210764200001, "Shape_Area": 5.7184232434e-09 }, "geometry": { "type": "Polygon", "coordinates": [ [ [ -74.086023958239025, 4.507163648783433 ], [ -74.086033214061558, 4.507133068236556 ], [ -74.086033602568648, 4.507131782206045 ], [ -74.08603442634768, 4.50712906355551 ], [ -74.08603481485477, 4.507127778424262 ], [ -74.086035000115146, 4.507127165985992 ], [ -74.086036218696506, 4.507123139721159 ], [ -74.086035300488675, 4.507119596392329 ], [ -74.086034945256472, 4.507115952339404 ], [ -74.086035161993095, 4.507112298393906 ], [ -74.086035946201889, 4.507108721790132 ], [ -74.0860572466446, 4.50702259191911 ], [ -74.086057591984229, 4.507021197969948 ], [ -74.086062771179911, 4.50700026265207 ], [ -74.086063068855481, 4.506999056661186 ], [ -74.08611565221554, 4.506786448835612 ], [ -74.086115975072175, 4.506785410118653 ], [ -74.086127548447564, 4.506748224950684 ], [ -74.086134910297858, 4.506705180699555 ], [ -74.08613639507854, 4.50668464737862 ], [ -74.086135385139869, 4.506641987138039 ], [ -74.086128897430626, 4.506599896168325 ], [ -74.086130916408649, 4.506599584103583 ], [ -74.086139498638886, 4.50659825940221 ], [ -74.086145974656972, 4.506640269432921 ], [ -74.086146983696324, 4.506682927874863 ], [ -74.086145498915585, 4.506703462095174 ], [ -74.086138137964667, 4.506746507245566 ], [ -74.086125160747542, 4.506788200714936 ], [ -74.086072445187142, 4.50700134633513 ], [ -74.086072146612253, 4.507002552325957 ], [ -74.08606696831589, 4.507023486744572 ], [ -74.086066622976205, 4.507024880693734 ], [ -74.086045321634231, 4.507111013262715 ], [ -74.086044537425437, 4.507114596161728 ], [ -74.086044318890174, 4.507118263597022 ], [ -74.086044675021697, 4.507121921139799 ], [ -74.086045589632192, 4.507125448280874 ], [ -74.086044192085751, 4.507130062702288 ], [ -74.086043802679285, 4.507131348732798 ], [ -74.086033357953056, 4.507165859317013 ], [ -74.086023958239025, 4.507163648783433 ] ] ] } },
{ "type": "Feature", "properties": { "OBJECTID_1": 447, "id_interve": "30000744", "nomenclatu": "KR 19 BIS E ENTRE CL 81A S Y CL 81C BIS S", "tipo_inter": 1, "loccodigo": "05", "barrio_leg": "PARCELACION SAN PEDRO", "numero_con": 477, "año_contr": 2021, "numero_c_1": 462, "año_con_1": 2021, "tipo_contr": 1, "estado_con": 2, "entidad_co": 1, "enlace_con": "https:\/\/community.secop.gov.co\/Public\/Tendering\/OpportunityDetail\/Index?noticeUID=CO1.NTC.1925735&isFromPublicArea=True&isModal=False", "id_element": 19, "tipo_eleme": 2, "funcion_el": 4, "area_eleme": 69.536316380399995, "SHAPE_Leng": 0.0011516414496699999, "Shape_Area": 5.6617509151799997e-09 }, "geometry": { "type": "Polygon", "coordinates": [ [ [ -74.086074064866182, 4.506600740631711 ], [ -74.086084666074441, 4.506599104764916 ], [ -74.086085188580569, 4.50660270385174 ], [ -74.086090380366727, 4.506638398843108 ], [ -74.08609174913488, 4.506678337735138 ], [ -74.086088720218243, 4.506718184896386 ], [ -74.086087035788012, 4.506727131352079 ], [ -74.086081477977814, 4.506756664188742 ], [ -74.086081329589661, 4.506757451994872 ], [ -74.086080326845547, 4.506761507937313 ], [ -74.086048382027172, 4.506890675764112 ], [ -74.086047379283116, 4.506894729907913 ], [ -74.085983369137125, 4.507153537705676 ], [ -74.085973824632276, 4.507151160797491 ], [ -74.086037804201283, 4.506892477106192 ], [ -74.08607075266309, 4.506759253336895 ], [ -74.086078143291616, 4.506719986238409 ], [ -74.08608117220831, 4.506680139077218 ], [ -74.086079803440157, 4.506640199285812 ], [ -74.086074064866182, 4.506600740631711 ] ] ] } },
{ "type": "Feature", "properties": { "OBJECTID_1": 448, "id_interve": "50005419", "nomenclatu": "KR 18 E ENTRE CL 80B S Y CL 80C S", "tipo_inter": 1, "loccodigo": "05", "barrio_leg": "PARCELACION SAN PEDRO", "numero_con": 477, "año_contr": 2021, "numero_c_1": 462, "año_con_1": 2021, "tipo_contr": 1, "estado_con": 2, "entidad_co": 1, "enlace_con": "https:\/\/community.secop.gov.co\/Public\/Tendering\/OpportunityDetail\/Index?noticeUID=CO1.NTC.1925735&isFromPublicArea=True&isModal=False", "id_element": 16, "tipo_eleme": 2, "funcion_el": 4, "area_eleme": 33.9975724317, "SHAPE_Leng": 0.00034354278611000002, "Shape_Area": 2.7681043235e-09 }, "geometry": { "type": "Polygon", "coordinates": [ [ [ -74.087046654679341, 4.507860955218973 ], [ -74.087064635724346, 4.507860080178602 ], [ -74.087065723904004, 4.507872790297085 ], [ -74.087065780561261, 4.507873461191309 ], [ -74.087077719061426, 4.508012954134585 ], [ -74.087059782982578, 4.50801450006918 ], [ -74.087047787825099, 4.50787433623168 ], [ -74.087046654679341, 4.507860955218973 ] ] ] } },
{ "type": "Feature", "properties": { "OBJECTID_1": 449, "id_interve": "50005420", "nomenclatu": "KR 18 E CL 80A S Y CL 80B S", "tipo_inter": 1, "loccodigo": "05", "barrio_leg": "PARCELACION SAN PEDRO", "numero_con": 477, "año_contr": 2021, "numero_c_1": 462, "año_con_1": 2021, "tipo_contr": 1, "estado_con": 2, "entidad_co": 1, "enlace_con": "https:\/\/community.secop.gov.co\/Public\/Tendering\/OpportunityDetail\/Index?noticeUID=CO1.NTC.1925735&isFromPublicArea=True&isModal=False", "id_element": 17, "tipo_eleme": 2, "funcion_el": 4, "area_eleme": 68.7481605288, "SHAPE_Leng": 0.00065786896319000002, "Shape_Area": 5.5975687665900003e-09 }, "geometry": { "type": "Polygon", "coordinates": [ [ [ -74.087059782982578, 4.50801450006918 ], [ -74.087077719061426, 4.508012954134585 ], [ -74.087104223880772, 4.508322689640465 ], [ -74.087104234672665, 4.508322817344208 ], [ -74.087086287801924, 4.50832423557506 ], [ -74.087059782982578, 4.50801450006918 ] ] ] } },
{ "type": "Feature", "properties": { "OBJECTID_1": 450, "id_interve": "50007905", "nomenclatu": "KR 18 E ENTRE CL 81B S Y CL 82 S", "tipo_inter": 1, "loccodigo": "05", "barrio_leg": "PARCELACION SAN PEDRO", "numero_con": 477, "año_contr": 2021, "numero_c_1": 462, "año_con_1": 2021, "tipo_contr": 1, "estado_con": 2, "entidad_co": 1, "enlace_con": "https:\/\/community.secop.gov.co\/Public\/Tendering\/OpportunityDetail\/Index?noticeUID=CO1.NTC.1925735&isFromPublicArea=True&isModal=False", "id_element": 20, "tipo_eleme": 2, "funcion_el": 4, "area_eleme": 83.722508711900005, "SHAPE_Leng": 0.0012830299590899999, "Shape_Area": 6.8166448813799999e-09 }, "geometry": { "type": "Polygon", "coordinates": [ [ [ -74.086944703934876, 4.506135798328501 ], [ -74.08695547061842, 4.506134850443061 ], [ -74.086961181313427, 4.50620017899513 ], [ -74.086961473593078, 4.506206434679257 ], [ -74.086962464645978, 4.506212619316955 ], [ -74.087010564885645, 4.506762961241691 ], [ -74.086999826081069, 4.506764228386487 ], [ -74.086951725841459, 4.506213885562431 ], [ -74.086951697962434, 4.506213567202394 ], [ -74.086950706909533, 4.506207382564696 ], [ -74.08695044340817, 4.506201742916176 ], [ -74.086950413730563, 4.506201126880569 ], [ -74.086944731813901, 4.506136116688481 ], [ -74.086944703934876, 4.506135798328501 ] ] ] } },
{ "type": "Feature", "properties": { "OBJECTID_1": 451, "id_interve": "50007905", "nomenclatu": "KR 18 E ENTRE CL 81B S Y CL 82 S", "tipo_inter": 1, "loccodigo": "05", "barrio_leg": "PARCELACION SAN PEDRO", "numero_con": 477, "año_contr": 2021, "numero_c_1": 462, "año_con_1": 2021, "tipo_contr": 1, "estado_con": 2, "entidad_co": 1, "enlace_con": "https:\/\/community.secop.gov.co\/Public\/Tendering\/OpportunityDetail\/Index?noticeUID=CO1.NTC.1925735&isFromPublicArea=True&isModal=False", "id_element": 21, "tipo_eleme": 2, "funcion_el": 4, "area_eleme": 83.859829260200001, "SHAPE_Leng": 0.0012851891014799999, "Shape_Area": 6.8281626898499998e-09 }, "geometry": { "type": "Polygon", "coordinates": [ [ [ -74.08691470165212, 4.506430979206357 ], [ -74.086889356958238, 4.506140991913298 ], [ -74.086900123641726, 4.506140044027859 ], [ -74.086925469234984, 4.506430031320917 ], [ -74.086953589236714, 4.506751780870047 ], [ -74.086953249293003, 4.50675333309988 ], [ -74.086954638745567, 4.506769237610285 ], [ -74.086943899940991, 4.506770504755025 ], [ -74.086942481710139, 4.506754280985319 ], [ -74.086942821653849, 4.506752728755487 ], [ -74.08691470165212, 4.506430979206357 ] ] ] } },
{ "type": "Feature", "properties": { "OBJECTID_1": 452, "id_interve": "5003272", "nomenclatu": "KR 18 E ENTRE CL 80C S Y CL 80D S", "tipo_inter": 1, "loccodigo": "05", "barrio_leg": "PARCELACION SAN PEDRO", "numero_con": 477, "año_contr": 2021, "numero_c_1": 462, "año_con_1": 2021, "tipo_contr": 1, "estado_con": 2, "entidad_co": 1, "enlace_con": "https:\/\/community.secop.gov.co\/Public\/Tendering\/OpportunityDetail\/Index?noticeUID=CO1.NTC.1925735&isFromPublicArea=True&isModal=False", "id_element": 14, "tipo_eleme": 2, "funcion_el": 4, "area_eleme": 45.343432519799997, "SHAPE_Leng": 0.00044814834863700001, "Shape_Area": 3.6918987618700001e-09 }, "geometry": { "type": "Polygon", "coordinates": [ [ [ -74.087045579989478, 4.50784824420117 ], [ -74.087042855943025, 4.50781640999935 ], [ -74.087033689153373, 4.507736248928779 ], [ -74.08702902436994, 4.507706678320574 ], [ -74.087019560804038, 4.507656817208385 ], [ -74.087037530157829, 4.507655943067391 ], [ -74.087046992824412, 4.507705804179579 ], [ -74.087051657607901, 4.507735374787785 ], [ -74.087060825296817, 4.507815535858356 ], [ -74.08706354934327, 4.507847370060119 ], [ -74.087064635724346, 4.507860080178602 ], [ -74.087046654679341, 4.507860955218973 ], [ -74.087045579989478, 4.50784824420117 ] ] ] } },
{ "type": "Feature", "properties": { "OBJECTID_1": 453, "id_interve": "5003340", "nomenclatu": "KR 17 E ENTRE CL 80B S Y CL 81BIS S", "tipo_inter": 1, "loccodigo": "05", "barrio_leg": "PARCELACION SAN PEDRO", "numero_con": 477, "año_contr": 2021, "numero_c_1": 462, "año_con_1": 2021, "tipo_contr": 1, "estado_con": 2, "entidad_co": 1, "enlace_con": "https:\/\/community.secop.gov.co\/Public\/Tendering\/OpportunityDetail\/Index?noticeUID=CO1.NTC.1925735&isFromPublicArea=True&isModal=False", "id_element": 297202, "tipo_eleme": 2, "funcion_el": 4, "area_eleme": 115.037920004, "SHAPE_Leng": 0.00157774300773, "Shape_Area": 9.3664633538500003e-09 }, "geometry": { "type": "Polygon", "coordinates": [ [ [ -74.087669197775199, 4.507203661419908 ], [ -74.087681355709947, 4.507203477958171 ], [ -74.087682969993011, 4.507203683003638 ], [ -74.087683018556447, 4.507203691996835 ], [ -74.087683085106278, 4.507203707285328 ], [ -74.087684545605271, 4.507204158744969 ], [ -74.087684621148298, 4.507204189321953 ], [ -74.087684745254762, 4.507204240583292 ], [ -74.087686045674445, 4.507204908779556 ], [ -74.087686115821555, 4.507204949249058 ], [ -74.087687408147303, 4.507205916020268 ], [ -74.087687457610059, 4.50720595738909 ], [ -74.087688585359899, 4.507207155286039 ], [ -74.087688607842949, 4.507207182265688 ], [ -74.087689526050724, 4.50720857801349 ], [ -74.087690157374823, 4.50721001513017 ], [ -74.087690199642964, 4.507210130243379 ], [ -74.087690583653455, 4.507211704956262 ], [ -74.087690595344668, 4.507211765210855 ], [ -74.08769070416264, 4.50721344514443 ], [ -74.087703201141778, 4.507404783104278 ], [ -74.087706816416414, 4.507442382859722 ], [ -74.087707011569307, 4.507480156184329 ], [ -74.087703788399097, 4.507517791013299 ], [ -74.087701401598395, 4.507552470670021 ], [ -74.087692626913167, 4.507639016027838 ], [ -74.08769261791997, 4.507639113154596 ], [ -74.087690224823973, 4.507726073099832 ], [ -74.087690223924653, 4.507726170226647 ], [ -74.087694231303715, 4.507813167044048 ], [ -74.087698462613901, 4.507965755914938 ], [ -74.087698580425126, 4.507973587211325 ], [ -74.087686421591059, 4.507973769773685 ], [ -74.087686304679153, 4.507965939376675 ], [ -74.087682073368967, 4.507813349606465 ], [ -74.087678063291946, 4.507726353688327 ], [ -74.087680458186583, 4.507639296616276 ], [ -74.087689243663647, 4.507552654131757 ], [ -74.087691629565029, 4.507517973575659 ], [ -74.087694853634559, 4.507480338746689 ], [ -74.087694656683027, 4.507442566321402 ], [ -74.08769104320703, 4.507404965666694 ], [ -74.087678546227892, 4.50721362770679 ], [ -74.08767843740992, 4.507211948672534 ], [ -74.087678041708216, 4.507210312805739 ], [ -74.087677374411271, 4.507208769569104 ], [ -74.087676450807521, 4.507207363928728 ], [ -74.087675300574631, 4.50720613905213 ], [ -74.087673958786127, 4.507205129113458 ], [ -74.08767246501219, 4.507204365589075 ], [ -74.087670860621699, 4.507203871861236 ], [ -74.087669197775199, 4.507203661419908 ] ] ] } },
{ "type": "Feature", "properties": { "OBJECTID_1": 454, "id_interve": "5003359", "nomenclatu": "KR 18 E ENTRE CL 80D S Y CL 81 BIS S", "tipo_inter": 1, "loccodigo": "05", "barrio_leg": "PARCELACION SAN PEDRO", "numero_con": 477, "año_contr": 2021, "numero_c_1": 462, "año_con_1": 2021, "tipo_contr": 1, "estado_con": 2, "entidad_co": 1, "enlace_con": "https:\/\/community.secop.gov.co\/Public\/Tendering\/OpportunityDetail\/Index?noticeUID=CO1.NTC.1925735&isFromPublicArea=True&isModal=False", "id_element": 12, "tipo_eleme": 2, "funcion_el": 4, "area_eleme": 104.920487329, "SHAPE_Leng": 0.0010064371937100001, "Shape_Area": 8.5427210904400003e-09 }, "geometry": { "type": "Polygon", "coordinates": [ [ [ -74.087007850731709, 4.507181485936883 ], [ -74.08701162068968, 4.507180487689425 ], [ -74.087018506798586, 4.507182985106738 ], [ -74.087015480579907, 4.50718507603051 ], [ -74.087011583817514, 4.507188614862741 ], [ -74.087008277909661, 4.507192713972643 ], [ -74.087005641097392, 4.507197275334022 ], [ -74.087003737232635, 4.507202190129021 ], [ -74.087002611281434, 4.507207341445678 ], [ -74.087048340908154, 4.507535845802693 ], [ -74.087050950740718, 4.507554665015846 ], [ -74.08705671269712, 4.507572764771339 ], [ -74.087065458604002, 4.507589617167127 ], [ -74.087076933053993, 4.507604730274124 ], [ -74.08707701129498, 4.507605194324299 ], [ -74.087084379440512, 4.50765107773509 ], [ -74.087066460448739, 4.507652939331706 ], [ -74.087059092303207, 4.507607055021595 ], [ -74.08705901406222, 4.50760659097142 ], [ -74.087047542310188, 4.507591476065841 ], [ -74.087047505437965, 4.50759140861669 ], [ -74.087038791007387, 4.507574618274077 ], [ -74.087033032648321, 4.507556525713142 ], [ -74.087033027252346, 4.507556492438198 ], [ -74.087030421916381, 4.507537707399308 ], [ -74.086984692289661, 4.507209202143031 ], [ -74.086985822737518, 4.50720404003448 ], [ -74.086987723904315, 4.507199136930694 ], [ -74.086987741890709, 4.507199103655751 ], [ -74.086990360716527, 4.507194575569258 ], [ -74.086990403883988, 4.507194518012625 ], [ -74.08699366662438, 4.507190477358677 ], [ -74.086993708892521, 4.507190435989855 ], [ -74.086997561588134, 4.507186936727805 ], [ -74.08700058780687, 4.507184845804034 ], [ -74.087004087968239, 4.507182965321647 ], [ -74.087004146424192, 4.507182940140638 ], [ -74.087007782383239, 4.507181505721974 ], [ -74.087007850731709, 4.507181485936883 ] ] ] } },
{ "type": "Feature", "properties": { "OBJECTID_1": 455, "id_interve": "5003359", "nomenclatu": "KR 18 E ENTRE CL 80D S Y CL 81 BIS S", "tipo_inter": 1, "loccodigo": "05", "barrio_leg": "PARCELACION SAN PEDRO", "numero_con": 477, "año_contr": 2021, "numero_c_1": 462, "año_con_1": 2021, "tipo_contr": 1, "estado_con": 2, "entidad_co": 1, "enlace_con": "https:\/\/community.secop.gov.co\/Public\/Tendering\/OpportunityDetail\/Index?noticeUID=CO1.NTC.1925735&isFromPublicArea=True&isModal=False", "id_element": 13, "tipo_eleme": 2, "funcion_el": 4, "area_eleme": 109.349715464, "SHAPE_Leng": 0.0010947547107900001, "Shape_Area": 8.9035144664300004e-09 }, "geometry": { "type": "Polygon", "coordinates": [ [ [ -74.086892438934854, 4.507164737862411 ], [ -74.086884246111026, 4.507162292605756 ], [ -74.086902260430918, 4.507162294404395 ], [ -74.086910454154122, 4.50716474056037 ], [ -74.086918242282991, 4.507168276694642 ], [ -74.086925480026821, 4.507172838056078 ], [ -74.086926921640099, 4.507173925336417 ], [ -74.086932329263561, 4.507178625193433 ], [ -74.086937169414796, 4.507183908710488 ], [ -74.086941912439272, 4.50719055829768 ], [ -74.086945597861018, 4.507197412930338 ], [ -74.086945630236585, 4.507197476782153 ], [ -74.086948442416656, 4.507204738807673 ], [ -74.086948464899706, 4.507204805357503 ], [ -74.086950374160381, 4.507212428011201 ], [ -74.08696466888432, 4.50731119425626 ], [ -74.08697711730008, 4.507397189228925 ], [ -74.086998010349873, 4.50754153131669 ], [ -74.086999698377326, 4.507556093139215 ], [ -74.08700309421738, 4.507570351890251 ], [ -74.087008152903877, 4.507584107020989 ], [ -74.087013339294117, 4.507594599411277 ], [ -74.087020309939305, 4.507605724924304 ], [ -74.087020348610167, 4.507605784279576 ], [ -74.087028508159108, 4.507616155261417 ], [ -74.087037530157829, 4.507655943067391 ], [ -74.087019560804038, 4.507656817208385 ], [ -74.087010493839159, 4.507616154362097 ], [ -74.087002333390956, 4.507605784279576 ], [ -74.086995324974225, 4.507594597612638 ], [ -74.086990138583985, 4.507584106121669 ], [ -74.086985080796808, 4.507570350990932 ], [ -74.086981684057434, 4.507556092239895 ], [ -74.086979996029982, 4.50754153041737 ], [ -74.086959102980188, 4.507397188329605 ], [ -74.086946654564429, 4.507311193356941 ], [ -74.086932359840489, 4.507212427111881 ], [ -74.086930452378454, 4.507204801760224 ], [ -74.086927616816013, 4.507197474084194 ], [ -74.08692389811938, 4.50719055739836 ], [ -74.086919155094904, 4.507183907811168 ], [ -74.086914314044293, 4.507178623394793 ], [ -74.086908908219527, 4.507173924437097 ], [ -74.086907465706929, 4.507172837156759 ], [ -74.086900227063779, 4.507168273996683 ], [ -74.086892438934854, 4.507164737862411 ] ] ] } },
{ "type": "Feature", "properties": { "OBJECTID_1": 456, "id_interve": "5003402", "nomenclatu": "KR 17 E ENTRE 81 BIS S Y CL 81A S", "tipo_inter": 1, "loccodigo": "05", "barrio_leg": "PARCELACION SAN PEDRO", "numero_con": 477, "año_contr": 2021, "numero_c_1": 462, "año_con_1": 2021, "tipo_contr": 1, "estado_con": 2, "entidad_co": 1, "enlace_con": "https:\/\/community.secop.gov.co\/Public\/Tendering\/OpportunityDetail\/Index?noticeUID=CO1.NTC.1925735&isFromPublicArea=True&isModal=False", "id_element": 9, "tipo_eleme": 2, "funcion_el": 4, "area_eleme": 22.705043788299999, "SHAPE_Leng": 0.00045753297643399998, "Shape_Area": 1.8487249716399999e-09 }, "geometry": { "type": "Polygon", "coordinates": [ [ [ -74.087746151863371, 4.507152977428007 ], [ -74.087740066151071, 4.507151132019203 ], [ -74.087739987010764, 4.5071510960463 ], [ -74.087734365348638, 4.507148293758803 ], [ -74.087729226622457, 4.507144548981785 ], [ -74.087729188850972, 4.507144512109619 ], [ -74.087724772280353, 4.507139985821709 ], [ -74.08772114801252, 4.507134747270811 ], [ -74.087718443751157, 4.507128977220589 ], [ -74.087719097558249, 4.507070619313652 ], [ -74.087720458232525, 4.506949278286584 ], [ -74.087720478916935, 4.506947435575739 ], [ -74.087729485627221, 4.506947537199153 ], [ -74.087729464942811, 4.506949379909997 ], [ -74.087728105167855, 4.507070720937065 ], [ -74.087727451360763, 4.507129078843946 ], [ -74.087730155622125, 4.507134853390824 ], [ -74.087733784386614, 4.507140091941721 ], [ -74.087738232433423, 4.507144650605198 ], [ -74.087743375656203, 4.507148400778135 ], [ -74.087749071962037, 4.507151237239839 ], [ -74.087755158573657, 4.50715307905142 ], [ -74.087746151863371, 4.507152977428007 ] ] ] } },
{ "type": "Feature", "properties": { "OBJECTID_1": 457, "id_interve": "5003402", "nomenclatu": "KR 17 E ENTRE 81 BIS S Y CL 81A S", "tipo_inter": 1, "loccodigo": "05", "barrio_leg": "PARCELACION SAN PEDRO", "numero_con": 477, "año_contr": 2021, "numero_c_1": 462, "año_con_1": 2021, "tipo_contr": 1, "estado_con": 2, "entidad_co": 1, "enlace_con": "https:\/\/community.secop.gov.co\/Public\/Tendering\/OpportunityDetail\/Index?noticeUID=CO1.NTC.1925735&isFromPublicArea=True&isModal=False", "id_element": 8, "tipo_eleme": 2, "funcion_el": 4, "area_eleme": 21.240855708600002, "SHAPE_Leng": 0.00041313501744799999, "Shape_Area": 1.7294628184399999e-09 }, "geometry": { "type": "Polygon", "coordinates": [ [ [ -74.087675501123442, 4.506972039228287 ], [ -74.08767403972513, 4.506968908688236 ], [ -74.087683047334735, 4.50696901121097 ], [ -74.087684540209352, 4.506972209200114 ], [ -74.08768563018765, 4.506975567268682 ], [ -74.087686802004271, 4.507029865635843 ], [ -74.08768759070972, 4.507066423976312 ], [ -74.087689192402252, 4.507140594662758 ], [ -74.087688985558202, 4.507143689229906 ], [ -74.087688384811088, 4.507146730737077 ], [ -74.087687398254786, 4.507149669721514 ], [ -74.087686652716798, 4.507151312782923 ], [ -74.087684792918822, 4.507154424437203 ], [ -74.087682487057066, 4.507157218630766 ], [ -74.087679788191622, 4.507159633310494 ], [ -74.087678745877383, 4.507160313197971 ], [ -74.087667749866739, 4.507161510195601 ], [ -74.087670782380656, 4.50715953078776 ], [ -74.0876734812461, 4.50715711610809 ], [ -74.087675787107855, 4.50715432191447 ], [ -74.087677646006512, 4.50715121115951 ], [ -74.087678390645181, 4.507149568098157 ], [ -74.087679376302162, 4.507146629113663 ], [ -74.087679387093999, 4.507146585046883 ], [ -74.087679977049277, 4.50714358670723 ], [ -74.087679983344515, 4.507143533647195 ], [ -74.087680184792646, 4.507140493039344 ], [ -74.087678583999434, 4.507066322352955 ], [ -74.087677795293985, 4.507029764012429 ], [ -74.087676622578044, 4.506975464745949 ], [ -74.08767553080105, 4.506972107576757 ], [ -74.087675501123442, 4.506972039228287 ] ] ] } },
{ "type": "Feature", "properties": { "OBJECTID_1": 458, "id_interve": "5003406", "nomenclatu": "KR 18 E ENTRE CL 81 BIS S Y CL 81A S", "tipo_inter": 1, "loccodigo": "05", "barrio_leg": "PARCELACION SAN PEDRO", "numero_con": 477, "año_contr": 2021, "numero_c_1": 462, "año_con_1": 2021, "tipo_contr": 1, "estado_con": 2, "entidad_co": 1, "enlace_con": "https:\/\/community.secop.gov.co\/Public\/Tendering\/OpportunityDetail\/Index?noticeUID=CO1.NTC.1925735&isFromPublicArea=True&isModal=False", "id_element": 11, "tipo_eleme": 2, "funcion_el": 4, "area_eleme": 24.651554841100001, "SHAPE_Leng": 0.00043919436945199998, "Shape_Area": 2.0071823068100001e-09 }, "geometry": { "type": "Polygon", "coordinates": [ [ [ -74.086928197778093, 4.507074999911367 ], [ -74.08695220068347, 4.506919306580755 ], [ -74.08696255188022, 4.506919685195385 ], [ -74.086938548974842, 4.50707537762662 ], [ -74.086937003040191, 4.507081707055193 ], [ -74.086936989550395, 4.507081751121973 ], [ -74.086934502025599, 4.507087808055928 ], [ -74.086931149353006, 4.507093406335684 ], [ -74.086931126869956, 4.507093438711252 ], [ -74.086927001679726, 4.507098435344574 ], [ -74.086926954015667, 4.507098489303871 ], [ -74.08692207609289, 4.507102858210374 ], [ -74.08692170916953, 4.507103136100909 ], [ -74.08691587526738, 4.507106828717212 ], [ -74.086915849187051, 4.507106844005705 ], [ -74.086909524255077, 4.507109553663042 ], [ -74.086909475691698, 4.507109571649437 ], [ -74.086902790131603, 4.507111241690495 ], [ -74.086902753259437, 4.507111249784373 ], [ -74.086895850962719, 4.507111836142371 ], [ -74.086895304174902, 4.507110149014238 ], [ -74.086899126293588, 4.507109195732824 ], [ -74.086905497990301, 4.507106467189772 ], [ -74.086911357972781, 4.507102758385656 ], [ -74.08691172489614, 4.507102479595801 ], [ -74.086916604617556, 4.507098113387258 ], [ -74.086920778371166, 4.507093061895318 ], [ -74.08692414813089, 4.50708743933393 ], [ -74.086926640152285, 4.50708137340672 ], [ -74.086928197778093, 4.507074999911367 ] ] ] } },
{ "type": "Feature", "properties": { "OBJECTID_1": 459, "id_interve": "5003406", "nomenclatu": "KR 18 E ENTRE CL 81 BIS S Y CL 81A S", "tipo_inter": 1, "loccodigo": "05", "barrio_leg": "PARCELACION SAN PEDRO", "numero_con": 477, "año_contr": 2021, "numero_c_1": 462, "año_con_1": 2021, "tipo_contr": 1, "estado_con": 2, "entidad_co": 1, "enlace_con": "https:\/\/community.secop.gov.co\/Public\/Tendering\/OpportunityDetail\/Index?noticeUID=CO1.NTC.1925735&isFromPublicArea=True&isModal=False", "id_element": 10, "tipo_eleme": 2, "funcion_el": 4, "area_eleme": 23.153662320900001, "SHAPE_Leng": 0.00041096678441799998, "Shape_Area": 1.8852513202600002e-09 }, "geometry": { "type": "Polygon", "coordinates": [ [ [ -74.086997066961032, 4.507126412354069 ], [ -74.086997011203039, 4.507126368287288 ], [ -74.086993128829818, 4.507123119936068 ], [ -74.086989659245319, 4.507119340085524 ], [ -74.086989629567711, 4.507119301414662 ], [ -74.086986706771086, 4.507115137553626 ], [ -74.086984523217154, 4.507111019557954 ], [ -74.086982842384202, 4.507106672235182 ], [ -74.086981513186231, 4.507101191766651 ], [ -74.086981507790313, 4.507101147699871 ], [ -74.086980980787587, 4.507095578198403 ], [ -74.086980981686906, 4.507095515245908 ], [ -74.086981254181524, 4.50708994484512 ], [ -74.086981262275401, 4.5070898989797 ], [ -74.086982327972009, 4.507084408618596 ], [ -74.08698311308018, 4.507081840154854 ], [ -74.086985571826631, 4.507065891577668 ], [ -74.086999657008505, 4.506974528551723 ], [ -74.086999820685151, 4.506973469150353 ], [ -74.08700099699837, 4.506965842899376 ], [ -74.087001534792932, 4.506961631374224 ], [ -74.087002620274689, 4.506957525969085 ], [ -74.087004234557753, 4.506953598629707 ], [ -74.087006889356417, 4.506949137093045 ], [ -74.087010222243919, 4.506945163888247 ], [ -74.08701024023037, 4.506945145901796 ], [ -74.087014148683977, 4.506941779739407 ], [ -74.087014190052798, 4.506941750961062 ], [ -74.087015991394821, 4.506940648392231 ], [ -74.08701459294906, 4.506953600428346 ], [ -74.087012978665996, 4.506957525969085 ], [ -74.087011893184297, 4.506961631374224 ], [ -74.087011355389677, 4.506965843798696 ], [ -74.087010179076458, 4.506973470049672 ], [ -74.087010015399869, 4.506974530350362 ], [ -74.086995930217938, 4.507065893376307 ], [ -74.086993470572168, 4.507081841054173 ], [ -74.086992686363374, 4.507084410417235 ], [ -74.086991610774191, 4.50708994574444 ], [ -74.086991337380255, 4.507095579097722 ], [ -74.086991870678276, 4.507101192665971 ], [ -74.086993199876247, 4.507106673134501 ], [ -74.086994881608462, 4.507111021356593 ], [ -74.086997065162393, 4.507115139352265 ], [ -74.087000015838044, 4.507119341884163 ], [ -74.087003489019764, 4.507123122634027 ], [ -74.08700742535234, 4.507126415052085 ], [ -74.087011754688717, 4.507129163380228 ], [ -74.086997066961032, 4.507126412354069 ] ] ] } },
{ "type": "Feature", "properties": { "OBJECTID_1": 460, "id_interve": "5003428", "nomenclatu": "KR 18 E ENTRE CL 81A S Y CL 81B S", "tipo_inter": 1, "loccodigo": "05", "barrio_leg": "PARCELACION SAN PEDRO", "numero_con": 477, "año_contr": 2021, "numero_c_1": 462, "año_con_1": 2021, "tipo_contr": 1, "estado_con": 2, "entidad_co": 1, "enlace_con": "https:\/\/community.secop.gov.co\/Public\/Tendering\/OpportunityDetail\/Index?noticeUID=CO1.NTC.1925735&isFromPublicArea=True&isModal=False", "id_element": 23, "tipo_eleme": 2, "funcion_el": 4, "area_eleme": 19.81336842, "SHAPE_Leng": 0.00032137971221899998, "Shape_Area": 1.6132199301399999e-09 }, "geometry": { "type": "Polygon", "coordinates": [ [ [ -74.08695220068347, 4.506919306580755 ], [ -74.086952069382448, 4.506919302084157 ], [ -74.086955156755039, 4.506899276880176 ], [ -74.0869500108343, 4.506840406359686 ], [ -74.086947599751909, 4.506812816058641 ], [ -74.086945239930856, 4.506785818410833 ], [ -74.08694471382745, 4.506779792953125 ], [ -74.086944561842017, 4.506778059060252 ], [ -74.086943929618599, 4.506770824014382 ], [ -74.086954666624536, 4.506769556869585 ], [ -74.086955298847897, 4.506776791915456 ], [ -74.086955450833329, 4.506778525808386 ], [ -74.086955976936736, 4.506784551266094 ], [ -74.086958336757789, 4.506811548913902 ], [ -74.08696074784018, 4.506839139214946 ], [ -74.086965893760976, 4.506898009735437 ], [ -74.08696255188022, 4.506919685195385 ], [ -74.08695220068347, 4.506919306580755 ] ] ] } },
{ "type": "Feature", "properties": { "OBJECTID_1": 461, "id_interve": "5003428", "nomenclatu": "KR 18 E ENTRE CL 81A S Y CL 81B S", "tipo_inter": 1, "loccodigo": "05", "barrio_leg": "PARCELACION SAN PEDRO", "numero_con": 477, "año_contr": 2021, "numero_c_1": 462, "año_con_1": 2021, "tipo_contr": 1, "estado_con": 2, "entidad_co": 1, "enlace_con": "https:\/\/community.secop.gov.co\/Public\/Tendering\/OpportunityDetail\/Index?noticeUID=CO1.NTC.1925735&isFromPublicArea=True&isModal=False", "id_element": 22, "tipo_eleme": 2, "funcion_el": 4, "area_eleme": 18.386581198599998, "SHAPE_Leng": 0.00030188561033899999, "Shape_Area": 1.49706520362e-09 }, "geometry": { "type": "Polygon", "coordinates": [ [ [ -74.087018024762017, 4.506905584725018 ], [ -74.087015533639942, 4.506903114287354 ], [ -74.087013449011408, 4.506900292214766 ], [ -74.087011819439851, 4.506897184157765 ], [ -74.087010681797494, 4.506893862961476 ], [ -74.087010086446298, 4.506890620905494 ], [ -74.0870100819497, 4.50689056784546 ], [ -74.087009956943916, 4.506887325789478 ], [ -74.087009962339835, 4.506887263736303 ], [ -74.087010297786946, 4.50688404686133 ], [ -74.08700996773581, 4.506880276903303 ], [ -74.087002097768561, 4.506790224189558 ], [ -74.086999826081069, 4.506764228386487 ], [ -74.087010564885645, 4.506762961241691 ], [ -74.087012836573138, 4.506788957044762 ], [ -74.087020707439649, 4.506879009758563 ], [ -74.087021036591523, 4.506882779716534 ], [ -74.087020694849173, 4.506886058644739 ], [ -74.087020824351498, 4.506889353760698 ], [ -74.087021420602014, 4.50689259581668 ], [ -74.087019873768099, 4.506906929211482 ], [ -74.087018024762017, 4.506905584725018 ] ] ] } },
{ "type": "Feature", "properties": { "OBJECTID_1": 462, "id_interve": "5003453", "nomenclatu": "KR 17 E ENTRE CL 81A S Y CL 81B S", "tipo_inter": 1, "loccodigo": "05", "barrio_leg": "PARCELACION SAN PEDRO", "numero_con": 477, "año_contr": 2021, "numero_c_1": 462, "año_con_1": 2021, "tipo_contr": 1, "estado_con": 2, "entidad_co": 1, "enlace_con": "https:\/\/community.secop.gov.co\/Public\/Tendering\/OpportunityDetail\/Index?noticeUID=CO1.NTC.1925735&isFromPublicArea=True&isModal=False", "id_element": 6, "tipo_eleme": 2, "funcion_el": 4, "area_eleme": 34.685456220500001, "SHAPE_Leng": 0.00042728426215500002, "Shape_Area": 2.8241331829499998e-09 }, "geometry": { "type": "Polygon", "coordinates": [ [ [ -74.087661623684937, 4.506931746003318 ], [ -74.087660047173415, 4.506931457320945 ], [ -74.087660072354424, 4.506929216210381 ], [ -74.087662962775482, 4.506927148669035 ], [ -74.087665465588714, 4.506924623372697 ], [ -74.087667512445705, 4.506921711367909 ], [ -74.087669040393848, 4.506918496291632 ], [ -74.087670008963698, 4.506915068975275 ], [ -74.08767039027623, 4.506911527445084 ], [ -74.087670172640344, 4.506907970626401 ], [ -74.087669363250484, 4.506904502840598 ], [ -74.087666541177896, 4.506750064963569 ], [ -74.087666265086, 4.506734956353228 ], [ -74.087680690211641, 4.506735119130497 ], [ -74.087680957310283, 4.506749754697466 ], [ -74.087683779382871, 4.506904192574495 ], [ -74.087684568088321, 4.506907554240286 ], [ -74.087684587873412, 4.506907662158937 ], [ -74.087684804609978, 4.506911209085104 ], [ -74.087684427794045, 4.506914728132244 ], [ -74.087684423297446, 4.506914758709172 ], [ -74.087683469116769, 4.50691814016011 ], [ -74.087683453828276, 4.50691818602553 ], [ -74.087681955557741, 4.506921339947951 ], [ -74.087681924081494, 4.506921400202486 ], [ -74.087679926687201, 4.506924248355404 ], [ -74.087679879922462, 4.506924311307955 ], [ -74.087677433766544, 4.506926782644939 ], [ -74.087677375310591, 4.506926834805654 ], [ -74.087677297069547, 4.506926899556845 ], [ -74.087674487587492, 4.506928905944278 ], [ -74.087671483851864, 4.506930381731763 ], [ -74.087668284064023, 4.506931361992827 ], [ -74.087664969162972, 4.506931820647026 ], [ -74.087661623684937, 4.506931746003318 ] ] ] } },
{ "type": "Feature", "properties": { "OBJECTID_1": 463, "id_interve": "5003594", "nomenclatu": "KR 17 E ENTRE CL 81B S Y CL 82 S", "tipo_inter": 1, "loccodigo": "05", "barrio_leg": "PARCELACION SAN PEDRO", "numero_con": 477, "año_contr": 2021, "numero_c_1": 462, "año_con_1": 2021, "tipo_contr": 1, "estado_con": 2, "entidad_co": 1, "enlace_con": "https:\/\/community.secop.gov.co\/Public\/Tendering\/OpportunityDetail\/Index?noticeUID=CO1.NTC.1925735&isFromPublicArea=True&isModal=False", "id_element": 5, "tipo_eleme": 2, "funcion_el": 4, "area_eleme": 163.21635940199999, "SHAPE_Leng": 0.0018720876685700001, "Shape_Area": 1.32890700791e-08 }, "geometry": { "type": "Polygon", "coordinates": [ [ [ -74.087665988094841, 4.50671984594419 ], [ -74.087649426180008, 4.505813571239344 ], [ -74.08766384770837, 4.505813572138663 ], [ -74.087680404227228, 4.506719535678087 ], [ -74.087680681218444, 4.506734646087068 ], [ -74.087680690211641, 4.506735119130497 ], [ -74.087666265086, 4.506734956353228 ], [ -74.087665988094841, 4.50671984594419 ] ] ] } },
{ "type": "Feature", "properties": { "OBJECTID_1": 464, "id_interve": "5003594", "nomenclatu": "KR 17 E ENTRE CL 81B S Y CL 82 S", "tipo_inter": 1, "loccodigo": "05", "barrio_leg": "PARCELACION SAN PEDRO", "numero_con": 477, "año_contr": 2021, "numero_c_1": 462, "año_con_1": 2021, "tipo_contr": 1, "estado_con": 2, "entidad_co": 1, "enlace_con": "https:\/\/community.secop.gov.co\/Public\/Tendering\/OpportunityDetail\/Index?noticeUID=CO1.NTC.1925735&isFromPublicArea=True&isModal=False", "id_element": 4, "tipo_eleme": 2, "funcion_el": 4, "area_eleme": 102.53642073100001, "SHAPE_Leng": 0.0020064080778500002, "Shape_Area": 8.3485044832600002e-09 }, "geometry": { "type": "Polygon", "coordinates": [ [ [ -74.087722860321719, 4.506735028298976 ], [ -74.087723115729148, 4.506712140552906 ], [ -74.087698288145418, 4.505767054705871 ], [ -74.087698086697287, 4.505760602070154 ], [ -74.087698091193943, 4.505760564298669 ], [ -74.087698923966116, 4.505754188105357 ], [ -74.087700770274296, 4.505748016957455 ], [ -74.087700789160067, 4.505747974689314 ], [ -74.087701687582751, 4.505746122085895 ], [ -74.087710948801202, 4.505740054360047 ], [ -74.087712429984606, 4.505741318806884 ], [ -74.087709180734066, 4.505748016058135 ], [ -74.087707330828607, 4.505754199796513 ], [ -74.087706497157058, 4.505760602070154 ], [ -74.087706698605245, 4.50576705560519 ], [ -74.087731527088238, 4.506712142351546 ], [ -74.08773126988217, 4.506735122727775 ], [ -74.087722860321719, 4.506735028298976 ] ] ] } },
{ "type": "Feature", "properties": { "OBJECTID_1": 465, "id_interve": "5003620", "nomenclatu": "KR 16 E ENTRE CL 81 BIS S Y CL 82 S", "tipo_inter": 1, "loccodigo": "05", "barrio_leg": "PARCELACION SAN PEDRO", "numero_con": 477, "año_contr": 2021, "numero_c_1": 462, "año_con_1": 2021, "tipo_contr": 1, "estado_con": 2, "entidad_co": 1, "enlace_con": "https:\/\/community.secop.gov.co\/Public\/Tendering\/OpportunityDetail\/Index?noticeUID=CO1.NTC.1925735&isFromPublicArea=True&isModal=False", "id_element": 1, "tipo_eleme": 2, "funcion_el": 4, "area_eleme": 164.09584757, "SHAPE_Leng": 0.0031353571321800001, "Shape_Area": 1.3360789744300001e-08 }, "geometry": { "type": "Polygon", "coordinates": [ [ [ -74.088010629886639, 4.505547966365612 ], [ -74.088015082430047, 4.505547154277792 ], [ -74.088015101315818, 4.505580312281609 ], [ -74.088014737090418, 4.505608606751821 ], [ -74.088015396293486, 4.506129035426682 ], [ -74.088014487978171, 4.506199743723244 ], [ -74.08801281523921, 4.506329943072444 ], [ -74.088010744100529, 4.506491125864841 ], [ -74.088003348975349, 4.507066614632606 ], [ -74.088003721294683, 4.507072701244226 ], [ -74.088003146627898, 4.507078766272116 ], [ -74.088001653753281, 4.507084633449097 ], [ -74.088001640263428, 4.507084679314573 ], [ -74.087999269650538, 4.507090210145122 ], [ -74.087999237274914, 4.507090279392912 ], [ -74.087996047379647, 4.507095365958435 ], [ -74.087995997916948, 4.507095437004864 ], [ -74.087992692908415, 4.507099239338459 ], [ -74.087977508754989, 4.507102736801926 ], [ -74.087982169041823, 4.507098822952344 ], [ -74.08798616742763, 4.5070942319133 ], [ -74.087989404987013, 4.507089073402085 ], [ -74.087991807076207, 4.50708347062573 ], [ -74.08799331344062, 4.507077563878511 ], [ -74.087993887208086, 4.507071494354022 ], [ -74.087993513989431, 4.507065407742402 ], [ -74.088000909114612, 4.506489918974637 ], [ -74.088002980253293, 4.506328736182297 ], [ -74.088004652992311, 4.50619853683304 ], [ -74.088005561307568, 4.506127827637158 ], [ -74.088008588425566, 4.505892255623166 ], [ -74.088010629886639, 4.505547966365612 ] ] ] } },
{ "type": "Feature", "properties": { "OBJECTID_1": 466, "id_interve": "5003620", "nomenclatu": "KR 16 E ENTRE CL 81 BIS S Y CL 82 S", "tipo_inter": 1, "loccodigo": "05", "barrio_leg": "PARCELACION SAN PEDRO", "numero_con": 477, "año_contr": 2021, "numero_c_1": 462, "año_con_1": 2021, "tipo_contr": 1, "estado_con": 2, "entidad_co": 1, "enlace_con": "https:\/\/community.secop.gov.co\/Public\/Tendering\/OpportunityDetail\/Index?noticeUID=CO1.NTC.1925735&isFromPublicArea=True&isModal=False", "id_element": 2, "tipo_eleme": 2, "funcion_el": 4, "area_eleme": 143.348452463, "SHAPE_Leng": 0.0031205446762800002, "Shape_Area": 1.16716313969e-08 }, "geometry": { "type": "MultiPolygon", "coordinates": [ [ [ [ -74.088033973588949, 4.507046766595067 ], [ -74.088047419352904, 4.505834336585394 ], [ -74.088047562345082, 4.50583436266578 ], [ -74.088047565942361, 4.505834013728816 ], [ -74.088051591307874, 4.505538266277995 ], [ -74.088056935978784, 4.505539033399714 ], [ -74.08804296411148, 4.507047332268598 ], [ -74.088041983850417, 4.507052679637525 ], [ -74.088041912803988, 4.507058116938595 ], [ -74.088042752770775, 4.507063488589154 ], [ -74.08804447856977, 4.507068642603826 ], [ -74.088047043436291, 4.507073433292362 ], [ -74.088050371827137, 4.507077723957821 ], [ -74.088054371112321, 4.507081392292491 ], [ -74.088058927077782, 4.507084334874207 ], [ -74.088054928691975, 4.507085897895934 ], [ -74.08805011192311, 4.507083847441663 ], [ -74.088050076849527, 4.507083828555892 ], [ -74.088049936555308, 4.507083769200619 ], [ -74.088049771080023, 4.507083662181287 ], [ -74.088045619809463, 4.507080989396172 ], [ -74.088045511890812, 4.507080911155185 ], [ -74.08804538058979, 4.507080826618903 ], [ -74.08804524569149, 4.507080703411759 ], [ -74.088041384901942, 4.507077154687011 ], [ -74.088041305761635, 4.507077060258155 ], [ -74.088038054712399, 4.507072866719454 ], [ -74.088038025934111, 4.507072817256756 ], [ -74.088035488946616, 4.507068077829558 ], [ -74.088033759550342, 4.507062924714262 ], [ -74.088032919583554, 4.507057553063646 ], [ -74.088032992428623, 4.507052114863257 ], [ -74.088033973588949, 4.507046766595067 ] ] ], [ [ [ -74.088050700979011, 4.505538357109515 ], [ -74.08805070277765, 4.505538138574309 ], [ -74.08805126395464, 4.505538218613935 ], [ -74.088050700979011, 4.505538357109515 ] ] ] ] } },
{ "type": "Feature", "properties": { "OBJECTID_1": 467, "id_interve": "5003453", "nomenclatu": "KR 17 E ENTRE CL 81A S Y CL 81B S", "tipo_inter": 1, "loccodigo": "05", "barrio_leg": "PARCELACION SAN PEDRO", "numero_con": 477, "año_contr": 2021, "numero_c_1": 462, "año_con_1": 2021, "tipo_contr": 1, "estado_con": 2, "entidad_co": 1, "enlace_con": "https:\/\/community.secop.gov.co\/Public\/Tendering\/OpportunityDetail\/Index?noticeUID=CO1.NTC.1925735&isFromPublicArea=True&isModal=False", "id_element": 7, "tipo_eleme": 2, "funcion_el": 4, "area_eleme": 23.387396827900002, "SHAPE_Leng": 0.00044210747988000001, "Shape_Area": 1.9043427971900002e-09 }, "geometry": { "type": "Polygon", "coordinates": [ [ [ -74.08772116959625, 4.506885784351539 ], [ -74.087722962844396, 4.506735208163377 ], [ -74.087731802280814, 4.506735611958959 ], [ -74.087729551277732, 4.50694750212557 ], [ -74.087720478916935, 4.506947435575739 ], [ -74.087720435749475, 4.50694743467642 ], [ -74.08772116959625, 4.506885784351539 ] ] ] } },
{ "type": "Feature", "properties": { "OBJECTID_1": 468, "id_interve": "5003272", "nomenclatu": "KR 18 E ENTRE CL 80C S Y CL 80D S", "tipo_inter": 1, "loccodigo": "05", "barrio_leg": "PARCELACION SAN PEDRO", "numero_con": 477, "año_contr": 2021, "numero_c_1": 462, "año_con_1": 2021, "tipo_contr": 1, "estado_con": 2, "entidad_co": 1, "enlace_con": "https:\/\/community.secop.gov.co\/Public\/Tendering\/OpportunityDetail\/Index?noticeUID=CO1.NTC.1925735&isFromPublicArea=True&isModal=False", "id_element": 15, "tipo_eleme": 2, "funcion_el": 4, "area_eleme": 49.677714477099997, "SHAPE_Leng": 0.00045628349650900002, "Shape_Area": 4.0448620889000004e-09 }, "geometry": { "type": "Polygon", "coordinates": [ [ [ -74.087066460448739, 4.507652939331706 ], [ -74.087084379440512, 4.50765107773509 ], [ -74.087090797901965, 4.507697105037437 ], [ -74.087098109390183, 4.507760846286089 ], [ -74.087107604432333, 4.507819633169561 ], [ -74.087107624217424, 4.507819849006864 ], [ -74.087111097399202, 4.507857231126366 ], [ -74.087088486644291, 4.507859340036589 ], [ -74.087088450671445, 4.507858921851835 ], [ -74.087085687054753, 4.507826630794398 ], [ -74.087080187700451, 4.507762706983385 ], [ -74.087080157123523, 4.507762421898292 ], [ -74.087072878910192, 4.507698965734733 ], [ -74.087066460448739, 4.507652939331706 ] ] ] } },
{ "type": "Feature", "properties": { "OBJECTID_1": 469, "id_interve": "11-278", "nomenclatu": "CL 128 BIS ENTRE KR 124 Y KR 124D", "tipo_inter": 1, "loccodigo": "11", "barrio_leg": "CAÑIZA SECTOR III", "numero_con": 599, "año_contr": 2021, "numero_c_1": 593, "año_con_1": 2021, "tipo_contr": 1, "estado_con": 2, "entidad_co": 1, "enlace_con": "https:\/\/community.secop.gov.co\/Public\/Tendering\/OpportunityDetail\/Index?noticeUID=CO1.NTC.2093229&isFromPublicArea=True&isModal=False", "id_element": 173508, "tipo_eleme": 4, "funcion_el": 4, "area_eleme": 246.12966622799999, "SHAPE_Leng": 0.00139328209069, "Shape_Area": 8.0031827514300002e-08 }, "geometry": { "type": "Polygon", "coordinates": [ [ [ -74.110672736957213, 4.733080822821762 ], [ -74.110671385276191, 4.733080097068864 ], [ -74.110657625648855, 4.733106007436334 ], [ -74.110620983671424, 4.733085174641133 ], [ -74.110698982771794, 4.732948244765737 ], [ -74.110740462202557, 4.732976229869166 ], [ -74.110786233198041, 4.732989865390039 ], [ -74.110912101412339, 4.733034356650307 ], [ -74.111128080796277, 4.733112576084579 ], [ -74.111170276087307, 4.733127646024116 ], [ -74.111144827971373, 4.733171962815902 ], [ -74.111110934322141, 4.733239206923884 ], [ -74.111080455398678, 4.733299676438946 ], [ -74.110672736957213, 4.733080822821762 ] ] ] } },
{ "type": "Feature", "properties": { "OBJECTID_1": 470, "id_interve": "1002201", "nomenclatu": "KR 5 ENTRE CL 163B Y CL 163D", "tipo_inter": 1, "loccodigo": "01", "barrio_leg": "SANTA CECILIA I SECTOR", "numero_con": 668, "año_contr": 2021, "numero_c_1": 592, "año_con_1": 2021, "tipo_contr": 1, "estado_con": 1, "entidad_co": 1, "enlace_con": "https:\/\/community.secop.gov.co\/Public\/Tendering\/OpportunityDetail\/Index?noticeUID=CO1.NTC.2093229&isFromPublicArea=True&isModal=False", "id_element": 24, "tipo_eleme": 2, "funcion_el": 4, "area_eleme": 123.135012516, "SHAPE_Leng": 0.0011858520367100001, "Shape_Area": 1.0028932991300001e-08 }, "geometry": { "type": "Polygon", "coordinates": [ [ [ -74.021386399362825, 4.738081407730817 ], [ -74.021395129981215, 4.738077894079595 ], [ -74.0214101369682, 4.738069280373054 ], [ -74.021423571040941, 4.738058361704077 ], [ -74.021435084161737, 4.738045421359175 ], [ -74.021444376856493, 4.738030793886082 ], [ -74.021451209905365, 4.738014859698069 ], [ -74.021471158666998, 4.737915792180104 ], [ -74.021501883105373, 4.737715022130601 ], [ -74.021510341229202, 4.737630776339302 ], [ -74.021512789183816, 4.737542641879486 ], [ -74.021516592416788, 4.737539491554344 ], [ -74.021527169343358, 4.737541382828624 ], [ -74.021530520217311, 4.737545866848336 ], [ -74.021528072262697, 4.737634001308152 ], [ -74.021519614138867, 4.737718247099451 ], [ -74.021488889700436, 4.737919017148954 ], [ -74.02146894093886, 4.738018084666919 ], [ -74.021462108789251, 4.738034018854933 ], [ -74.021452815195232, 4.738048646328025 ], [ -74.021441302074379, 4.738061586672927 ], [ -74.021427868001695, 4.738072505341904 ], [ -74.02141286101471, 4.738081119048445 ], [ -74.021401462107747, 4.73808570738953 ], [ -74.021386399362825, 4.738081407730817 ] ] ] } },
{ "type": "Feature", "properties": { "OBJECTID_1": 471, "id_interve": "1002201", "nomenclatu": "KR 5 ENTRE CL 163B Y CL 163D", "tipo_inter": 1, "loccodigo": "01", "barrio_leg": "SANTA CECILIA I SECTOR", "numero_con": 668, "año_contr": 2021, "numero_c_1": 592, "año_con_1": 2021, "tipo_contr": 1, "estado_con": 1, "entidad_co": 1, "enlace_con": "https:\/\/community.secop.gov.co\/Public\/Tendering\/OpportunityDetail\/Index?noticeUID=CO1.NTC.2093229&isFromPublicArea=True&isModal=False", "id_element": 92053988, "tipo_eleme": 2, "funcion_el": 4, "area_eleme": 145.373329826, "SHAPE_Leng": 0.0012701556061000001, "Shape_Area": 1.18402547215e-08 }, "geometry": { "type": "Polygon", "coordinates": [ [ [ -74.021510325041447, 4.73809400363541 ], [ -74.021521358823634, 4.738045682162522 ], [ -74.021554479955228, 4.737859002690868 ], [ -74.02154435179034, 4.737835084321716 ], [ -74.021570354788025, 4.737646420046303 ], [ -74.021581867009502, 4.737592777284874 ], [ -74.021577698651811, 4.73757244631139 ], [ -74.02158365306309, 4.737515179282127 ], [ -74.021603001976928, 4.737517753141844 ], [ -74.021596892882258, 4.737576506750429 ], [ -74.021601061239949, 4.737596837723913 ], [ -74.021589549018415, 4.737650481384662 ], [ -74.021563546020786, 4.737839144760756 ], [ -74.021573674185674, 4.737863064029227 ], [ -74.021540553054024, 4.738049742601561 ], [ -74.021529519271837, 4.738098064973769 ], [ -74.021524317593162, 4.73810622272407 ], [ -74.021520542239216, 4.738112146558365 ], [ -74.021520418132752, 4.738112984726513 ], [ -74.021520428924589, 4.738113831887858 ], [ -74.021520573715463, 4.738114667358047 ], [ -74.021520849807359, 4.738115466855334 ], [ -74.021521250005662, 4.738116214191962 ], [ -74.021521762619216, 4.738116886884882 ], [ -74.021522375956863, 4.738117468746225 ], [ -74.021523073830735, 4.738117946286252 ], [ -74.021523839153815, 4.738118305115734 ], [ -74.021503450623698, 4.738114597210938 ], [ -74.021503138558955, 4.738113970383495 ], [ -74.021504644923368, 4.738114243777375 ], [ -74.021503879600345, 4.738113884947893 ], [ -74.021503181726416, 4.738113408307186 ], [ -74.021502569288089, 4.738112826445843 ], [ -74.021502055775215, 4.738112152853603 ], [ -74.021501655576913, 4.738111407315671 ], [ -74.021501380384336, 4.738110606019688 ], [ -74.021501234694199, 4.738109771448819 ], [ -74.021501223902305, 4.738108924287474 ], [ -74.021501348008769, 4.738108086119325 ], [ -74.021505124262035, 4.738102162285031 ], [ -74.021510325041447, 4.73809400363541 ] ] ] } },
{ "type": "Feature", "properties": { "OBJECTID_1": 472, "id_interve": "1000408", "nomenclatu": "KR 5F BIS ENTRE CL 188A Y CL 188C", "tipo_inter": 1, "loccodigo": "01", "barrio_leg": "BUENAVISTA", "numero_con": 668, "año_contr": 2021, "numero_c_1": 592, "año_con_1": 2021, "tipo_contr": 1, "estado_con": 1, "entidad_co": 1, "enlace_con": "https:\/\/community.secop.gov.co\/Public\/Tendering\/OpportunityDetail\/Index?noticeUID=CO1.NTC.2093229&isFromPublicArea=True&isModal=False", "id_element": 28, "tipo_eleme": 2, "funcion_el": 4, "area_eleme": 77.581953159700006, "SHAPE_Leng": 0.00090752027186799999, "Shape_Area": 6.3190232460699997e-09 }, "geometry": { "type": "Polygon", "coordinates": [ [ [ -74.02653138931214, 4.765300581956353 ], [ -74.026536822116611, 4.765084608867653 ], [ -74.026540449082404, 4.764903856827573 ], [ -74.026541315129577, 4.764865891048089 ], [ -74.026555896737193, 4.76485867398867 ], [ -74.026554866114168, 4.764903860424852 ], [ -74.026551239148318, 4.765084611565612 ], [ -74.026545806343847, 4.765300584654312 ], [ -74.02653138931214, 4.765300581956353 ] ] ] } },
{ "type": "Feature", "properties": { "OBJECTID_1": 473, "id_interve": "1007396", "nomenclatu": "KR 5A ENTRE CL 187B Y CL 187C", "tipo_inter": 1, "loccodigo": "01", "barrio_leg": "LA LLANURITA II", "numero_con": 668, "año_contr": 2021, "numero_c_1": 592, "año_con_1": 2021, "tipo_contr": 1, "estado_con": 1, "entidad_co": 1, "enlace_con": "https:\/\/community.secop.gov.co\/Public\/Tendering\/OpportunityDetail\/Index?noticeUID=CO1.NTC.2093229&isFromPublicArea=True&isModal=False", "id_element": 25, "tipo_eleme": 2, "funcion_el": 4, "area_eleme": 26.223670338400002, "SHAPE_Leng": 0.00037779567053100002, "Shape_Area": 2.1358632085700001e-09 }, "geometry": { "type": "Polygon", "coordinates": [ [ [ -74.025534257000345, 4.764164329919936 ], [ -74.025535768760676, 4.764164806560643 ], [ -74.025535818223375, 4.764164826345734 ], [ -74.025535909054895, 4.764164865016539 ], [ -74.025537233756268, 4.764165543105378 ], [ -74.025537281420384, 4.764165569185707 ], [ -74.025538554860361, 4.764166506279309 ], [ -74.025538599826461, 4.764166543151475 ], [ -74.025539722180383, 4.764167696981701 ], [ -74.025539742864794, 4.764167721263391 ], [ -74.025540626898362, 4.764168992005409 ], [ -74.025540677260381, 4.764169072045092 ], [ -74.025541378731589, 4.764170556825775 ], [ -74.025537552116305, 4.764170980406448 ], [ -74.025538248191538, 4.764173186443429 ], [ -74.025538259882751, 4.764173232308849 ], [ -74.025538597128502, 4.764175513888915 ], [ -74.025538603423797, 4.764175566049573 ], [ -74.025538572846813, 4.764177926769946 ], [ -74.025546878085891, 4.764332755852024 ], [ -74.025535325394912, 4.764334283800224 ], [ -74.025534335241332, 4.764334415101246 ], [ -74.025525983237515, 4.764178717274035 ], [ -74.025526014713762, 4.764176355654342 ], [ -74.025525672072092, 4.764174021014298 ], [ -74.02552496160763, 4.764171770011217 ], [ -74.025528789122291, 4.764171347329864 ], [ -74.025528087651082, 4.764169860750542 ], [ -74.025527154154815, 4.764168509968783 ], [ -74.025526012015803, 4.764167330957605 ], [ -74.025524691811029, 4.764166356991836 ], [ -74.025523230412716, 4.764165613252487 ], [ -74.02552166739099, 4.764165120424025 ], [ -74.025534257000345, 4.764164329919936 ] ] ] } },
{ "type": "Feature", "properties": { "OBJECTID_1": 474, "id_interve": "1007396", "nomenclatu": "KR 5A ENTRE CL 187B Y CL 187C", "tipo_inter": 1, "loccodigo": "01", "barrio_leg": "LA LLANURITA II", "numero_con": 668, "año_contr": 2021, "numero_c_1": 592, "año_con_1": 2021, "tipo_contr": 1, "estado_con": 1, "entidad_co": 1, "enlace_con": "https:\/\/community.secop.gov.co\/Public\/Tendering\/OpportunityDetail\/Index?noticeUID=CO1.NTC.2093229&isFromPublicArea=True&isModal=False", "id_element": 26, "tipo_eleme": 2, "funcion_el": 4, "area_eleme": 24.3828342475, "SHAPE_Leng": 0.00042467588084199999, "Shape_Area": 1.9859197157499999e-09 }, "geometry": { "type": "Polygon", "coordinates": [ [ [ -74.025579973137212, 4.764331718933704 ], [ -74.025571425980502, 4.764172377053626 ], [ -74.025571937694735, 4.764169947984783 ], [ -74.025571955681187, 4.764169894025429 ], [ -74.025572804641172, 4.764167622337936 ], [ -74.025572867593723, 4.764167494634194 ], [ -74.025573932391012, 4.7641655799776 ], [ -74.025574010632056, 4.764165454072497 ], [ -74.025574033115106, 4.764165420797553 ], [ -74.025575525090346, 4.764163490852468 ], [ -74.02557555926461, 4.764163454879565 ], [ -74.02557731474127, 4.76416177494599 ], [ -74.025584896026089, 4.764161299204659 ], [ -74.025587215377641, 4.764161300103979 ], [ -74.025585423928135, 4.764163014211761 ], [ -74.025583908570468, 4.76416497833111 ], [ -74.02558270437828, 4.764167146596606 ], [ -74.025581837431787, 4.764169473142715 ], [ -74.025581325717553, 4.764171902211558 ], [ -74.02558987287432, 4.764331244091693 ], [ -74.025590598627161, 4.764341460390142 ], [ -74.025591213763448, 4.764350135250595 ], [ -74.025591839691629, 4.76436180305484 ], [ -74.025581921068749, 4.764361920866008 ], [ -74.025581314026397, 4.764350610092606 ], [ -74.02558069889011, 4.764341935232153 ], [ -74.025579973137212, 4.764331718933704 ] ] ] } },
{ "type": "Feature", "properties": { "OBJECTID_1": 475, "id_interve": "1000408", "nomenclatu": "KR 5F BIS ENTRE CL 188A Y CL 188C", "tipo_inter": 1, "loccodigo": "01", "barrio_leg": "BUENAVISTA", "numero_con": 668, "año_contr": 2021, "numero_c_1": 592, "año_con_1": 2021, "tipo_contr": 1, "estado_con": 1, "entidad_co": 1, "enlace_con": "https:\/\/community.secop.gov.co\/Public\/Tendering\/OpportunityDetail\/Index?noticeUID=CO1.NTC.2093229&isFromPublicArea=True&isModal=False", "id_element": 27, "tipo_eleme": 2, "funcion_el": 4, "area_eleme": 125.665841098, "SHAPE_Leng": 0.00091305791021500005, "Shape_Area": 1.02354192058e-08 }, "geometry": { "type": "Polygon", "coordinates": [ [ [ -74.026494473041453, 4.765277342575359 ], [ -74.026449812708677, 4.765100252574655 ], [ -74.026474279664228, 4.765094076030834 ], [ -74.02647468435913, 4.765093975306741 ], [ -74.026474767096772, 4.765094340431517 ], [ -74.026474886706637, 4.765094909702384 ], [ -74.026491019644823, 4.765090866350477 ], [ -74.02648999082038, 4.764883942240203 ], [ -74.026512616863727, 4.764872742982732 ], [ -74.026513609715266, 4.765059181436129 ], [ -74.026513874115949, 4.765108672027623 ], [ -74.026480243068704, 4.765117528551173 ], [ -74.026480181914849, 4.765117481786376 ], [ -74.026518791608908, 4.765270577874901 ], [ -74.026494546785841, 4.765277624063174 ], [ -74.026494473041453, 4.765277342575359 ] ], [ [ -74.026479701676863, 4.765117106769083 ], [ -74.026479396806678, 4.765116869348105 ], [ -74.026479412095171, 4.765116943092494 ], [ -74.026479701676863, 4.765117106769083 ] ] ] } },
{ "type": "Feature", "properties": { "OBJECTID_1": 476, "id_interve": "19010153", "nomenclatu": "KR 27 A BIS ENTRE CL 73 C BIS SUR Y CL 73 SUR", "tipo_inter": 1, "loccodigo": "19", "barrio_leg": "BELLA FLOR", "numero_con": 877, "año_contr": 2021, "numero_c_1": 891, "año_con_1": 2021, "tipo_contr": 1, "estado_con": 1, "entidad_co": 1, "enlace_con": "https:\/\/community.secop.gov.co\/Public\/Tendering\/OpportunityDetail\/Index?noticeUID=CO1.NTC.2222959&isFromPublicArea=True&isModal=False", "id_element": 460259, "tipo_eleme": 2, "funcion_el": 4, "area_eleme": 60.175806388300003, "SHAPE_Leng": 0.00086720310561299999, "Shape_Area": 4.8998454302399997e-09 }, "geometry": { "type": "Polygon", "coordinates": [ [ [ -74.160996043132855, 4.545781361220918 ], [ -74.161037822937146, 4.5457103786311 ], [ -74.161107633710287, 4.545591774241018 ], [ -74.161112151004943, 4.545584993352804 ], [ -74.16112781179902, 4.545561484175209 ], [ -74.161219530956544, 4.545423797969931 ], [ -74.161228543962068, 4.545431300114444 ], [ -74.161136824804601, 4.545568986319722 ], [ -74.161121164010467, 4.545592494597997 ], [ -74.161116646715811, 4.545599276385531 ], [ -74.16104683594267, 4.545717880775612 ], [ -74.161005012071598, 4.545788938009139 ], [ -74.160996043132855, 4.545781361220918 ] ] ] } },
{ "type": "Feature", "properties": { "OBJECTID_1": 477, "id_interve": "19010153", "nomenclatu": "KR 27 A BIS ENTRE CL 73 C BIS SUR Y CL 73 SUR", "tipo_inter": 1, "loccodigo": "19", "barrio_leg": "BELLA FLOR", "numero_con": 877, "año_contr": 2021, "numero_c_1": 891, "año_con_1": 2021, "tipo_contr": 1, "estado_con": 1, "entidad_co": 1, "enlace_con": "https:\/\/community.secop.gov.co\/Public\/Tendering\/OpportunityDetail\/Index?noticeUID=CO1.NTC.2222959&isFromPublicArea=True&isModal=False", "id_element": 460261, "tipo_eleme": 2, "funcion_el": 4, "area_eleme": 62.989443822699997, "SHAPE_Leng": 0.00089902735717800001, "Shape_Area": 5.1289754903499997e-09 }, "geometry": { "type": "Polygon", "coordinates": [ [ [ -74.160991236256507, 4.545643174093243 ], [ -74.161050675148488, 4.545552288607269 ], [ -74.161054582702775, 4.545546398947181 ], [ -74.161058619759444, 4.545540311436298 ], [ -74.161167045622619, 4.545376871345582 ], [ -74.161167405351421, 4.545376134800847 ], [ -74.161177222350886, 4.54538273672398 ], [ -74.16106836930976, 4.545546820729214 ], [ -74.161064329555131, 4.545552911837433 ], [ -74.161060443584574, 4.545558769121953 ], [ -74.161001026276324, 4.545649622232304 ], [ -74.160940051342266, 4.545742854948855 ], [ -74.16093675262897, 4.545745170703128 ], [ -74.160933200306886, 4.545747070970606 ], [ -74.160932864859774, 4.545747195077013 ], [ -74.160925817772238, 4.54573727825283 ], [ -74.160928398826513, 4.545736323172832 ], [ -74.160930620151987, 4.5457351351684 ], [ -74.160931495192301, 4.545734520931433 ], [ -74.160991236256507, 4.545643174093243 ] ] ] } },
{ "type": "Feature", "properties": { "OBJECTID_1": 478, "id_interve": "4000886", "nomenclatu": "KR 21B E CON CL 10 S", "tipo_inter": 1, "loccodigo": "04", "barrio_leg": "MANILA", "numero_con": 416, "año_contr": 2021, "numero_c_1": 421, "año_con_1": 2021, "tipo_contr": 1, "estado_con": 1, "entidad_co": 1, "enlace_con": "https:\/\/community.secop.gov.co\/Public\/Tendering\/OpportunityDetail\/Index?noticeUID=CO1.NTC.1892050&isFromPublicArea=True&isModal=False", "id_element": 91016378, "tipo_eleme": 1, "funcion_el": 1, "area_eleme": 136.856824644, "SHAPE_Leng": 0.00079025915099400004, "Shape_Area": 1.1144017959200001e-08 }, "geometry": { "type": "Polygon", "coordinates": [ [ [ -74.070413110676498, 4.568570125211181 ], [ -74.070436091052727, 4.568592937414166 ], [ -74.070422275667454, 4.568621302930808 ], [ -74.070398544357317, 4.568670031796557 ], [ -74.070351080837668, 4.568767490427376 ], [ -74.070327348628211, 4.568816219293126 ], [ -74.070279176442796, 4.568915133926339 ], [ -74.070251607725481, 4.568901743920378 ], [ -74.070299041567466, 4.568804348242111 ], [ -74.070346505087116, 4.568706889611292 ], [ -74.070393967707389, 4.56860943187985 ], [ -74.070413110676498, 4.568570125211181 ] ] ] } },
{ "type": "Feature", "properties": { "OBJECTID_1": 479, "id_interve": "4000886", "nomenclatu": "KR 21B E CON CL 10 S", "tipo_inter": 1, "loccodigo": "04", "barrio_leg": "MANILA", "numero_con": 416, "año_contr": 2021, "numero_c_1": 421, "año_con_1": 2021, "tipo_contr": 1, "estado_con": 1, "entidad_co": 1, "enlace_con": "https:\/\/community.secop.gov.co\/Public\/Tendering\/OpportunityDetail\/Index?noticeUID=CO1.NTC.1892050&isFromPublicArea=True&isModal=False", "id_element": 35, "tipo_eleme": 2, "funcion_el": 4, "area_eleme": 94.729510450500001, "SHAPE_Leng": 0.00078540696554499996, "Shape_Area": 7.7136077221300008e-09 }, "geometry": { "type": "Polygon", "coordinates": [ [ [ -74.070396852732529, 4.568556158739796 ], [ -74.070404023027208, 4.568561104111723 ], [ -74.070413110676498, 4.568570125211181 ], [ -74.070393967707389, 4.56860943187985 ], [ -74.070346505087116, 4.568706889611292 ], [ -74.070299041567466, 4.568804348242111 ], [ -74.070251607725481, 4.568901743920378 ], [ -74.070235392049653, 4.568893867657891 ], [ -74.07023296388013, 4.5688926769555 ], [ -74.070396852732529, 4.568556158739796 ] ] ] } },
{ "type": "Feature", "properties": { "OBJECTID_1": 480, "id_interve": "4008541", "nomenclatu": "KR 23B E ENTRE DG 10 S Y CL 11 S", "tipo_inter": 1, "loccodigo": "04", "barrio_leg": "LOS LAURELES SUR ORIENTAL I SEC.", "numero_con": 416, "año_contr": 2021, "numero_c_1": 421, "año_con_1": 2021, "tipo_contr": 1, "estado_con": 1, "entidad_co": 1, "enlace_con": "https:\/\/community.secop.gov.co\/Public\/Tendering\/OpportunityDetail\/Index?noticeUID=CO1.NTC.1892050&isFromPublicArea=True&isModal=False", "id_element": 91016364, "tipo_eleme": 1, "funcion_el": 1, "area_eleme": 100.080128464, "SHAPE_Leng": 0.00063410826383999996, "Shape_Area": 8.1492609945799995e-09 }, "geometry": { "type": "Polygon", "coordinates": [ [ [ -74.067865613707056, 4.56726118085885 ], [ -74.06785065618277, 4.567239036852129 ], [ -74.067814362242984, 4.567177611357749 ], [ -74.067786362750383, 4.567130232374382 ], [ -74.067785181041245, 4.567129334850961 ], [ -74.06781980404071, 4.567126588321457 ], [ -74.067836743670739, 4.567155256010324 ], [ -74.067865412258925, 4.567203771736729 ], [ -74.067879344556047, 4.567227217961772 ], [ -74.067889584236866, 4.567242085553858 ], [ -74.067897545934954, 4.567251897157348 ], [ -74.067912608679933, 4.567267443737592 ], [ -74.067924273786161, 4.567277393836719 ], [ -74.067934430729338, 4.567284893283272 ], [ -74.067948950283778, 4.567293943161019 ], [ -74.067955480261162, 4.567297726608842 ], [ -74.067990755269079, 4.567353605084861 ], [ -74.067928705645215, 4.567317646592187 ], [ -74.067907604852053, 4.567303279922498 ], [ -74.067885215330364, 4.567283630635075 ], [ -74.067865613707056, 4.56726118085885 ] ] ] } },
{ "type": "Feature", "properties": { "OBJECTID_1": 481, "id_interve": "18006459", "nomenclatu": "KR 4C ENTRE DG 54B S Y DG 54ABIS S", "tipo_inter": 1, "loccodigo": "18", "barrio_leg": "BARRIO LA PAZ", "numero_con": 866, "año_contr": 2021, "numero_c_1": 833, "año_con_1": 2021, "tipo_contr": 1, "estado_con": 1, "entidad_co": 1, "enlace_con": "https:\/\/community.secop.gov.co\/Public\/Tendering\/OpportunityDetail\/Index?noticeUID=CO1.NTC.2121907&isFromPublicArea=True&isModal=False", "id_element": 424459, "tipo_eleme": 1, "funcion_el": 1, "area_eleme": 97.102587846700004, "SHAPE_Leng": 0.000596852936642, "Shape_Area": 7.9065511729400007e-09 }, "geometry": { "type": "Polygon", "coordinates": [ [ [ -74.116057226259954, 4.540913132235289 ], [ -74.116046745560823, 4.540871263398117 ], [ -74.116049268159145, 4.540875852638521 ], [ -74.116049285246277, 4.540875883215506 ], [ -74.116052472443585, 4.540880003009761 ], [ -74.116052510215127, 4.540880048875181 ], [ -74.116056294562327, 4.540883621881676 ], [ -74.116056340427747, 4.540883662351177 ], [ -74.116060642784419, 4.540886604033574 ], [ -74.116060685951879, 4.540886631013279 ], [ -74.116065410989904, 4.540888873023107 ], [ -74.116065438868873, 4.54088888561364 ], [ -74.116070484964894, 4.540890371293642 ], [ -74.116075967232064, 4.540891059274998 ], [ -74.116076022090681, 4.540891059274998 ], [ -74.116081488170096, 4.540890838941095 ], [ -74.116081521445039, 4.540890832645857 ], [ -74.116086899390837, 4.540889716587174 ], [ -74.11628351996842, 4.540868801054387 ], [ -74.116286146888115, 4.540868522264532 ], [ -74.116286145988795, 4.540881705426386 ], [ -74.116286145988795, 4.540894888588298 ], [ -74.116204536110388, 4.540904151605332 ], [ -74.116082219318912, 4.540935178215932 ], [ -74.116080103214131, 4.540935626078351 ], [ -74.116078060853795, 4.540936337442076 ], [ -74.116076122814775, 4.540937298817312 ], [ -74.116073716228982, 4.540938981448903 ], [ -74.116073691047973, 4.540939001233994 ], [ -74.11607360741101, 4.540939074079063 ], [ -74.116071612714734, 4.540941063379421 ], [ -74.116071583037069, 4.540941093956349 ], [ -74.116069895908936, 4.540943473562493 ], [ -74.116069866231328, 4.540943521226552 ], [ -74.116068611677065, 4.540946151743583 ], [ -74.116068589194015, 4.54094620570288 ], [ -74.116067799589246, 4.540949032272067 ], [ -74.116067790596048, 4.540949071842249 ], [ -74.11606749921566, 4.540951922693125 ], [ -74.116067492920422, 4.540952033309736 ], [ -74.116067707858406, 4.540955001072462 ], [ -74.116057226259954, 4.540913132235289 ] ] ] } },
{ "type": "Feature", "properties": { "OBJECTID_1": 482, "id_interve": "18006191", "nomenclatu": "CL 55 S ENTRE KR 5A Y KR 5B", "tipo_inter": 1, "loccodigo": "18", "barrio_leg": "BARRIO LA PAZ", "numero_con": 866, "año_contr": 2021, "numero_c_1": 833, "año_con_1": 2021, "tipo_contr": 1, "estado_con": 1, "entidad_co": 1, "enlace_con": "https:\/\/community.secop.gov.co\/Public\/Tendering\/OpportunityDetail\/Index?noticeUID=CO1.NTC.2121907&isFromPublicArea=True&isModal=False", "id_element": 423848, "tipo_eleme": 1, "funcion_el": 1, "area_eleme": 240.161043412, "SHAPE_Leng": 0.00088706012099400004, "Shape_Area": 1.9555049985299999e-08 }, "geometry": { "type": "Polygon", "coordinates": [ [ [ -74.118694553810599, 4.54289203104247 ], [ -74.118691109407109, 4.542891815205166 ], [ -74.118687673996931, 4.542892157846836 ], [ -74.118684340210109, 4.542893049974339 ], [ -74.118681190784287, 4.542894467305871 ], [ -74.118731773152774, 4.542859803836905 ], [ -74.118782354621942, 4.542825142166635 ], [ -74.11877809723137, 4.542831349287383 ], [ -74.118775855221486, 4.542834617423694 ], [ -74.11877088286991, 4.542844983908935 ], [ -74.118767558076286, 4.542855994308752 ], [ -74.118765958182394, 4.542867385121781 ], [ -74.118766122758302, 4.54287888835006 ], [ -74.118768047307526, 4.54289022880107 ], [ -74.118771685964475, 4.542901139376113 ], [ -74.118844766672623, 4.543183878133505 ], [ -74.118811364053158, 4.543193420839771 ], [ -74.1187956187228, 4.543197921047295 ], [ -74.118771097807894, 4.543112393722026 ], [ -74.118770692213616, 4.54310936030879 ], [ -74.118770017722113, 4.543106374559613 ], [ -74.118712702129471, 4.542910238716615 ], [ -74.118711947598285, 4.542906901332458 ], [ -74.118710675956891, 4.542903725826307 ], [ -74.118708917782271, 4.542900793137164 ], [ -74.11870668926224, 4.542898149130338 ], [ -74.11870406593988, 4.542895898127256 ], [ -74.118701117062869, 4.542894098583815 ], [ -74.118698349848955, 4.542892972632615 ], [ -74.118697919073668, 4.542892798164132 ], [ -74.118696379434311, 4.542892445629889 ], [ -74.118694553810599, 4.54289203104247 ] ] ] } },
{ "type": "Feature", "properties": { "OBJECTID_1": 483, "id_interve": "18006015", "nomenclatu": "CL 50 S ENTRE KR 3 Y KR 3CBIS", "tipo_inter": 1, "loccodigo": "18", "barrio_leg": "PALERMO SUR (EL TRIANGULO)", "numero_con": 866, "año_contr": 2021, "numero_c_1": 833, "año_con_1": 2021, "tipo_contr": 1, "estado_con": 1, "entidad_co": 1, "enlace_con": "https:\/\/community.secop.gov.co\/Public\/Tendering\/OpportunityDetail\/Index?noticeUID=CO1.NTC.2121907&isFromPublicArea=True&isModal=False", "id_element": 423409, "tipo_eleme": 2, "funcion_el": 4, "area_eleme": 54.379859415799999, "SHAPE_Leng": 0.00068752813971100001, "Shape_Area": 4.4279869048099998e-09 }, "geometry": { "type": "Polygon", "coordinates": [ [ [ -74.110760247287544, 4.543821777153369 ], [ -74.110767762022533, 4.543812052784062 ], [ -74.111029467435912, 4.544003547225998 ], [ -74.111031233704409, 4.544007065373819 ], [ -74.11103125259018, 4.54400710584332 ], [ -74.111032447789171, 4.544010847023003 ], [ -74.111032462178343, 4.544010900982357 ], [ -74.111032687008844, 4.544012347092178 ], [ -74.111030777748169, 4.544014863395262 ], [ -74.111027078836571, 4.544019740418719 ], [ -74.110760247287544, 4.543821777153369 ] ] ] } },
{ "type": "Feature", "properties": { "OBJECTID_1": 484, "id_interve": "18006015", "nomenclatu": "CL 50 S ENTRE KR 3 Y KR 3CBIS", "tipo_inter": 1, "loccodigo": "18", "barrio_leg": "PALERMO SUR (EL TRIANGULO)", "numero_con": 866, "año_contr": 2021, "numero_c_1": 833, "año_con_1": 2021, "tipo_contr": 1, "estado_con": 1, "entidad_co": 1, "enlace_con": "https:\/\/community.secop.gov.co\/Public\/Tendering\/OpportunityDetail\/Index?noticeUID=CO1.NTC.2121907&isFromPublicArea=True&isModal=False", "id_element": 423407, "tipo_eleme": 2, "funcion_el": 4, "area_eleme": 57.325309752499997, "SHAPE_Leng": 0.00068105872878200004, "Shape_Area": 4.6677986909400003e-09 }, "geometry": { "type": "Polygon", "coordinates": [ [ [ -74.110778768825071, 4.543796051146899 ], [ -74.110790202805561, 4.543780167320904 ], [ -74.110832280285479, 4.543814206660329 ], [ -74.110876532326074, 4.543849857584917 ], [ -74.110917593572026, 4.543885121800997 ], [ -74.110960603648891, 4.543917965941432 ], [ -74.111002024623701, 4.543951380252054 ], [ -74.111022441032787, 4.543967345916315 ], [ -74.111044656085994, 4.543984718120271 ], [ -74.111037332906562, 4.543992158211609 ], [ -74.110778768825071, 4.543796051146899 ] ] ] } },
{ "type": "Feature", "properties": { "OBJECTID_1": 485, "id_interve": "18006031", "nomenclatu": "CL 50BIS S ENTRE KR 3 Y KR 3CBIS", "tipo_inter": 1, "loccodigo": "18", "barrio_leg": "PALERMO SUR (EL TRIANGULO)", "numero_con": 866, "año_contr": 2021, "numero_c_1": 833, "año_con_1": 2021, "tipo_contr": 1, "estado_con": 1, "entidad_co": 1, "enlace_con": "https:\/\/community.secop.gov.co\/Public\/Tendering\/OpportunityDetail\/Index?noticeUID=CO1.NTC.2121907&isFromPublicArea=True&isModal=False", "id_element": 486654, "tipo_eleme": 3, "funcion_el": 2, "area_eleme": 126.573815633, "SHAPE_Leng": 0.00074698432622000003, "Shape_Area": 1.0306334403e-08 }, "geometry": { "type": "Polygon", "coordinates": [ [ [ -74.111176570442353, 4.543870485334651 ], [ -74.111171513554496, 4.543876179841902 ], [ -74.11115353340881, 4.543885094821292 ], [ -74.111142560780536, 4.543890746161082 ], [ -74.111140406004893, 4.543893460314962 ], [ -74.111136442692612, 4.543891467417325 ], [ -74.111025457358949, 4.54380461629006 ], [ -74.111010016898717, 4.543792506918692 ], [ -74.11096780092322, 4.543758642047749 ], [ -74.110953484615607, 4.543747665822195 ], [ -74.11092914986034, 4.543729006688352 ], [ -74.110904966191185, 4.543710721672539 ], [ -74.110876630352152, 4.543689299821381 ], [ -74.110888336827259, 4.543672953743851 ], [ -74.110921186363612, 4.54369460222415 ], [ -74.110954046691859, 4.543716259697703 ], [ -74.11098847543775, 4.543738949592921 ], [ -74.111033219407489, 4.543769371859071 ], [ -74.111054818425089, 4.5437856280044 ], [ -74.111076457012814, 4.543801912028641 ], [ -74.111119164018191, 4.543835148273502 ], [ -74.111163869317068, 4.54386399133017 ], [ -74.111176570442353, 4.543870485334651 ] ] ] } },
{ "type": "Feature", "properties": { "OBJECTID_1": 486, "id_interve": "4003724", "nomenclatu": "KR 1D ENTRE CL 41B SUR Y CL 41A SUR", "tipo_inter": 1, "loccodigo": "04", "barrio_leg": "URBANIZACION SAN MARTIN", "numero_con": 1125, "año_contr": 2020, "numero_c_1": 1142, "año_con_1": 2020, "tipo_contr": 1, "estado_con": 2, "entidad_co": 1, "enlace_con": "https:\/\/community.secop.gov.co\/Public\/Tendering\/OpportunityDetail\/Index?noticeUID=CO1.NTC.1575591&isFromPublicArea=True&isModal=true&asPopupView=true", "id_element": 208020, "tipo_eleme": 3, "funcion_el": 2, "area_eleme": 184.86090763499999, "SHAPE_Leng": 0.00098427042410699993, "Shape_Area": 1.5052475196899999e-08 }, "geometry": { "type": "Polygon", "coordinates": [ [ [ -74.100099208911331, 4.551714661802237 ], [ -74.100105373763938, 4.551721089256887 ], [ -74.100114151147125, 4.551730238060088 ], [ -74.10011495244305, 4.551731072630957 ], [ -74.100115862556947, 4.551732023214356 ], [ -74.100150939714069, 4.551698204208833 ], [ -74.100153295038524, 4.55169593431998 ], [ -74.100175593728636, 4.551674372174602 ], [ -74.100174646742516, 4.55167338831626 ], [ -74.10018122258532, 4.551666966257528 ], [ -74.100192118771247, 4.551656409116049 ], [ -74.100196047009945, 4.551652684124122 ], [ -74.100198706305207, 4.551650162425119 ], [ -74.100206798404997, 4.551642343719209 ], [ -74.100208839866013, 4.551640370606663 ], [ -74.100218575027156, 4.551630967295353 ], [ -74.100219193760722, 4.551631612109247 ], [ -74.100246439621458, 4.551605504790246 ], [ -74.10024571476788, 4.5516047475611 ], [ -74.100271022589595, 4.551580297692624 ], [ -74.100271429982456, 4.551580722172616 ], [ -74.100287052105728, 4.551556696784189 ], [ -74.100286391104021, 4.551556007004194 ], [ -74.100300008638442, 4.551542859815186 ], [ -74.100319685804834, 4.551523876925444 ], [ -74.100320982627181, 4.5515226232705 ], [ -74.100345143813286, 4.551499282266093 ], [ -74.100394434755344, 4.551451664063109 ], [ -74.100421522335353, 4.551482586352336 ], [ -74.10039036892033, 4.551512683063947 ], [ -74.100389448014596, 4.551511690212408 ], [ -74.100372631591654, 4.551527935565844 ], [ -74.10037356598724, 4.55152891582685 ], [ -74.100372282654689, 4.551530153293982 ], [ -74.100348920066551, 4.55155272627735 ], [ -74.10034761335163, 4.551553988026171 ], [ -74.100328464087283, 4.551572522154231 ], [ -74.100314850150198, 4.551585673839838 ], [ -74.100313765567762, 4.551584544291359 ], [ -74.100293689102443, 4.551603925580764 ], [ -74.100292888705837, 4.551603091009895 ], [ -74.100267781432933, 4.551627346624798 ], [ -74.100267491851241, 4.551627626313973 ], [ -74.100266518784792, 4.551628566105478 ], [ -74.100257701831424, 4.551637083584581 ], [ -74.100240404271176, 4.551653739928213 ], [ -74.100238455440319, 4.55165561771264 ], [ -74.100230984772111, 4.551662820382887 ], [ -74.100230660116836, 4.551663133346949 ], [ -74.100217842979021, 4.551675401898308 ], [ -74.100214019061696, 4.551679144876687 ], [ -74.100203508684956, 4.551689434020204 ], [ -74.100196609985517, 4.551696187928769 ], [ -74.100195840165838, 4.551695389330803 ], [ -74.100173383195056, 4.55171704500566 ], [ -74.100171090823153, 4.551719259136576 ], [ -74.100136067625385, 4.551753085336657 ], [ -74.100144315307887, 4.551761681056803 ], [ -74.100129389259848, 4.551776099887149 ], [ -74.100084283762669, 4.551729082431279 ], [ -74.100099208911331, 4.551714661802237 ] ] ] } },
{ "type": "Feature", "properties": { "OBJECTID_1": 487, "id_interve": "4003724", "nomenclatu": "KR 1D ENTRE CL 41B SUR Y CL 41A SUR", "tipo_inter": 1, "loccodigo": "04", "barrio_leg": "URBANIZACION SAN MARTIN", "numero_con": 1125, "año_contr": 2020, "numero_c_1": 1142, "año_con_1": 2020, "tipo_contr": 1, "estado_con": 2, "entidad_co": 1, "enlace_con": "https:\/\/community.secop.gov.co\/Public\/Tendering\/OpportunityDetail\/Index?noticeUID=CO1.NTC.1575591&isFromPublicArea=True&isModal=true&asPopupView=true", "id_element": 208021, "tipo_eleme": 2, "funcion_el": 4, "area_eleme": 93.678519504899995, "SHAPE_Leng": 0.00083970952719700004, "Shape_Area": 7.6278285233299993e-09 }, "geometry": { "type": "Polygon", "coordinates": [ [ [ -74.100099208911331, 4.551714661802237 ], [ -74.100099035342168, 4.551714481038516 ], [ -74.10013173109445, 4.551682895049623 ], [ -74.10013213219213, 4.551683313234378 ], [ -74.100133948822645, 4.551681536173987 ], [ -74.100141770226458, 4.551674046620008 ], [ -74.10017497499507, 4.551642187237178 ], [ -74.100183337790781, 4.551634141902184 ], [ -74.100224569008617, 4.551594435035213 ], [ -74.10022990468633, 4.55158928102054 ], [ -74.100254941812068, 4.551565112639878 ], [ -74.100255717926984, 4.5515643428202 ], [ -74.100262660693204, 4.551557634777055 ], [ -74.100277735129339, 4.551543072954473 ], [ -74.100279050837514, 4.551544446219282 ], [ -74.100283069907732, 4.551540592624292 ], [ -74.100283918867717, 4.551539763449398 ], [ -74.100285972919266, 4.551537758860547 ], [ -74.100286827275227, 4.551536934182195 ], [ -74.100290753715285, 4.551533140841798 ], [ -74.100361406253853, 4.551464885895825 ], [ -74.100360156196189, 4.551463583677503 ], [ -74.100383907291473, 4.5514406383748 ], [ -74.100386839081295, 4.551443694271143 ], [ -74.100391648655602, 4.55144870889086 ], [ -74.100394434755344, 4.551451664063109 ], [ -74.100345143813286, 4.551499282266093 ], [ -74.100320982627181, 4.5515226232705 ], [ -74.100319685804834, 4.551523876925444 ], [ -74.100300008638442, 4.551542859815186 ], [ -74.100286391104021, 4.551556007004194 ], [ -74.100287052105728, 4.551556696784189 ], [ -74.100271429982456, 4.551580722172616 ], [ -74.100271022589595, 4.551580297692624 ], [ -74.10024571476788, 4.5516047475611 ], [ -74.100246439621458, 4.551605504790246 ], [ -74.100219193760722, 4.551631612109247 ], [ -74.100218575027156, 4.551630967295353 ], [ -74.100208839866013, 4.551640370606663 ], [ -74.100206798404997, 4.551642343719209 ], [ -74.100198706305207, 4.551650162425119 ], [ -74.100196047009945, 4.551652684124122 ], [ -74.100192118771247, 4.551656409116049 ], [ -74.10018122258532, 4.551666966257528 ], [ -74.100174646742516, 4.55167338831626 ], [ -74.100175593728636, 4.551674372174602 ], [ -74.100153295038524, 4.55169593431998 ], [ -74.100150939714069, 4.551698204208833 ], [ -74.100115862556947, 4.551732023214356 ], [ -74.10011495244305, 4.551731072630957 ], [ -74.100114151147125, 4.551730238060088 ], [ -74.100105373763938, 4.551721089256887 ], [ -74.100099208911331, 4.551714661802237 ] ] ] } },
{ "type": "Feature", "properties": { "OBJECTID_1": 488, "id_interve": "4003724", "nomenclatu": "KR 1D ENTRE CL 41B SUR Y CL 41A SUR", "tipo_inter": 1, "loccodigo": "04", "barrio_leg": "URBANIZACION SAN MARTIN", "numero_con": 1125, "año_contr": 2020, "numero_c_1": 1142, "año_con_1": 2020, "tipo_contr": 1, "estado_con": 2, "entidad_co": 1, "enlace_con": "https:\/\/community.secop.gov.co\/Public\/Tendering\/OpportunityDetail\/Index?noticeUID=CO1.NTC.1575591&isFromPublicArea=True&isModal=true&asPopupView=true", "id_element": 208019, "tipo_eleme": 2, "funcion_el": 4, "area_eleme": 56.327936857399997, "SHAPE_Leng": 0.00069903899006800005, "Shape_Area": 4.5865552339299996e-09 }, "geometry": { "type": "Polygon", "coordinates": [ [ [ -74.100144315307887, 4.551761681056803 ], [ -74.100136067625385, 4.551753085336657 ], [ -74.100171090823153, 4.551719259136576 ], [ -74.100173383195056, 4.55171704500566 ], [ -74.100195840165838, 4.551695389330803 ], [ -74.100196609985517, 4.551696187928769 ], [ -74.100203508684956, 4.551689434020204 ], [ -74.100214019061696, 4.551679144876687 ], [ -74.100217842979021, 4.551675401898308 ], [ -74.100230660116836, 4.551663133346949 ], [ -74.100230984772111, 4.551662820382887 ], [ -74.100238455440319, 4.55165561771264 ], [ -74.100240404271176, 4.551653739928213 ], [ -74.100257701831424, 4.551637083584581 ], [ -74.100266518784792, 4.551628566105478 ], [ -74.100267491851241, 4.551627626313973 ], [ -74.100267781432933, 4.551627346624798 ], [ -74.100292888705837, 4.551603091009895 ], [ -74.100293689102443, 4.551603925580764 ], [ -74.100313765567762, 4.551584544291359 ], [ -74.100314850150198, 4.551585673839838 ], [ -74.100315770156612, 4.551586633416434 ], [ -74.100329387691033, 4.551573485328106 ], [ -74.100367820218707, 4.551536348723573 ], [ -74.100369035202789, 4.551537615868313 ], [ -74.100330617963607, 4.551574729989852 ], [ -74.100318301748189, 4.551586628020516 ], [ -74.100319363847518, 4.551587735985265 ], [ -74.100334140608084, 4.551603138673954 ], [ -74.100332826698548, 4.551604422905825 ], [ -74.100333750302298, 4.551605385180437 ], [ -74.100286356929814, 4.551651184054947 ], [ -74.100285419836212, 4.551650207391219 ], [ -74.100286384808783, 4.551649274794272 ], [ -74.100276513850019, 4.551638985650698 ], [ -74.100267688802774, 4.551647512123054 ], [ -74.100248480183154, 4.551666068734107 ], [ -74.100247546686887, 4.551665111855471 ], [ -74.100246559231266, 4.551666042653778 ], [ -74.100241052682406, 4.55167136124436 ], [ -74.100240095803713, 4.551672318123053 ], [ -74.100223175059455, 4.551688472644969 ], [ -74.100222199295047, 4.551689412436474 ], [ -74.100213676419969, 4.551697861567106 ], [ -74.100212714145414, 4.551698813049825 ], [ -74.100180470752093, 4.551730031216039 ], [ -74.100174483065928, 4.551735779682531 ], [ -74.100164105788792, 4.551745817015899 ], [ -74.100155674644611, 4.551753972967504 ], [ -74.100154703376802, 4.551754913658385 ], [ -74.100145567164134, 4.551762979677846 ], [ -74.100144460098704, 4.551761832142915 ], [ -74.100144315307887, 4.551761681056803 ] ] ] } },
{ "type": "Feature", "properties": { "OBJECTID_1": 489, "id_interve": "5003143", "nomenclatu": "KR 10BIS E ENTRE CL 81C S Y CL 82 S", "tipo_inter": 1, "loccodigo": "05", "barrio_leg": "LA COMPOSTELA II", "numero_con": 876, "año_contr": 2021, "numero_c_1": 908, "año_con_1": 2021, "tipo_contr": 1, "estado_con": 1, "entidad_co": 1, "enlace_con": "https:\/\/community.secop.gov.co\/Public\/Tendering\/OpportunityDetail\/Index?noticeUID=CO1.NTC.2222959&isFromPublicArea=True&isModal=False", "id_element": 296739, "tipo_eleme": 3, "funcion_el": 2, "area_eleme": 222.532973852, "SHAPE_Leng": 0.00110044668385, "Shape_Area": 1.8118977505200001e-08 }, "geometry": { "type": "Polygon", "coordinates": [ [ [ -74.098772187286556, 4.508834555870123 ], [ -74.09874825183033, 4.508829802053754 ], [ -74.098750319371675, 4.508828673404594 ], [ -74.098752180968347, 4.508827229992733 ], [ -74.098753788956174, 4.508825508690336 ], [ -74.098755102865653, 4.508823553564184 ], [ -74.098756089421954, 4.508821414077033 ], [ -74.098756721645373, 4.5088191450875 ], [ -74.098758077822993, 4.508813159199974 ], [ -74.098783696810131, 4.508700043372357 ], [ -74.098866350801416, 4.508335105680658 ], [ -74.098893235134653, 4.508344267074335 ], [ -74.098900344275421, 4.508346688948563 ], [ -74.098843287687544, 4.508598608838781 ], [ -74.098793982356369, 4.508816310424436 ], [ -74.098792599199044, 4.508822415921827 ], [ -74.098791866251588, 4.508824873768958 ], [ -74.098791526307878, 4.508827415253052 ], [ -74.098791587461733, 4.508829979220195 ], [ -74.098792048813948, 4.508832501818574 ], [ -74.09879289777399, 4.508834921894163 ], [ -74.098794113657391, 4.50883717919254 ], [ -74.098795667685863, 4.508839218854916 ], [ -74.098772187286556, 4.508834555870123 ] ] ] } },
{ "type": "Feature", "properties": { "OBJECTID_1": 490, "id_interve": "5009561", "nomenclatu": "KR 7H E ENTRE CL 109 S Y ZONA VERDE 05-367", "tipo_inter": 1, "loccodigo": "05", "barrio_leg": "PUERTA AL LLANO SECTOR 1\/ PUERTA AL LLANO II SEC", "numero_con": 882, "año_contr": 2021, "numero_c_1": 922, "año_con_1": 2021, "tipo_contr": 1, "estado_con": 1, "entidad_co": 1, "enlace_con": "https:\/\/community.secop.gov.co\/Public\/Tendering\/OpportunityDetail\/Index?noticeUID=CO1.NTC.2222959&isFromPublicArea=True&isModal=False", "id_element": 92076438, "tipo_eleme": 2, "funcion_el": 4, "area_eleme": 51.186523662699997, "SHAPE_Leng": 0.00068286248762199997, "Shape_Area": 4.1675356413199998e-09 }, "geometry": { "type": "Polygon", "coordinates": [ [ [ -74.100039320358292, 4.486099563244295 ], [ -74.100137485856237, 4.486411315929558 ], [ -74.100138148656583, 4.486413414047888 ], [ -74.100126058170986, 4.486417231669975 ], [ -74.100122275622482, 4.4864052230227 ], [ -74.100121903303148, 4.486404035917587 ], [ -74.100029479976456, 4.486110522382774 ], [ -74.100029236260184, 4.4861097462678 ], [ -74.100027410636471, 4.486103949237929 ], [ -74.100039320358292, 4.486099563244295 ] ] ] } },
{ "type": "Feature", "properties": { "OBJECTID_1": 491, "id_interve": "5009561", "nomenclatu": "KR 7H E ENTRE CL 109 S Y ZONA VERDE 05-367", "tipo_inter": 1, "loccodigo": "05", "barrio_leg": "PUERTA AL LLANO SECTOR 1\/ PUERTA AL LLANO II SEC", "numero_con": 882, "año_contr": 2021, "numero_c_1": 922, "año_con_1": 2021, "tipo_contr": 1, "estado_con": 1, "entidad_co": 1, "enlace_con": "https:\/\/community.secop.gov.co\/Public\/Tendering\/OpportunityDetail\/Index?noticeUID=CO1.NTC.2222959&isFromPublicArea=True&isModal=False", "id_element": 92076437, "tipo_eleme": 2, "funcion_el": 4, "area_eleme": 47.855775613500001, "SHAPE_Leng": 0.00067192143935200001, "Shape_Area": 3.8963393193800001e-09 }, "geometry": { "type": "Polygon", "coordinates": [ [ [ -74.100070481867192, 4.486088085197025 ], [ -74.100082720740943, 4.486086887300075 ], [ -74.100087429591156, 4.486101842126345 ], [ -74.100179618194773, 4.486394612821186 ], [ -74.100168085288885, 4.486398050030061 ], [ -74.100074253623859, 4.486100065066012 ], [ -74.100070481867192, 4.486088085197025 ] ] ] } },
{ "type": "Feature", "properties": { "OBJECTID_1": 492, "id_interve": "5009561", "nomenclatu": "KR 7H E ENTRE CL 109 S Y ZONA VERDE 05-367", "tipo_inter": 1, "loccodigo": "05", "barrio_leg": "PUERTA AL LLANO SECTOR 1\/ PUERTA AL LLANO II SEC", "numero_con": 882, "año_contr": 2021, "numero_c_1": 922, "año_con_1": 2021, "tipo_contr": 1, "estado_con": 1, "entidad_co": 1, "enlace_con": "https:\/\/community.secop.gov.co\/Public\/Tendering\/OpportunityDetail\/Index?noticeUID=CO1.NTC.2222959&isFromPublicArea=True&isModal=False", "id_element": 91021768, "tipo_eleme": 1, "funcion_el": 3, "area_eleme": 141.08310272, "SHAPE_Leng": 0.00077770447441800005, "Shape_Area": 1.1486762560499999e-08 }, "geometry": { "type": "Polygon", "coordinates": [ [ [ -74.100138148656583, 4.486413414047888 ], [ -74.100137485856237, 4.486411315929558 ], [ -74.100039320358292, 4.486099563244295 ], [ -74.100047684053322, 4.486096482166943 ], [ -74.100070481867192, 4.486088085197025 ], [ -74.100074253623859, 4.486100065066012 ], [ -74.100168085288885, 4.486398050030061 ], [ -74.100169179763782, 4.486401525010422 ], [ -74.100169448661063, 4.486403892026033 ], [ -74.100170090777056, 4.486406185297255 ], [ -74.100171091722473, 4.486408347267457 ], [ -74.100172425417043, 4.486410321279379 ], [ -74.100174056787239, 4.486412056970892 ], [ -74.10017594446424, 4.486413510275327 ], [ -74.100178039884611, 4.486414643421085 ], [ -74.100180289089053, 4.486415426730616 ], [ -74.100157541637202, 4.486422611414412 ], [ -74.100133232962264, 4.486430287128087 ], [ -74.100134995633482, 4.486428337397911 ], [ -74.100136446239958, 4.486426145750102 ], [ -74.100137551506748, 4.486423761647359 ], [ -74.10013828715222, 4.48642123814966 ], [ -74.100138635189808, 4.486418632813695 ], [ -74.100138589324388, 4.48641600499468 ], [ -74.100138148656583, 4.486413414047888 ] ] ] } },
{ "type": "Feature", "properties": { "OBJECTID_1": 493, "id_interve": "7004079", "nomenclatu": "KR 84B ENTRE CL 73F S Y CL 73FBIS S", "tipo_inter": 1, "loccodigo": "07", "barrio_leg": "ISLANDIA II", "numero_con": 877, "año_contr": 2021, "numero_c_1": 891, "año_con_1": 2021, "tipo_contr": 1, "estado_con": 1, "entidad_co": 1, "enlace_con": "https:\/\/community.secop.gov.co\/Public\/Tendering\/OpportunityDetail\/Index?noticeUID=CO1.NTC.2222959&isFromPublicArea=True&isModal=False", "id_element": 360493, "tipo_eleme": 1, "funcion_el": 3, "area_eleme": 84.721856438100005, "SHAPE_Leng": 0.00053117191948199997, "Shape_Area": 6.89939213139e-09 }, "geometry": { "type": "Polygon", "coordinates": [ [ [ -74.198598793299652, 4.615768417678396 ], [ -74.198469733391448, 4.615740970369529 ], [ -74.19846486086459, 4.61573993255189 ], [ -74.198397304691809, 4.615725583868652 ], [ -74.198399365937973, 4.615710532814887 ], [ -74.198401455962369, 4.615695265024499 ], [ -74.198401595357325, 4.615695292004148 ], [ -74.198402071997975, 4.615695381936348 ], [ -74.198430646157362, 4.615700856109697 ], [ -74.198430738787522, 4.615700874995412 ], [ -74.198446164858581, 4.615704167413469 ], [ -74.198611724651357, 4.615739494582044 ], [ -74.198611800194385, 4.615739512568496 ], [ -74.198612491773019, 4.615739669050527 ], [ -74.198613194143547, 4.615739762580006 ], [ -74.198614705004616, 4.615739781465777 ], [ -74.198616196979856, 4.615739546742759 ], [ -74.19861762959988, 4.615739066504773 ], [ -74.198618961495811, 4.615738353342408 ], [ -74.198620155795538, 4.615737427040699 ], [ -74.198621178324686, 4.615736314579294 ], [ -74.198622000305022, 4.615735047434555 ], [ -74.198622599253497, 4.615733659780631 ], [ -74.198608817143167, 4.6157800881806 ], [ -74.198608911571966, 4.61577961783513 ], [ -74.198608975423838, 4.615779246415116 ], [ -74.198609022188577, 4.615778865102584 ], [ -74.198609053664882, 4.615778480192773 ], [ -74.198609068953317, 4.615778097081545 ], [ -74.198609072550596, 4.615777916317825 ], [ -74.198609068053997, 4.615777713970374 ], [ -74.198609050966866, 4.615777330859203 ], [ -74.198609018591299, 4.615776957640549 ], [ -74.19860896822928, 4.615776568234082 ], [ -74.19860890078013, 4.615776185122911 ], [ -74.198608818941807, 4.615775810105617 ], [ -74.198608782069584, 4.615775655422226 ], [ -74.198608723613688, 4.615775444980841 ], [ -74.198608611198381, 4.615775078956801 ], [ -74.198608488890613, 4.615774732717796 ], [ -74.198608338703821, 4.615774362197101 ], [ -74.19860818042315, 4.615774009662857 ], [ -74.198608006853988, 4.615773668819827 ], [ -74.198607937606198, 4.615773538418125 ], [ -74.19860781799639, 4.615773333372658 ], [ -74.198607617447522, 4.615773006019481 ], [ -74.198607433086522, 4.615772731726224 ], [ -74.198607401610275, 4.615772691256723 ], [ -74.198607174081758, 4.61577238278926 ], [ -74.198606935761461, 4.615772088710969 ], [ -74.198606683051935, 4.615771800927917 ], [ -74.198606591321095, 4.615771700203823 ], [ -74.198606412356014, 4.615771519440102 ], [ -74.198606374584472, 4.615771484366576 ], [ -74.198606133566159, 4.6157712541401 ], [ -74.19860590064178, 4.61577104729605 ], [ -74.198605844883787, 4.61577100143063 ], [ -74.198605547208217, 4.615770762210957 ], [ -74.198605247733951, 4.615770540078415 ], [ -74.198604931172611, 4.615770326039751 ], [ -74.198604827750557, 4.615770258590601 ], [ -74.198604593027483, 4.615770120095021 ], [ -74.19860425937901, 4.615769934834645 ], [ -74.198603997676287, 4.615769800835665 ], [ -74.198603926629858, 4.615769769359417 ], [ -74.198603578592213, 4.615769611078747 ], [ -74.198603219762731, 4.615769468086512 ], [ -74.19860286003393, 4.615769341282146 ], [ -74.198602762907171, 4.615769308906522 ], [ -74.198602492211194, 4.615769228866839 ], [ -74.198602029060339, 4.61576911015635 ], [ -74.1986018429007, 4.61576906608957 ], [ -74.198598793299652, 4.615768417678396 ] ] ] } },
{ "type": "Feature", "properties": { "OBJECTID_1": 494, "id_interve": "7004052", "nomenclatu": "KR 84D ENTRE CL 73F S Y CL 73F BIS S", "tipo_inter": 1, "loccodigo": "07", "barrio_leg": "ISLANDIA II", "numero_con": 877, "año_contr": 2021, "numero_c_1": 891, "año_con_1": 2021, "tipo_contr": 1, "estado_con": 1, "entidad_co": 1, "enlace_con": "https:\/\/community.secop.gov.co\/Public\/Tendering\/OpportunityDetail\/Index?noticeUID=CO1.NTC.2222959&isFromPublicArea=True&isModal=False", "id_element": 360424, "tipo_eleme": 1, "funcion_el": 3, "area_eleme": 70.360750151000005, "SHAPE_Leng": 0.000482321934744, "Shape_Area": 5.7299058383699999e-09 }, "geometry": { "type": "Polygon", "coordinates": [ [ [ -74.198531030282766, 4.616026624728988 ], [ -74.198381514395351, 4.615994075566164 ], [ -74.198381258987865, 4.615994025204145 ], [ -74.198346516378592, 4.615987507817294 ], [ -74.19834530499179, 4.61598736482506 ], [ -74.198343021613141, 4.615987095927778 ], [ -74.198341311102581, 4.615986895378967 ], [ -74.198344786982318, 4.615973850712692 ], [ -74.198348133359616, 4.615961291680321 ], [ -74.198348214298619, 4.615961306968813 ], [ -74.198397884754513, 4.615970544804838 ], [ -74.198491455616136, 4.615988324401712 ], [ -74.198541831140574, 4.61599789498689 ], [ -74.198543878896828, 4.615998284393356 ], [ -74.198543974225004, 4.615998299681848 ], [ -74.198544172975176, 4.615998333856055 ], [ -74.198544313269394, 4.615998355439785 ], [ -74.19854470627314, 4.61599840939914 ], [ -74.19854504621685, 4.615998440875387 ], [ -74.198545464401604, 4.615998465157077 ], [ -74.198545861002628, 4.615998467855036 ], [ -74.198546259402292, 4.61599845526456 ], [ -74.198546388904674, 4.615998448069945 ], [ -74.198546656902636, 4.615998422888936 ], [ -74.19854705170502, 4.615998374325557 ], [ -74.198547344884048, 4.615998327560817 ], [ -74.198547447406725, 4.615998307775726 ], [ -74.198547685727078, 4.615998257413708 ], [ -74.198547836813191, 4.615998224138764 ], [ -74.198548217226403, 4.615998124314046 ], [ -74.198548596740295, 4.615998005603501 ], [ -74.198548663290126, 4.61599798491909 ], [ -74.198548978952203, 4.615997869805881 ], [ -74.198549347674202, 4.615997717820449 ], [ -74.198549558115587, 4.615997625190289 ], [ -74.19854970830238, 4.615997549647261 ], [ -74.198549990689457, 4.615997403057747 ], [ -74.198544274598532, 4.616017073928845 ], [ -74.198538331878467, 4.616037523612874 ], [ -74.198538540521213, 4.616035970483722 ], [ -74.198538477568661, 4.616034403864717 ], [ -74.198538144819508, 4.616032872319238 ], [ -74.198537552166272, 4.616031420813442 ], [ -74.198536717595402, 4.61603009431343 ], [ -74.19853566718723, 4.616028930590744 ], [ -74.198534431518738, 4.616027966517493 ], [ -74.198533047462149, 4.616027230872078 ], [ -74.198531557285492, 4.616026745238173 ], [ -74.198531473648529, 4.616026726352402 ], [ -74.198531159785148, 4.616026654406596 ], [ -74.198531063557709, 4.616026631923546 ], [ -74.198531030282766, 4.616026624728988 ] ] ] } },
{ "type": "Feature", "properties": { "OBJECTID_1": 495, "id_interve": "7004012", "nomenclatu": "KR 85 ENTRE CL 73F S Y CL 73F BIS S", "tipo_inter": 1, "loccodigo": "07", "barrio_leg": "ISLANDIA II", "numero_con": 877, "año_contr": 2021, "numero_c_1": 891, "año_con_1": 2021, "tipo_contr": 1, "estado_con": 1, "entidad_co": 1, "enlace_con": "https:\/\/community.secop.gov.co\/Public\/Tendering\/OpportunityDetail\/Index?noticeUID=CO1.NTC.2222959&isFromPublicArea=True&isModal=False", "id_element": 360328, "tipo_eleme": 1, "funcion_el": 3, "area_eleme": 120.002167953, "SHAPE_Leng": 0.000539839088219, "Shape_Area": 9.7725310309300006e-09 }, "geometry": { "type": "Polygon", "coordinates": [ [ [ -74.198466165780872, 4.61629373506787 ], [ -74.198465620791751, 4.616293611860726 ], [ -74.198334371034377, 4.616268744706872 ], [ -74.198287571214394, 4.616259877391485 ], [ -74.198262925293704, 4.616254361849371 ], [ -74.198271646918954, 4.61621702559529 ], [ -74.198272932050145, 4.616211528938948 ], [ -74.198297475448101, 4.616216107387515 ], [ -74.19838137859773, 4.616231758289075 ], [ -74.198471921441978, 4.616248647557086 ], [ -74.198478201407852, 4.616249805883911 ], [ -74.19848039755226, 4.616250210578812 ], [ -74.198480573819381, 4.616250243853699 ], [ -74.198482068492638, 4.616250394939811 ], [ -74.198483567662493, 4.616250294215774 ], [ -74.198484629761822, 4.616250067586577 ], [ -74.198485656787568, 4.616249715052334 ], [ -74.198486634350672, 4.616249241109642 ], [ -74.198480970420405, 4.616271758335017 ], [ -74.198472686765058, 4.616304693306972 ], [ -74.198472935877248, 4.616303141976459 ], [ -74.198472912494879, 4.616301571760175 ], [ -74.198472617517268, 4.61630002942286 ], [ -74.198472059937558, 4.616298560829989 ], [ -74.198471256842993, 4.61629721094755 ], [ -74.198470231615886, 4.616296021144535 ], [ -74.198469016631748, 4.61629502559498 ], [ -74.198467647863595, 4.616294255775358 ], [ -74.198466165780872, 4.61629373506787 ] ] ] } },
{ "type": "Feature", "properties": { "OBJECTID_1": 496, "id_interve": "7004012", "nomenclatu": "KR 85 ENTRE CL 73F S Y CL 73F BIS S", "tipo_inter": 1, "loccodigo": "07", "barrio_leg": "ISLANDIA II", "numero_con": 877, "año_contr": 2021, "numero_c_1": 891, "año_con_1": 2021, "tipo_contr": 1, "estado_con": 1, "entidad_co": 1, "enlace_con": "https:\/\/community.secop.gov.co\/Public\/Tendering\/OpportunityDetail\/Index?noticeUID=CO1.NTC.2222959&isFromPublicArea=True&isModal=False", "id_element": 360329, "tipo_eleme": 2, "funcion_el": 4, "area_eleme": 23.031403684600001, "SHAPE_Leng": 0.00043248440733600001, "Shape_Area": 1.8755800356699999e-09 }, "geometry": { "type": "Polygon", "coordinates": [ [ [ -74.198283760786865, 4.616268405662424 ], [ -74.198275082329133, 4.616266762601072 ], [ -74.198260844262506, 4.616263274130858 ], [ -74.198262925293704, 4.616254361849371 ], [ -74.198287571214394, 4.616259877391485 ], [ -74.198334371034377, 4.616268744706872 ], [ -74.198465620791751, 4.616293611860726 ], [ -74.198466165780872, 4.61629373506787 ], [ -74.198463901287994, 4.616302682422884 ], [ -74.19846393636152, 4.616302480075433 ], [ -74.198463898590035, 4.616302461189662 ], [ -74.198463762792358, 4.616302445001907 ], [ -74.198341958614435, 4.616279377391379 ], [ -74.198286268996071, 4.616268830142474 ], [ -74.198286086433711, 4.616268811256703 ], [ -74.198285868797768, 4.616268804961408 ], [ -74.198283760786865, 4.616268405662424 ] ] ] } },
{ "type": "Feature", "properties": { "OBJECTID_1": 497, "id_interve": "7004012", "nomenclatu": "KR 85 ENTRE CL 73F S Y CL 73F BIS S", "tipo_inter": 1, "loccodigo": "07", "barrio_leg": "ISLANDIA II", "numero_con": 877, "año_contr": 2021, "numero_c_1": 891, "año_con_1": 2021, "tipo_contr": 1, "estado_con": 1, "entidad_co": 1, "enlace_con": "https:\/\/community.secop.gov.co\/Public\/Tendering\/OpportunityDetail\/Index?noticeUID=CO1.NTC.2222959&isFromPublicArea=True&isModal=False", "id_element": 360327, "tipo_eleme": 2, "funcion_el": 4, "area_eleme": 19.798662994499999, "SHAPE_Leng": 0.00043276423450599999, "Shape_Area": 1.6122844189600001e-09 }, "geometry": { "type": "Polygon", "coordinates": [ [ [ -74.198272932050145, 4.616211528938948 ], [ -74.198274436615918, 4.616203533066653 ], [ -74.19827461378236, 4.616202777636147 ], [ -74.198292009368686, 4.616205999007718 ], [ -74.198296165135901, 4.61620676882734 ], [ -74.198301743630509, 4.616207802148381 ], [ -74.19847947304919, 4.616243829888901 ], [ -74.198478201407852, 4.616249805883911 ], [ -74.198471921441978, 4.616248647557086 ], [ -74.19838137859773, 4.616231758289075 ], [ -74.198297475448101, 4.616216107387515 ], [ -74.198272932050145, 4.616211528938948 ] ] ] } },
{ "type": "Feature", "properties": { "OBJECTID_1": 498, "id_interve": "7004079", "nomenclatu": "KR 84B ENTRE CL 73F S Y CL 73FBIS S", "tipo_inter": 1, "loccodigo": "07", "barrio_leg": "ISLANDIA II", "numero_con": 877, "año_contr": 2021, "numero_c_1": 891, "año_con_1": 2021, "tipo_contr": 1, "estado_con": 1, "entidad_co": 1, "enlace_con": "https:\/\/community.secop.gov.co\/Public\/Tendering\/OpportunityDetail\/Index?noticeUID=CO1.NTC.2222959&isFromPublicArea=True&isModal=False", "id_element": 360494, "tipo_eleme": 2, "funcion_el": 4, "area_eleme": 11.4241805853, "SHAPE_Leng": 0.00042079452035100002, "Shape_Area": 9.3034861902200001e-10 }, "geometry": { "type": "Polygon", "coordinates": [ [ [ -74.198396383786019, 4.615730009432411 ], [ -74.198397304691809, 4.615725583868652 ], [ -74.19846486086459, 4.61573993255189 ], [ -74.198469733391448, 4.615740970369529 ], [ -74.198598793299652, 4.615768417678396 ], [ -74.198597646664041, 4.615772793779456 ], [ -74.198468798995862, 4.61574539143669 ], [ -74.198463928267643, 4.61574435361905 ], [ -74.198396383786019, 4.615730009432411 ] ] ] } },
{ "type": "Feature", "properties": { "OBJECTID_1": 499, "id_interve": "7004079", "nomenclatu": "KR 84B ENTRE CL 73F S Y CL 73FBIS S", "tipo_inter": 1, "loccodigo": "07", "barrio_leg": "ISLANDIA II", "numero_con": 877, "año_contr": 2021, "numero_c_1": 891, "año_con_1": 2021, "tipo_contr": 1, "estado_con": 1, "entidad_co": 1, "enlace_con": "https:\/\/community.secop.gov.co\/Public\/Tendering\/OpportunityDetail\/Index?noticeUID=CO1.NTC.2222959&isFromPublicArea=True&isModal=False", "id_element": 360492, "tipo_eleme": 2, "funcion_el": 4, "area_eleme": 23.8823903489, "SHAPE_Leng": 0.000448838041769, "Shape_Area": 1.9447928329199999e-09 }, "geometry": { "type": "Polygon", "coordinates": [ [ [ -74.198401455962369, 4.615695265024499 ], [ -74.198403281586138, 4.615686416594883 ], [ -74.19843238544621, 4.615691986096351 ], [ -74.19843257070653, 4.615692023867837 ], [ -74.198450090399319, 4.615695763248937 ], [ -74.198613893816116, 4.615730716299538 ], [ -74.198614016123884, 4.615730761265695 ], [ -74.198614063788, 4.615730765762294 ], [ -74.198614129438511, 4.615730570609401 ], [ -74.198611800194385, 4.615739512568496 ], [ -74.198611724651357, 4.615739494582044 ], [ -74.198446164858581, 4.615704167413469 ], [ -74.198430738787522, 4.615700874995412 ], [ -74.198430646157362, 4.615700856109697 ], [ -74.198402071997975, 4.615695381936348 ], [ -74.198401595357325, 4.615695292004148 ], [ -74.198401455962369, 4.615695265024499 ] ] ] } },
{ "type": "Feature", "properties": { "OBJECTID_1": 500, "id_interve": "7004052", "nomenclatu": "KR 84D ENTRE CL 73F S Y CL 73F BIS S", "tipo_inter": 1, "loccodigo": "07", "barrio_leg": "ISLANDIA II", "numero_con": 877, "año_contr": 2021, "numero_c_1": 891, "año_con_1": 2021, "tipo_contr": 1, "estado_con": 1, "entidad_co": 1, "enlace_con": "https:\/\/community.secop.gov.co\/Public\/Tendering\/OpportunityDetail\/Index?noticeUID=CO1.NTC.2222959&isFromPublicArea=True&isModal=False", "id_element": 360425, "tipo_eleme": 2, "funcion_el": 4, "area_eleme": 21.416276141600001, "SHAPE_Leng": 0.000404189824296, "Shape_Area": 1.74410307985e-09 }, "geometry": { "type": "Polygon", "coordinates": [ [ [ -74.198339954025641, 4.615994471267868 ], [ -74.198341311102581, 4.615986895378967 ], [ -74.198343021613141, 4.615987095927778 ], [ -74.19834530499179, 4.61598736482506 ], [ -74.198346516378592, 4.615987507817294 ], [ -74.198381258987865, 4.615994025204145 ], [ -74.198381514395351, 4.615994075566164 ], [ -74.198531030282766, 4.616026624728988 ], [ -74.198529155196297, 4.616035463266087 ], [ -74.198339954025641, 4.615994471267868 ] ] ] } },
{ "type": "Feature", "properties": { "OBJECTID_1": 501, "id_interve": "7004052", "nomenclatu": "KR 84D ENTRE CL 73F S Y CL 73F BIS S", "tipo_inter": 1, "loccodigo": "07", "barrio_leg": "ISLANDIA II", "numero_con": 877, "año_contr": 2021, "numero_c_1": 891, "año_con_1": 2021, "tipo_contr": 1, "estado_con": 1, "entidad_co": 1, "enlace_con": "https:\/\/community.secop.gov.co\/Public\/Tendering\/OpportunityDetail\/Index?noticeUID=CO1.NTC.2222959&isFromPublicArea=True&isModal=False", "id_element": 360423, "tipo_eleme": 2, "funcion_el": 4, "area_eleme": 20.702857107, "SHAPE_Leng": 0.00041165555679600001, "Shape_Area": 1.68588924334e-09 }, "geometry": { "type": "Polygon", "coordinates": [ [ [ -74.198348214298619, 4.615961306968813 ], [ -74.19834913520441, 4.615956882304317 ], [ -74.198350017439338, 4.615952649195435 ], [ -74.198543856413778, 4.615989728243392 ], [ -74.198542920219552, 4.615993500899378 ], [ -74.198541831140574, 4.61599789498689 ], [ -74.198491455616136, 4.615988324401712 ], [ -74.198397884754513, 4.615970544804838 ], [ -74.198348214298619, 4.615961306968813 ] ] ] } },
{ "type": "Feature", "properties": { "OBJECTID_1": 502, "id_interve": "19003894", "nomenclatu": "KR 73 ENTRE CL 76 BIS A SUR Y CL 76A SUR", "tipo_inter": 1, "loccodigo": "19", "barrio_leg": "CARACOLI", "numero_con": 720, "año_contr": 2022, "numero_c_1": 0, "año_con_1": 0, "tipo_contr": 1, "estado_con": 1, "entidad_co": 1, "enlace_con": "https:\/\/community.secop.gov.co\/Public\/Tendering\/OpportunityDetail\/Index?noticeUID=CO1.NTC.3403953&isFromPublicArea=True&isModal=False", "id_element": 92071158, "tipo_eleme": 2, "funcion_el": 4, "area_eleme": 42.6228410533, "SHAPE_Leng": 0.00067383340815200003, "Shape_Area": 3.47073050241e-09 }, "geometry": { "type": "Polygon", "coordinates": [ [ [ -74.169965779597021, 4.573162640043847 ], [ -74.169979041899239, 4.573164968388653 ], [ -74.169929958700607, 4.573487363650941 ], [ -74.169922232624913, 4.573486161257392 ], [ -74.169965161762775, 4.573167240076089 ], [ -74.169965779597021, 4.573162640043847 ] ] ] } },
{ "type": "Feature", "properties": { "OBJECTID_1": 503, "id_interve": "19003890", "nomenclatu": "KR 73A ENTRE CL 76 BIS A SUR Y CL 76A SUR", "tipo_inter": 1, "loccodigo": "19", "barrio_leg": "CARACOLI", "numero_con": 720, "año_contr": 2022, "numero_c_1": 0, "año_con_1": 0, "tipo_contr": 1, "estado_con": 1, "entidad_co": 1, "enlace_con": "https:\/\/community.secop.gov.co\/Public\/Tendering\/OpportunityDetail\/Index?noticeUID=CO1.NTC.3403953&isFromPublicArea=True&isModal=False", "id_element": 92071155, "tipo_eleme": 2, "funcion_el": 4, "area_eleme": 47.361199947300001, "SHAPE_Leng": 0.00063967086710199996, "Shape_Area": 3.6473443962800001e-09 }, "geometry": { "type": "Polygon", "coordinates": [ [ [ -74.17030792217281, 4.573217733411695 ], [ -74.170308009407051, 4.573217237885274 ], [ -74.170319669117418, 4.573219308124635 ], [ -74.170266460728556, 4.573522725893156 ], [ -74.17025481990396, 4.573520546835823 ], [ -74.17030792217281, 4.573217733411695 ] ] ] } },
{ "type": "Feature", "properties": { "OBJECTID_1": 504, "id_interve": "19003909", "nomenclatu": "KR 72 ENTRE CL 76 BIS A SUR Y CL 76A SUR", "tipo_inter": 1, "loccodigo": "19", "barrio_leg": "CARACOLI", "numero_con": 720, "año_contr": 2022, "numero_c_1": 0, "año_con_1": 0, "tipo_contr": 1, "estado_con": 1, "entidad_co": 1, "enlace_con": "https:\/\/community.secop.gov.co\/Public\/Tendering\/OpportunityDetail\/Index?noticeUID=CO1.NTC.3403953&isFromPublicArea=True&isModal=False", "id_element": 92071161, "tipo_eleme": 2, "funcion_el": 4, "area_eleme": 64.129533002499997, "SHAPE_Leng": 0.000784871121674, "Shape_Area": 5.22195788374e-09 }, "geometry": { "type": "Polygon", "coordinates": [ [ [ -74.169687066205086, 4.57311830166833 ], [ -74.169698224093736, 4.573120261291081 ], [ -74.169648013145263, 4.573495426073123 ], [ -74.169631926971817, 4.573493036574405 ], [ -74.169685876402013, 4.573126393768121 ], [ -74.169687066205086, 4.57311830166833 ] ] ] } },
{ "type": "Feature", "properties": { "OBJECTID_1": 505, "id_interve": "19003894", "nomenclatu": "KR 73 ENTRE CL 76 BIS A SUR Y CL 76A SUR", "tipo_inter": 1, "loccodigo": "19", "barrio_leg": "CARACOLI", "numero_con": 720, "año_contr": 2022, "numero_c_1": 0, "año_con_1": 0, "tipo_contr": 1, "estado_con": 1, "entidad_co": 1, "enlace_con": "https:\/\/community.secop.gov.co\/Public\/Tendering\/OpportunityDetail\/Index?noticeUID=CO1.NTC.3403953&isFromPublicArea=True&isModal=False", "id_element": 92071156, "tipo_eleme": 2, "funcion_el": 4, "area_eleme": 38.933199496699999, "SHAPE_Leng": 0.00067461745805300001, "Shape_Area": 3.17036396378e-09 }, "geometry": { "type": "Polygon", "coordinates": [ [ [ -74.169977918645998, 4.573494833419886 ], [ -74.170027193400244, 4.573171181804639 ], [ -74.170027244661583, 4.573170840961609 ], [ -74.170036778374595, 4.573172514599889 ], [ -74.170036457316598, 4.573174625308752 ], [ -74.169987480237978, 4.573496320898528 ], [ -74.169977918645998, 4.573494833419886 ] ] ] } },
{ "type": "Feature", "properties": { "OBJECTID_1": 506, "id_interve": "19003888", "nomenclatu": "KR 73B ENTRE PARQUE Y CL 76A SUR", "tipo_inter": 1, "loccodigo": "19", "barrio_leg": "CARACOLI", "numero_con": 720, "año_contr": 2022, "numero_c_1": 0, "año_con_1": 0, "tipo_contr": 1, "estado_con": 1, "entidad_co": 1, "enlace_con": "https:\/\/community.secop.gov.co\/Public\/Tendering\/OpportunityDetail\/Index?noticeUID=CO1.NTC.3403953&isFromPublicArea=True&isModal=False", "id_element": 92071150, "tipo_eleme": 2, "funcion_el": 4, "area_eleme": 84.628578481800005, "SHAPE_Leng": 0.00078879677621300005, "Shape_Area": 5.43754077167e-09 }, "geometry": { "type": "Polygon", "coordinates": [ [ [ -74.170508330694872, 4.573641376148657 ], [ -74.170577827604632, 4.573267533370029 ], [ -74.170591918182424, 4.573270009203611 ], [ -74.170591497299711, 4.573272278193144 ], [ -74.170522478829298, 4.573643539917498 ], [ -74.170508330694872, 4.573641376148657 ] ] ] } },
{ "type": "Feature", "properties": { "OBJECTID_1": 507, "id_interve": "19003909", "nomenclatu": "KR 72 ENTRE CL 76 BIS A SUR Y CL 76A SUR", "tipo_inter": 1, "loccodigo": "19", "barrio_leg": "CARACOLI", "numero_con": 720, "año_contr": 2022, "numero_c_1": 0, "año_con_1": 0, "tipo_contr": 1, "estado_con": 1, "entidad_co": 1, "enlace_con": "https:\/\/community.secop.gov.co\/Public\/Tendering\/OpportunityDetail\/Index?noticeUID=CO1.NTC.3403953&isFromPublicArea=True&isModal=False", "id_element": 92071159, "tipo_eleme": 2, "funcion_el": 4, "area_eleme": 54.585356316400002, "SHAPE_Leng": 0.00069379133600100005, "Shape_Area": 4.4449445731900002e-09 }, "geometry": { "type": "Polygon", "coordinates": [ [ [ -74.169695628650288, 4.573453870200012 ], [ -74.169739792557323, 4.573123890954832 ], [ -74.169739913965827, 4.573122989834189 ], [ -74.169753048564303, 4.573125295695888 ], [ -74.169708835194569, 4.573455649958305 ], [ -74.169695628650288, 4.573453870200012 ] ] ] } },
{ "type": "Feature", "properties": { "OBJECTID_1": 508, "id_interve": "19003890", "nomenclatu": "KR 73A ENTRE CL 76 BIS A SUR Y CL 76A SUR", "tipo_inter": 1, "loccodigo": "19", "barrio_leg": "CARACOLI", "numero_con": 720, "año_contr": 2022, "numero_c_1": 0, "año_con_1": 0, "tipo_contr": 1, "estado_con": 1, "entidad_co": 1, "enlace_con": "https:\/\/community.secop.gov.co\/Public\/Tendering\/OpportunityDetail\/Index?noticeUID=CO1.NTC.3403953&isFromPublicArea=True&isModal=False", "id_element": 92071157, "tipo_eleme": 2, "funcion_el": 4, "area_eleme": 48.445310221200003, "SHAPE_Leng": 0.00067460005489200004, "Shape_Area": 3.94486460723e-09 }, "geometry": { "type": "Polygon", "coordinates": [ [ [ -74.17025060118425, 4.573210049604143 ], [ -74.170265734975658, 4.573212707100822 ], [ -74.170209610085408, 4.573532759629188 ], [ -74.170200779642244, 4.573531605799019 ], [ -74.17025060118425, 4.573210049604143 ] ] ] } },
{ "type": "Feature", "properties": { "OBJECTID_1": 509, "id_interve": "19003888", "nomenclatu": "KR 73B ENTRE PARQUE Y CL 76A SUR", "tipo_inter": 1, "loccodigo": "19", "barrio_leg": "CARACOLI", "numero_con": 720, "año_contr": 2022, "numero_c_1": 0, "año_con_1": 0, "tipo_contr": 1, "estado_con": 1, "entidad_co": 1, "enlace_con": "https:\/\/community.secop.gov.co\/Public\/Tendering\/OpportunityDetail\/Index?noticeUID=CO1.NTC.3403953&isFromPublicArea=True&isModal=False", "id_element": 92071151, "tipo_eleme": 2, "funcion_el": 4, "area_eleme": 54.8159379879, "SHAPE_Leng": 0.00078808180467600003, "Shape_Area": 4.0402529743999997e-09 }, "geometry": { "type": "Polygon", "coordinates": [ [ [ -74.170466379120057, 4.573634958586524 ], [ -74.170532608792826, 4.573257119220727 ], [ -74.170544923209604, 4.573259304573298 ], [ -74.170544835076043, 4.57325977581803 ], [ -74.170474848035781, 4.573636253610289 ], [ -74.170466379120057, 4.573634958586524 ] ] ] } },
{ "type": "Feature", "properties": { "OBJECTID_1": 510, "id_interve": "19003888", "nomenclatu": "KR 73B ENTRE PARQUE Y CL 76A SUR", "tipo_inter": 1, "loccodigo": "19", "barrio_leg": "CARACOLI", "numero_con": 720, "año_contr": 2022, "numero_c_1": 0, "año_con_1": 0, "tipo_contr": 1, "estado_con": 1, "entidad_co": 1, "enlace_con": "https:\/\/community.secop.gov.co\/Public\/Tendering\/OpportunityDetail\/Index?noticeUID=CO1.NTC.3403953&isFromPublicArea=True&isModal=False", "id_element": 809421, "tipo_eleme": 3, "funcion_el": 2, "area_eleme": 200.686997854, "SHAPE_Leng": 0.00083151073380700001, "Shape_Area": 1.2928287043899999e-08 }, "geometry": { "type": "Polygon", "coordinates": [ [ [ -74.170474848035781, 4.573636253610289 ], [ -74.170544835076043, 4.57325977581803 ], [ -74.170577950811719, 4.573266973092359 ], [ -74.170577827604632, 4.573267533370029 ], [ -74.170508330694872, 4.573641376148657 ], [ -74.170474848035781, 4.573636253610289 ] ] ] } },
{ "type": "Feature", "properties": { "OBJECTID_1": 511, "id_interve": "19003909", "nomenclatu": "KR 72 ENTRE CL 76 BIS A SUR Y CL 76A SUR", "tipo_inter": 1, "loccodigo": "19", "barrio_leg": "CARACOLI", "numero_con": 720, "año_contr": 2022, "numero_c_1": 0, "año_con_1": 0, "tipo_contr": 1, "estado_con": 1, "entidad_co": 1, "enlace_con": "https:\/\/community.secop.gov.co\/Public\/Tendering\/OpportunityDetail\/Index?noticeUID=CO1.NTC.3403953&isFromPublicArea=True&isModal=False", "id_element": 809399, "tipo_eleme": 3, "funcion_el": 2, "area_eleme": 194.600191521, "SHAPE_Leng": 0.00084262497098899997, "Shape_Area": 1.5820078625699999e-08 }, "geometry": { "type": "Polygon", "coordinates": [ [ [ -74.169698325717093, 4.573119495968001 ], [ -74.169739792557323, 4.573123890954832 ], [ -74.169695628650288, 4.573453870200012 ], [ -74.169688191256967, 4.573501394873517 ], [ -74.169648013145263, 4.573495426073123 ], [ -74.169698224093736, 4.573120261291081 ], [ -74.169698325717093, 4.573119495968001 ] ] ] } },
{ "type": "Feature", "properties": { "OBJECTID_1": 512, "id_interve": "19003894", "nomenclatu": "KR 73 ENTRE CL 76 BIS A SUR Y CL 76A SUR", "tipo_inter": 1, "loccodigo": "19", "barrio_leg": "CARACOLI", "numero_con": 720, "año_contr": 2022, "numero_c_1": 0, "año_con_1": 0, "tipo_contr": 1, "estado_con": 1, "entidad_co": 1, "enlace_con": "https:\/\/community.secop.gov.co\/Public\/Tendering\/OpportunityDetail\/Index?noticeUID=CO1.NTC.3403953&isFromPublicArea=True&isModal=False", "id_element": 809405, "tipo_eleme": 3, "funcion_el": 2, "area_eleme": 194.909148483, "SHAPE_Leng": 0.00075104961038600004, "Shape_Area": 1.5871199864600001e-08 }, "geometry": { "type": "Polygon", "coordinates": [ [ [ -74.169979113844988, 4.573164495345225 ], [ -74.170027193400244, 4.573171181804639 ], [ -74.169977918645998, 4.573494833419886 ], [ -74.169929958700607, 4.573487363650941 ], [ -74.169979041899239, 4.573164968388653 ], [ -74.169979113844988, 4.573164495345225 ] ] ] } },
{ "type": "Feature", "properties": { "OBJECTID_1": 513, "id_interve": "19003890", "nomenclatu": "KR 73A ENTRE CL 76 BIS A SUR Y CL 76A SUR", "tipo_inter": 1, "loccodigo": "19", "barrio_leg": "CARACOLI", "numero_con": 720, "año_contr": 2022, "numero_c_1": 0, "año_con_1": 0, "tipo_contr": 1, "estado_con": 1, "entidad_co": 1, "enlace_con": "https:\/\/community.secop.gov.co\/Public\/Tendering\/OpportunityDetail\/Index?noticeUID=CO1.NTC.3403953&isFromPublicArea=True&isModal=False", "id_element": 809418, "tipo_eleme": 3, "funcion_el": 2, "area_eleme": 169.56812236299999, "SHAPE_Leng": 0.00073613975066500002, "Shape_Area": 1.3150353194399999e-08 }, "geometry": { "type": "Polygon", "coordinates": [ [ [ -74.170209610085408, 4.573532759629188 ], [ -74.170265734975658, 4.573212707100822 ], [ -74.17026584199499, 4.573212092863855 ], [ -74.17030792217281, 4.573217733411695 ], [ -74.17025481990396, 4.573520546835823 ], [ -74.1702214442642, 4.573514300144893 ], [ -74.170216758796357, 4.573532818984461 ], [ -74.17021621200854, 4.573533622978346 ], [ -74.170209610085408, 4.573532759629188 ] ] ] } },
{ "type": "Feature", "properties": { "OBJECTID_1": 514, "id_interve": "19003869", "nomenclatu": "CL 76BIS A S ENTRE KR 68 Y KR 69", "tipo_inter": 1, "loccodigo": "19", "barrio_leg": "CARACOLI", "numero_con": 720, "año_contr": 2022, "numero_c_1": 0, "año_con_1": 0, "tipo_contr": 1, "estado_con": 1, "entidad_co": 1, "enlace_con": "https:\/\/community.secop.gov.co\/Public\/Tendering\/OpportunityDetail\/Index?noticeUID=CO1.NTC.3403953&isFromPublicArea=True&isModal=False", "id_element": 448262, "tipo_eleme": 1, "funcion_el": 1, "area_eleme": 146.65375135400001, "SHAPE_Leng": 0.00069221435965899998, "Shape_Area": 1.2027046174799999e-08 }, "geometry": { "type": "Polygon", "coordinates": [ [ [ -74.168470653997417, 4.573243917173102 ], [ -74.168485065633206, 4.573202696747103 ], [ -74.168505852562987, 4.573210016329256 ], [ -74.168517832431974, 4.573214233250326 ], [ -74.168518688586573, 4.573214535422494 ], [ -74.168744856389992, 4.573294166792436 ], [ -74.168749531965261, 4.573295814350388 ], [ -74.168751714619873, 4.573296583270746 ], [ -74.1687582329061, 4.57329914813721 ], [ -74.168766067799766, 4.573302250798292 ], [ -74.168770039205924, 4.573303830907093 ], [ -74.168753237172098, 4.573345792374482 ], [ -74.168662059406472, 4.573304847141003 ], [ -74.168576203828707, 4.573274215332845 ], [ -74.168488633243783, 4.573248901215891 ], [ -74.168470653997417, 4.573243917173102 ] ] ] } },
{ "type": "Feature", "properties": { "OBJECTID_1": 515, "id_interve": "19003845", "nomenclatu": "CL 76BIS A S ENTRE KR 69 Y KR 70", "tipo_inter": 1, "loccodigo": "19", "barrio_leg": "CARACOLI", "numero_con": 720, "año_contr": 2022, "numero_c_1": 0, "año_con_1": 0, "tipo_contr": 1, "estado_con": 1, "entidad_co": 1, "enlace_con": "https:\/\/community.secop.gov.co\/Public\/Tendering\/OpportunityDetail\/Index?noticeUID=CO1.NTC.3403953&isFromPublicArea=True&isModal=False", "id_element": 448198, "tipo_eleme": 1, "funcion_el": 1, "area_eleme": 163.910878607, "SHAPE_Leng": 0.00065718888564200001, "Shape_Area": 1.3279281346200001e-08 }, "geometry": { "type": "Polygon", "coordinates": [ [ [ -74.168753237172098, 4.573345792374482 ], [ -74.168770039205924, 4.573303830907093 ], [ -74.168773894599497, 4.573305372345089 ], [ -74.168781716003366, 4.573308511878395 ], [ -74.168794600590331, 4.573313741436039 ], [ -74.168880582972463, 4.573350240421291 ], [ -74.168965507751921, 4.5733891352005 ], [ -74.169012232928196, 4.573405408432905 ], [ -74.169031363306715, 4.573412541855362 ], [ -74.169015984899772, 4.57345406085625 ], [ -74.168970389272033, 4.573439966681178 ], [ -74.168925693865617, 4.573423236593158 ], [ -74.168753237172098, 4.573345792374482 ] ] ] } },
{ "type": "Feature", "properties": { "OBJECTID_1": 516, "id_interve": "19003826", "nomenclatu": "CL 76BIS A S ENTRE KR 70 Y KR 71", "tipo_inter": 1, "loccodigo": "19", "barrio_leg": "CARACOLI", "numero_con": 720, "año_contr": 2022, "numero_c_1": 0, "año_con_1": 0, "tipo_contr": 1, "estado_con": 1, "entidad_co": 1, "enlace_con": "https:\/\/community.secop.gov.co\/Public\/Tendering\/OpportunityDetail\/Index?noticeUID=CO1.NTC.3403953&isFromPublicArea=True&isModal=False", "id_element": 448150, "tipo_eleme": 1, "funcion_el": 1, "area_eleme": 185.606780055, "SHAPE_Leng": 0.00079816074491200005, "Shape_Area": 1.5070005978500001e-08 }, "geometry": { "type": "Polygon", "coordinates": [ [ [ -74.169015984899772, 4.57345406085625 ], [ -74.169031363306715, 4.573412541855362 ], [ -74.169054002839914, 4.573420985590076 ], [ -74.169214317786498, 4.573457068189214 ], [ -74.169352596644956, 4.573495391898859 ], [ -74.169369278169597, 4.573500482061661 ], [ -74.169354377302625, 4.573550186691818 ], [ -74.169259371123019, 4.573512916088248 ], [ -74.169172335634755, 4.573489137114052 ], [ -74.169084191282366, 4.573469870937856 ], [ -74.169015984899772, 4.57345406085625 ] ] ] } },
{ "type": "Feature", "properties": { "OBJECTID_1": 517, "id_interve": "19014969", "nomenclatu": "CL 76BIS A S ENTRE KR 71 Y KR 73B", "tipo_inter": 1, "loccodigo": "19", "barrio_leg": "CARACOLI", "numero_con": 720, "año_contr": 2022, "numero_c_1": 0, "año_con_1": 0, "tipo_contr": 1, "estado_con": 1, "entidad_co": 1, "enlace_con": "https:\/\/community.secop.gov.co\/Public\/Tendering\/OpportunityDetail\/Index?noticeUID=CO1.NTC.3403953&isFromPublicArea=True&isModal=False", "id_element": 91030357, "tipo_eleme": 1, "funcion_el": 1, "area_eleme": 1446.01501405, "SHAPE_Leng": 0.0025570788375899999, "Shape_Area": 5.4425316355e-08 }, "geometry": { "type": "Polygon", "coordinates": [ [ [ -74.169354377302625, 4.573550186691818 ], [ -74.169369278169597, 4.573500482061661 ], [ -74.169370591179813, 4.573500890353841 ], [ -74.169388556936326, 4.573506485036319 ], [ -74.169392038211981, 4.573508293572957 ], [ -74.169509237861007, 4.573569325164272 ], [ -74.16966261273933, 4.573653430661352 ], [ -74.169677400291732, 4.573662584860472 ], [ -74.169762899737975, 4.573711241780416 ], [ -74.16980688018333, 4.573733795878013 ], [ -74.169845334294678, 4.573754615183418 ], [ -74.169886249850492, 4.573778448116911 ], [ -74.169904822649414, 4.573789597911684 ], [ -74.169914974196672, 4.573797422912776 ], [ -74.169937954572902, 4.573826651778631 ], [ -74.169964349674956, 4.573850419960934 ], [ -74.169998616542898, 4.573881425887123 ], [ -74.170035844878328, 4.5739088039482 ], [ -74.170038165129199, 4.573910684430587 ], [ -74.1700397902041, 4.573911381405196 ], [ -74.170083744569126, 4.573936403242442 ], [ -74.170104547686662, 4.573950215929756 ], [ -74.170138403564408, 4.573959324263456 ], [ -74.170141331757009, 4.573960325208873 ], [ -74.170147411174071, 4.573962326200444 ], [ -74.170190983327188, 4.573976707259305 ], [ -74.170396494602528, 4.574044535926646 ], [ -74.170445513949289, 4.574060714730251 ], [ -74.170436088154929, 4.574108998431598 ], [ -74.17038129516061, 4.57409091396454 ], [ -74.170140386569528, 4.574011402204519 ], [ -74.170125902088671, 4.574006445141379 ], [ -74.170074662315756, 4.5739847031316 ], [ -74.170026168173081, 4.573957380828517 ], [ -74.169981024904359, 4.573924819075216 ], [ -74.169939795485107, 4.573887424365182 ], [ -74.169902995227005, 4.573845664345981 ], [ -74.16986568595263, 4.573817047019133 ], [ -74.169828053821561, 4.573791464004898 ], [ -74.16978904123124, 4.573768040262905 ], [ -74.169604819606718, 4.573668343219538 ], [ -74.169471118297452, 4.573595984667008 ], [ -74.169354377302625, 4.573550186691818 ] ] ] } },
{ "type": "Feature", "properties": { "OBJECTID_1": 518, "id_interve": "2C", "nomenclatu": "POLIGONO CARACOLI-SANTA VIVIANA-FASE 1", "tipo_inter": 1, "loccodigo": "19", "barrio_leg": "CARACOLI", "numero_con": 720, "año_contr": 2022, "numero_c_1": 0, "año_con_1": 0, "tipo_contr": 1, "estado_con": 1, "entidad_co": 1, "enlace_con": "https:\/\/community.secop.gov.co\/Public\/Tendering\/OpportunityDetail\/Index?noticeUID=CO1.NTC.3403953&isFromPublicArea=True&isModal=False", "id_element": 50, "tipo_eleme": 5, "funcion_el": 4, "area_eleme": 3781.035852, "SHAPE_Leng": 0.00306345455387, "Shape_Area": 3.0788347992400002e-07 }, "geometry": { "type": "Polygon", "coordinates": [ [ [ -74.169845334294678, 4.573754615183418 ], [ -74.16980688018333, 4.573733795878013 ], [ -74.169762899737975, 4.573711241780416 ], [ -74.169677400291732, 4.573662584860472 ], [ -74.16966261273933, 4.573653430661352 ], [ -74.169509237861007, 4.573569325164272 ], [ -74.169392038211981, 4.573508293572957 ], [ -74.169472821613397, 4.573516645576774 ], [ -74.169653286769744, 4.573544705323968 ], [ -74.169722025550982, 4.573558240120747 ], [ -74.169734902943389, 4.573527512085036 ], [ -74.169687350390859, 4.573508252204135 ], [ -74.16969226068926, 4.573475994421642 ], [ -74.169704887170781, 4.573473314441969 ], [ -74.169797778144925, 4.573486809668566 ], [ -74.169809123092534, 4.573496686922624 ], [ -74.169897592100142, 4.573510190243155 ], [ -74.1699585670342, 4.573520448809688 ], [ -74.169974386109004, 4.573522977703306 ], [ -74.169976765715148, 4.573503080203011 ], [ -74.170207783562319, 4.573546003045635 ], [ -74.17021621200854, 4.573533622978346 ], [ -74.170216758796357, 4.573532818984461 ], [ -74.170219704975352, 4.573522275332778 ], [ -74.1702214442642, 4.573514300144893 ], [ -74.17025481990396, 4.573520546835823 ], [ -74.170266460728556, 4.573522725893156 ], [ -74.170274402641553, 4.573524211573158 ], [ -74.170360329265748, 4.573541734863227 ], [ -74.170344056932663, 4.573616249090662 ], [ -74.170353635611775, 4.573617954205247 ], [ -74.170399027093367, 4.573625565167731 ], [ -74.170464207257339, 4.57363737866217 ], [ -74.170466379120057, 4.573634958586524 ], [ -74.170474848035781, 4.573636253610289 ], [ -74.170508330694872, 4.573641376148657 ], [ -74.170522478829298, 4.573643539917498 ], [ -74.170519591106199, 4.573659075705848 ], [ -74.170513991027804, 4.573689196699092 ], [ -74.170503861963596, 4.573743683923908 ], [ -74.170498115295743, 4.573742608334783 ], [ -74.170448749709976, 4.574047322026331 ], [ -74.170446155165905, 4.574060926970276 ], [ -74.170445513949289, 4.574060714730251 ], [ -74.170236370312182, 4.573990197089984 ], [ -74.170216888298739, 4.573983899137659 ], [ -74.170190983327188, 4.573976707259305 ], [ -74.170166953442106, 4.573965963058811 ], [ -74.17014019771193, 4.573959806300081 ], [ -74.170138403564408, 4.573959324263456 ], [ -74.170104547686662, 4.573950215929756 ], [ -74.170083744569126, 4.573936403242442 ], [ -74.170082050246378, 4.573935277291241 ], [ -74.170069766406527, 4.573926316446375 ], [ -74.170054579555142, 4.573917721625605 ], [ -74.1700397902041, 4.573911381405196 ], [ -74.170038165129199, 4.573910684430587 ], [ -74.170035844878328, 4.5739088039482 ], [ -74.170028213231433, 4.573902619310502 ], [ -74.17000840206606, 4.57388614373059 ], [ -74.169973975118808, 4.573859086727509 ], [ -74.169964349674956, 4.573850419960934 ], [ -74.169937954572902, 4.573826651778631 ], [ -74.169914974196672, 4.573797422912776 ], [ -74.169912397638996, 4.573794145783268 ], [ -74.169904822649414, 4.573789597911684 ], [ -74.169886249850492, 4.573778448116911 ], [ -74.169845334294678, 4.573754615183418 ] ] ] } },
{ "type": "Feature", "properties": { "OBJECTID_1": 519, "id_interve": "4001200", "nomenclatu": "KR 22 E ENTRE CL 12B S Y CL 13A S", "tipo_inter": 1, "loccodigo": "04", "barrio_leg": "SAN CRISTOBAL ALTO", "numero_con": 416, "año_contr": 2021, "numero_c_1": 421, "año_con_1": 2021, "tipo_contr": 1, "estado_con": 1, "entidad_co": 1, "enlace_con": "https:\/\/community.secop.gov.co\/Public\/Tendering\/OpportunityDetail\/Index?noticeUID=CO1.NTC.1892050&isFromPublicArea=True&isModal=False", "id_element": 203252, "tipo_eleme": 1, "funcion_el": 1, "area_eleme": 587.181492, "SHAPE_Leng": 0.0021495911588899999, "Shape_Area": 4.7812783136800003e-08 }, "geometry": { "type": "Polygon", "coordinates": [ [ [ -74.071050224588134, 4.566994924875928 ], [ -74.071108381046884, 4.567030505653349 ], [ -74.071095456889793, 4.567050838425473 ], [ -74.071083163157425, 4.567049597361063 ], [ -74.071070817264342, 4.567050124363789 ], [ -74.071058673718767, 4.567052408641814 ], [ -74.071048191220996, 4.567055901608626 ], [ -74.071038240222549, 4.567060702189679 ], [ -74.070953124786854, 4.567148243996314 ], [ -74.07086562434904, 4.567233400800831 ], [ -74.070775804559673, 4.56731610785215 ], [ -74.070687953386312, 4.567388014045662 ], [ -74.070597038222672, 4.567456003691689 ], [ -74.070504057316327, 4.567519150488465 ], [ -74.070412552197467, 4.567584417886621 ], [ -74.070409202222891, 4.567586891921565 ], [ -74.070406104058407, 4.567589674423971 ], [ -74.07035042343324, 4.567640292765361 ], [ -74.070262574957837, 4.567600684823788 ], [ -74.070349006101708, 4.567564005074814 ], [ -74.070351105119357, 4.567563118343287 ], [ -74.070380067785834, 4.567548651848824 ], [ -74.070407027662156, 4.567530726561813 ], [ -74.070431571060112, 4.567509614077494 ], [ -74.070542962887373, 4.567434859731065 ], [ -74.070650925599693, 4.567355232857778 ], [ -74.070755246057729, 4.567270889040344 ], [ -74.070855717417373, 4.567181996452007 ], [ -74.070952141827831, 4.567088729561249 ], [ -74.071002737686172, 4.567043453192866 ], [ -74.071050224588134, 4.566994924875928 ] ] ] } },
{ "type": "Feature", "properties": { "OBJECTID_1": 520, "id_interve": "4001200", "nomenclatu": "KR 22 E ENTRE CL 12B S Y CL 13A S", "tipo_inter": 1, "loccodigo": "04", "barrio_leg": "SAN CRISTOBAL ALTO", "numero_con": 416, "año_contr": 2021, "numero_c_1": 421, "año_con_1": 2021, "tipo_contr": 1, "estado_con": 1, "entidad_co": 1, "enlace_con": "https:\/\/community.secop.gov.co\/Public\/Tendering\/OpportunityDetail\/Index?noticeUID=CO1.NTC.1892050&isFromPublicArea=True&isModal=False", "id_element": 203251, "tipo_eleme": 2, "funcion_el": 4, "area_eleme": 201.702454, "SHAPE_Leng": 0.00191081396214, "Shape_Area": 1.64239532399e-08 }, "geometry": { "type": "Polygon", "coordinates": [ [ [ -74.07030207408144, 4.567563010424635 ], [ -74.070327328843121, 4.567549776001385 ], [ -74.070328971904473, 4.567549758014991 ], [ -74.070330615865203, 4.567549688767144 ], [ -74.070332255329276, 4.567549567358697 ], [ -74.070333886699473, 4.567549392890214 ], [ -74.070335517170349, 4.567549166261074 ], [ -74.070337136849332, 4.567548889269858 ], [ -74.070338750233077, 4.567548559218665 ], [ -74.070339314108026, 4.567548425219684 ], [ -74.070341938329761, 4.567547365818314 ], [ -74.070345654328435, 4.56754579380339 ], [ -74.070349344246779, 4.567544162433194 ], [ -74.070353006286155, 4.567542469009766 ], [ -74.070356638647922, 4.567540715331802 ], [ -74.070360244029985, 4.567538901399246 ], [ -74.070363817935799, 4.567537028111417 ], [ -74.070367360365367, 4.567535096367635 ], [ -74.07037087131863, 4.567533105268637 ], [ -74.07037434809763, 4.567531056613007 ], [ -74.070377790702423, 4.567528951300119 ], [ -74.07038119823369, 4.567526788430598 ], [ -74.070384570691317, 4.567524568004444 ], [ -74.070387906276835, 4.567522293618993 ], [ -74.070391202292114, 4.567519965274244 ], [ -74.070394459636589, 4.56751758207082 ], [ -74.070397679209464, 4.567515144008723 ], [ -74.070400855614935, 4.567512653785968 ], [ -74.070403993349601, 4.567510112301875 ], [ -74.070407087017429, 4.567507517757804 ], [ -74.070410138417117, 4.567504871952337 ], [ -74.070413144850704, 4.567502175784853 ], [ -74.070416108116831, 4.567499431053932 ], [ -74.070419133436246, 4.567496535236955 ], [ -74.070419344776894, 4.567496338285423 ], [ -74.070419775552182, 4.567495951576973 ], [ -74.070420166757231, 4.56749562062646 ], [ -74.070420218018626, 4.567495580156958 ], [ -74.070420673075546, 4.567495221327476 ], [ -74.07042113892436, 4.56749487778643 ], [ -74.070421613766428, 4.567494548634556 ], [ -74.070421751362687, 4.567494456903717 ], [ -74.070421853885421, 4.567494390353886 ], [ -74.070434081067958, 4.567486532077851 ], [ -74.070446232707411, 4.567478637828913 ], [ -74.070458348374018, 4.567470686023398 ], [ -74.070470422671804, 4.567462675761931 ], [ -74.070482460097423, 4.56745460704451 ], [ -74.070494457952861, 4.567446479871194 ], [ -74.0705064180367, 4.567438294241924 ], [ -74.070518336751775, 4.567430051056078 ], [ -74.070530215896724, 4.567421751212919 ], [ -74.070542056370755, 4.567413392913807 ], [ -74.070553854576701, 4.567404977957437 ], [ -74.070565614111786, 4.567396505444435 ], [ -74.070577331378729, 4.5673879753748 ], [ -74.070589008176171, 4.567379388647907 ], [ -74.070600643604791, 4.567370747062398 ], [ -74.070612236765271, 4.567362048819518 ], [ -74.07062378765761, 4.567353293919439 ], [ -74.070635298080504, 4.567344484160685 ], [ -74.070646765335937, 4.567335617744618 ], [ -74.070658190323172, 4.567326697369253 ], [ -74.070669570344364, 4.567317720336575 ], [ -74.070680908097415, 4.56730868844528 ], [ -74.070692201783629, 4.56729960259463 ], [ -74.070703452302439, 4.567290460986044 ], [ -74.070714657855149, 4.567281266317423 ], [ -74.070725820240398, 4.567272015890865 ], [ -74.07073693765949, 4.567262713303649 ], [ -74.070748010112538, 4.567253354958439 ], [ -74.070759036700167, 4.567243945351834 ], [ -74.070770020120278, 4.567234479987292 ], [ -74.070780954977067, 4.567224964260731 ], [ -74.070791845767019, 4.567215392776177 ], [ -74.070802690691607, 4.567205770929661 ], [ -74.0708134888514, 4.567196096023054 ], [ -74.070824240246452, 4.567186369855108 ], [ -74.070834943977445, 4.567176589727865 ], [ -74.070845601843018, 4.567166760137923 ], [ -74.070856212044532, 4.567156876588626 ], [ -74.07086677368261, 4.567146943576631 ], [ -74.070877287656685, 4.567136960202618 ], [ -74.070887753067325, 4.567126923768569 ], [ -74.070898171713225, 4.567116837871822 ], [ -74.070908540896426, 4.567106701613056 ], [ -74.07091886241551, 4.567096514992215 ], [ -74.070929132673314, 4.567086278908675 ], [ -74.070939385843928, 4.567075962785509 ], [ -74.070939452393759, 4.567075897134998 ], [ -74.070939605278511, 4.567075746048886 ], [ -74.070939691613432, 4.567075660613284 ], [ -74.070939911048015, 4.567075458265833 ], [ -74.070940339125286, 4.567075074255342 ], [ -74.070940546868712, 4.567074891692926 ], [ -74.07094682323725, 4.56706959828341 ], [ -74.070952998881751, 4.567064298578543 ], [ -74.07095913225811, 4.567058951209674 ], [ -74.070965224265649, 4.567053555277425 ], [ -74.070971271307087, 4.567048108083782 ], [ -74.070977274281745, 4.567042613226079 ], [ -74.070983231390983, 4.567037068006357 ], [ -74.07098914533276, 4.567031476921159 ], [ -74.070995013409117, 4.567025837272638 ], [ -74.071000834720735, 4.567020149060681 ], [ -74.071006612864835, 4.567014414983305 ], [ -74.071012343344933, 4.567008634141189 ], [ -74.071018026160914, 4.567002807433653 ], [ -74.071023663111532, 4.566996933961377 ], [ -74.071029252398034, 4.566991014623682 ], [ -74.071034537713729, 4.566985327311045 ], [ -74.071050224588134, 4.566994924875928 ], [ -74.071002737686172, 4.567043453192866 ], [ -74.070952141827831, 4.567088729561249 ], [ -74.070855717417373, 4.567181996452007 ], [ -74.070755246057729, 4.567270889040344 ], [ -74.070650925599693, 4.567355232857778 ], [ -74.070542962887373, 4.567434859731065 ], [ -74.070431571060112, 4.567509614077494 ], [ -74.070407027662156, 4.567530726561813 ], [ -74.070380067785834, 4.567548651848824 ], [ -74.070351105119357, 4.567563118343287 ], [ -74.070349006101708, 4.567564005074814 ], [ -74.07034478018744, 4.567565704793481 ], [ -74.070334076456447, 4.567567556497579 ], [ -74.070323214444727, 4.567567720174168 ], [ -74.070312460351715, 4.567566192226025 ], [ -74.07030207408144, 4.567563010424635 ] ] ] } },
{ "type": "Feature", "properties": { "OBJECTID_1": 521, "id_interve": "4001200", "nomenclatu": "KR 22 E ENTRE CL 12B S Y CL 13A S", "tipo_inter": 1, "loccodigo": "04", "barrio_leg": "SAN CRISTOBAL ALTO", "numero_con": 416, "año_contr": 2021, "numero_c_1": 421, "año_con_1": 2021, "tipo_contr": 1, "estado_con": 1, "entidad_co": 1, "enlace_con": "https:\/\/community.secop.gov.co\/Public\/Tendering\/OpportunityDetail\/Index?noticeUID=CO1.NTC.1892050&isFromPublicArea=True&isModal=False", "id_element": 203253, "tipo_eleme": 2, "funcion_el": 4, "area_eleme": 96.006654, "SHAPE_Leng": 0.0017393023312499999, "Shape_Area": 7.81767423155e-09 }, "geometry": { "type": "Polygon", "coordinates": [ [ [ -74.070406104058407, 4.567589674423971 ], [ -74.070409202222891, 4.567586891921565 ], [ -74.070412552197467, 4.567584417886621 ], [ -74.070504057316327, 4.567519150488465 ], [ -74.070597038222672, 4.567456003691689 ], [ -74.070687953386312, 4.567388014045662 ], [ -74.070775804559673, 4.56731610785215 ], [ -74.07086562434904, 4.567233400800831 ], [ -74.070953124786854, 4.567148243996314 ], [ -74.071038240222549, 4.567060702189679 ], [ -74.071048191220996, 4.567055901608626 ], [ -74.071058673718767, 4.567052408641814 ], [ -74.071043785442328, 4.567067966013894 ], [ -74.071032737270968, 4.567079602341835 ], [ -74.07102065128197, 4.567092229722675 ], [ -74.071008514031632, 4.567104812137416 ], [ -74.070996328217916, 4.567117345089457 ], [ -74.070984092941501, 4.5671298285788 ], [ -74.07097181000097, 4.567142265303346 ], [ -74.070959476698476, 4.567154652565193 ], [ -74.070947095731867, 4.567166991263662 ], [ -74.070934666201822, 4.567179281398751 ], [ -74.070922188108455, 4.567191521171821 ], [ -74.070909662350971, 4.567203710582817 ], [ -74.070897085332206, 4.567215855027712 ], [ -74.070884466944563, 4.56722794281535 ], [ -74.070871797295581, 4.567239982938929 ], [ -74.07085908088186, 4.567251975398392 ], [ -74.070846318602662, 4.567263914797877 ], [ -74.070833507760142, 4.567275803835344 ], [ -74.070820651951465, 4.567287641611415 ], [ -74.070807747579465, 4.567299429924788 ], [ -74.070794799140629, 4.567311166976822 ], [ -74.070781815628266, 4.567322840176985 ], [ -74.070781632166529, 4.567323001155614 ], [ -74.070771442847786, 4.567331676016067 ], [ -74.070761189677114, 4.567340312205715 ], [ -74.070750894238358, 4.567348896234648 ], [ -74.070740552934126, 4.567357426304227 ], [ -74.070730187348204, 4.567365888025336 ], [ -74.070730136086866, 4.567365931192796 ], [ -74.070719759709107, 4.567374311075639 ], [ -74.070719726434163, 4.567374339853927 ], [ -74.070709271815417, 4.567382694555761 ], [ -74.070698758740662, 4.567391009687412 ], [ -74.070688204297142, 4.56739927085971 ], [ -74.070677605786841, 4.56740747717339 ], [ -74.070666965907719, 4.567415626829757 ], [ -74.070656283760457, 4.567423723426145 ], [ -74.070645561143692, 4.567431763365221 ], [ -74.070634798057426, 4.567439748445679 ], [ -74.070623992703077, 4.567447677768143 ], [ -74.070613146879168, 4.567455551332671 ], [ -74.070602280370906, 4.567463354750089 ], [ -74.070602015070904, 4.567463538211769 ], [ -74.070586434316454, 4.567473903797691 ], [ -74.070570905722661, 4.567484318846311 ], [ -74.070555416699108, 4.567494794149468 ], [ -74.070539969044319, 4.567505328807954 ], [ -74.070524561859031, 4.567515922821656 ], [ -74.070509195143188, 4.567526576190573 ], [ -74.070493867997584, 4.567537288015501 ], [ -74.070478582220744, 4.567548058296325 ], [ -74.070463337812726, 4.567558887932364 ], [ -74.070448134773585, 4.567569775125094 ], [ -74.070432974002529, 4.567580720773719 ], [ -74.070417841110441, 4.567591734770815 ], [ -74.070417689125009, 4.567591843588787 ], [ -74.070416403094498, 4.567592740212831 ], [ -74.070415296928388, 4.567593578380979 ], [ -74.070414224936485, 4.567594459716588 ], [ -74.070394837351841, 4.567608570079472 ], [ -74.070397503841718, 4.567601663286155 ], [ -74.070401296282739, 4.567595304179974 ], [ -74.070406104058407, 4.567589674423971 ] ] ] } },
{ "type": "Feature", "properties": { "OBJECTID_1": 522, "id_interve": "4007675", "nomenclatu": "KR 23D E ENTRE CL 12 S Y CL 12A BIS  S", "tipo_inter": 1, "loccodigo": "04", "barrio_leg": "LOS LAURELES SUR ORIENTAL I SEC.", "numero_con": 416, "año_contr": 2021, "numero_c_1": 421, "año_con_1": 2021, "tipo_contr": 1, "estado_con": 1, "entidad_co": 1, "enlace_con": "https:\/\/community.secop.gov.co\/Public\/Tendering\/OpportunityDetail\/Index?noticeUID=CO1.NTC.1892050&isFromPublicArea=True&isModal=False", "id_element": 91022066, "tipo_eleme": 1, "funcion_el": 1, "area_eleme": 162.92616295, "SHAPE_Leng": 0.0010642269878, "Shape_Area": 1.32665580117e-08 }, "geometry": { "type": "Polygon", "coordinates": [ [ [ -74.068042208181339, 4.564725393062474 ], [ -74.068005569801187, 4.564584663551443 ], [ -74.067982058824896, 4.564554124373387 ], [ -74.067954157358429, 4.564527563796105 ], [ -74.067922526403436, 4.564505614042901 ], [ -74.067887914195865, 4.56448879312336 ], [ -74.067851140018035, 4.564477499437089 ], [ -74.067838876862652, 4.564473978591309 ], [ -74.067817274247773, 4.564464954793891 ], [ -74.067812728174829, 4.564462193875215 ], [ -74.06779725713767, 4.564452795060504 ], [ -74.067817765277596, 4.564447781340107 ], [ -74.067836802126692, 4.564443126449191 ], [ -74.067945932158977, 4.56449005757014 ], [ -74.067971260665104, 4.564506456707647 ], [ -74.067993913688156, 4.564526411764518 ], [ -74.068013399298877, 4.564549490166883 ], [ -74.068029294816085, 4.564575190992343 ], [ -74.068041254899981, 4.56460295576187 ], [ -74.068087537609756, 4.564803048621854 ], [ -74.068090461305701, 4.564816605002363 ], [ -74.068066989000329, 4.564831613787987 ], [ -74.068042208181339, 4.564725393062474 ] ] ] } },
{ "type": "Feature", "properties": { "OBJECTID_1": 523, "id_interve": "4007675", "nomenclatu": "KR 23D E ENTRE CL 12 S Y CL 12A BIS  S", "tipo_inter": 1, "loccodigo": "04", "barrio_leg": "LOS LAURELES SUR ORIENTAL I SEC.", "numero_con": 416, "año_contr": 2021, "numero_c_1": 421, "año_con_1": 2021, "tipo_contr": 1, "estado_con": 1, "entidad_co": 1, "enlace_con": "https:\/\/community.secop.gov.co\/Public\/Tendering\/OpportunityDetail\/Index?noticeUID=CO1.NTC.1892050&isFromPublicArea=True&isModal=False", "id_element": 34, "tipo_eleme": 2, "funcion_el": 4, "area_eleme": 94.863896025200006, "SHAPE_Leng": 0.00103894756736, "Shape_Area": 7.7244794233799995e-09 }, "geometry": { "type": "Polygon", "coordinates": [ [ [ -74.06783381188086, 4.564488508937586 ], [ -74.067810327884274, 4.564478699132735 ], [ -74.067785610017836, 4.564463683152496 ], [ -74.06779725713767, 4.564452795060504 ], [ -74.067812728174829, 4.564462193875215 ], [ -74.067817274247773, 4.564464954793891 ], [ -74.067838876862652, 4.564473978591309 ], [ -74.067851140018035, 4.564477499437089 ], [ -74.067887914195865, 4.56448879312336 ], [ -74.067922526403436, 4.564505614042901 ], [ -74.067954157358429, 4.564527563796105 ], [ -74.067982058824896, 4.564554124373387 ], [ -74.068005569801187, 4.564584663551443 ], [ -74.068042208181339, 4.564725393062474 ], [ -74.068066989000329, 4.564831613787987 ], [ -74.068052598048894, 4.564837340670806 ], [ -74.068027342387893, 4.564729088376794 ], [ -74.067991543075209, 4.564591580237277 ], [ -74.067970662615949, 4.564564456684366 ], [ -74.067944476156583, 4.564539529275919 ], [ -74.067914787737209, 4.564518927606457 ], [ -74.067882303325575, 4.564503140007957 ], [ -74.067846792695264, 4.564492234828833 ], [ -74.06783381188086, 4.564488508937586 ] ] ] } },
{ "type": "Feature", "properties": { "OBJECTID_1": 524, "id_interve": "19003933", "nomenclatu": "CL 76BISA S ENTRE KR 68", "tipo_inter": 1, "loccodigo": "19", "barrio_leg": "CARACOLI", "numero_con": 720, "año_contr": 2022, "numero_c_1": 761, "año_con_1": 2022, "tipo_contr": 1, "estado_con": 1, "entidad_co": 1, "enlace_con": "https:\/\/community.secop.gov.co\/Public\/Tendering\/OpportunityDetail\/Index?noticeUID=CO1.NTC.3403953&isFromPublicArea=True&isModal=False", "id_element": 448405, "tipo_eleme": 1, "funcion_el": 1, "area_eleme": 330.794364, "SHAPE_Leng": 0.00123251028108, "Shape_Area": 2.6936151373199999e-08 }, "geometry": { "type": "Polygon", "coordinates": [ [ [ -74.167978849844019, 4.572988768716755 ], [ -74.167988336792291, 4.572945240630418 ], [ -74.168137063074937, 4.573060516629596 ], [ -74.168233354385734, 4.573140397111672 ], [ -74.168255167441998, 4.573150739315224 ], [ -74.16827820987146, 4.573157932092954 ], [ -74.168302032912436, 4.573161835150643 ], [ -74.168326168018211, 4.573162370247246 ], [ -74.168350140346661, 4.573159526590928 ], [ -74.168454111867732, 4.573191797863217 ], [ -74.168463573634995, 4.573195129851399 ], [ -74.168485065633206, 4.573202696747103 ], [ -74.168470653997417, 4.573243917173102 ], [ -74.168410497446473, 4.573228714133904 ], [ -74.168353956170108, 4.573216449179824 ], [ -74.168310718564783, 4.573211353621105 ], [ -74.168268408160486, 4.57320110134981 ], [ -74.16822763469753, 4.573185838955339 ], [ -74.168163967193266, 4.573145150928042 ], [ -74.168103219787724, 4.573100218999969 ], [ -74.167978849844019, 4.572988768716755 ] ] ] } },
{ "type": "Feature", "properties": { "OBJECTID_1": 525, "id_interve": "19003869", "nomenclatu": "CL 76BIS A S ENTRE KR 68 Y KR 69", "tipo_inter": 1, "loccodigo": "19", "barrio_leg": "CARACOLI", "numero_con": 720, "año_contr": 2022, "numero_c_1": 761, "año_con_1": 2022, "tipo_contr": 1, "estado_con": 1, "entidad_co": 1, "enlace_con": "https:\/\/community.secop.gov.co\/Public\/Tendering\/OpportunityDetail\/Index?noticeUID=CO1.NTC.3403953&isFromPublicArea=True&isModal=False", "id_element": 448263, "tipo_eleme": 2, "funcion_el": 4, "area_eleme": 82.57901, "SHAPE_Leng": 0.00057373415315199999, "Shape_Area": 6.7242832868199999e-09 }, "geometry": { "type": "Polygon", "coordinates": [ [ [ -74.168744856389992, 4.573294166792436 ], [ -74.168518688586573, 4.573214535422494 ], [ -74.168517832431974, 4.573214233250326 ], [ -74.168516946599766, 4.573213851038417 ], [ -74.168516091344486, 4.573213406773334 ], [ -74.16851526756551, 4.573212905850994 ], [ -74.1685144806587, 4.573212348271284 ], [ -74.168513735120769, 4.573211736732333 ], [ -74.16851303364956, 4.573211075730626 ], [ -74.168512379842412, 4.57321036796418 ], [ -74.168511777296658, 4.573209615231633 ], [ -74.168511227810882, 4.573208822928905 ], [ -74.168510734982419, 4.573207993753954 ], [ -74.168510300609853, 4.573207134002075 ], [ -74.168509928290518, 4.573206244572589 ], [ -74.168509618024416, 4.573205331760676 ], [ -74.168509371610185, 4.573204400063048 ], [ -74.168509190846464, 4.573203453076928 ], [ -74.168509076632517, 4.573202496198292 ], [ -74.168509028968458, 4.57320153302436 ], [ -74.168509048753549, 4.573200568951165 ], [ -74.16850913508847, 4.573199609374512 ], [ -74.168509287973222, 4.573198656992474 ], [ -74.168509507407805, 4.573197718100232 ], [ -74.168509710654575, 4.573197030118877 ], [ -74.168513218909879, 4.573185218423134 ], [ -74.168525288711066, 4.573189506390634 ], [ -74.168756263390776, 4.573271563232083 ], [ -74.168765080344144, 4.573274695570774 ], [ -74.168764749393631, 4.573275879977928 ], [ -74.168761796020021, 4.573286422730291 ], [ -74.168761365244791, 4.573287287878088 ], [ -74.16876087601355, 4.573288122448957 ], [ -74.16876033102443, 4.573288921046924 ], [ -74.168759733874595, 4.573289681873348 ], [ -74.168759086362684, 4.573290398633048 ], [ -74.16875839118677, 4.573291071325912 ], [ -74.16875765194402, 4.573291694556133 ], [ -74.168756873131144, 4.573292265625582 ], [ -74.168756055647407, 4.573292783635111 ], [ -74.168755205788102, 4.573293244987326 ], [ -74.168754327150452, 4.573293646984268 ], [ -74.168753422432474, 4.573293987827299 ], [ -74.168752496130764, 4.573294266617154 ], [ -74.168751553641243, 4.573294483353777 ], [ -74.168750598561246, 4.57329463443989 ], [ -74.168749636286634, 4.573294718976172 ], [ -74.168748668616104, 4.573294739660582 ], [ -74.168747703643589, 4.573294693795106 ], [ -74.168746743167617, 4.573294583178495 ], [ -74.168745792584218, 4.573294406911373 ], [ -74.168744856389992, 4.573294166792436 ] ] ] } },
{ "type": "Feature", "properties": { "OBJECTID_1": 526, "id_interve": "11003207", "nomenclatu": null, "tipo_inter": 1, "loccodigo": "11", "barrio_leg": "SAN PEDRO DE TIBABUYES", "numero_con": 628, "año_contr": 2023, "numero_c_1": 0, "año_con_1": 0, "tipo_contr": 1, "estado_con": 0, "entidad_co": 1, "enlace_con": null, "id_element": 0, "tipo_eleme": 0, "funcion_el": 0, "area_eleme": 0.0, "SHAPE_Leng": 0.0, "Shape_Area": 1.7438084676799998e-08 }, "geometry": { "type": "Polygon", "coordinates": [ [ [ -74.116238874024759, 4.745622353488898 ], [ -74.116031093759943, 4.745563316593859 ], [ -74.116028943480899, 4.74556289211381 ], [ -74.116026755430369, 4.745562819268741 ], [ -74.11602458446697, 4.745563103454515 ], [ -74.115994763847254, 4.745554592270651 ], [ -74.116012374371564, 4.745495415081393 ], [ -74.116286931096965, 4.74557195278345 ], [ -74.116270209102822, 4.745631256777131 ], [ -74.116238874024759, 4.745622353488898 ] ] ] } },
{ "type": "Feature", "properties": { "OBJECTID_1": 527, "id_interve": "11003236", "nomenclatu": null, "tipo_inter": 1, "loccodigo": "11", "barrio_leg": "SAN PEDRO DE TIBABUYES", "numero_con": 628, "año_contr": 2023, "numero_c_1": 0, "año_con_1": 0, "tipo_contr": 1, "estado_con": 0, "entidad_co": 1, "enlace_con": null, "id_element": 0, "tipo_eleme": 0, "funcion_el": 0, "area_eleme": 0.0, "SHAPE_Leng": 0.0, "Shape_Area": 1.7474840571200001e-08 }, "geometry": { "type": "Polygon", "coordinates": [ [ [ -74.115961853156932, 4.745545197053275 ], [ -74.115753863350051, 4.745485825610388 ], [ -74.115753690680265, 4.745485777946328 ], [ -74.115718707951999, 4.745476044583825 ], [ -74.115735676360316, 4.74541828202814 ], [ -74.116012374371564, 4.745495415081393 ], [ -74.115994763847254, 4.745554592270651 ], [ -74.115961853156932, 4.745545197053275 ] ] ] } },
{ "type": "Feature", "properties": { "OBJECTID_1": 528, "id_interve": "11003263", "nomenclatu": null, "tipo_inter": 1, "loccodigo": "11", "barrio_leg": "SAN PEDRO DE TIBABUYES", "numero_con": 628, "año_contr": 2023, "numero_c_1": 0, "año_con_1": 0, "tipo_contr": 1, "estado_con": 0, "entidad_co": 1, "enlace_con": null, "id_element": 0, "tipo_eleme": 0, "funcion_el": 0, "area_eleme": 0.0, "SHAPE_Leng": 0.0, "Shape_Area": 1.2522303515299999e-08 }, "geometry": { "type": "Polygon", "coordinates": [ [ [ -74.115682211664705, 4.745465892137247 ], [ -74.115528655123285, 4.7454231950245 ], [ -74.115526087558862, 4.745422480962759 ], [ -74.115523823965248, 4.74542206727466 ], [ -74.115521520801508, 4.74542204479161 ], [ -74.115519248214696, 4.745422415312248 ], [ -74.115517071855322, 4.745423166246155 ], [ -74.115515055575315, 4.745424276009601 ], [ -74.115513253333916, 4.745425714924863 ], [ -74.115511721788494, 4.745427440723859 ], [ -74.115510505005773, 4.745429399447289 ], [ -74.115529021147381, 4.745391939086744 ], [ -74.115548621871369, 4.745352279883832 ], [ -74.115549681272739, 4.745356136176781 ], [ -74.115551367501553, 4.745359763142631 ], [ -74.115553632893807, 4.745363054661311 ], [ -74.115556413597574, 4.745365922599319 ], [ -74.115559631371866, 4.745368286017651 ], [ -74.115562069433906, 4.745369589135294 ], [ -74.115564641494984, 4.745370601771924 ], [ -74.115735676360316, 4.74541828202814 ], [ -74.115718707951999, 4.745476044583825 ], [ -74.115682211664705, 4.745465892137247 ] ] ] } },
{ "type": "Feature", "properties": { "OBJECTID_1": 529, "id_interve": "11003155", "nomenclatu": "KR 144", "tipo_inter": 1, "loccodigo": "11", "barrio_leg": "SAN PEDRO DE TIBABUYES", "numero_con": 628, "año_contr": 2023, "numero_c_1": 591, "año_con_1": 2023, "tipo_contr": 1, "estado_con": 0, "entidad_co": 1, "enlace_con": null, "id_element": 0, "tipo_eleme": 0, "funcion_el": 0, "area_eleme": 0.0, "SHAPE_Leng": 0.0, "Shape_Area": 1.6383751192100001e-08 }, "geometry": { "type": "Polygon", "coordinates": [ [ [ -74.116857982609758, 4.74613507047718 ], [ -74.116846360670991, 4.746134110900528 ], [ -74.116848501057461, 4.746133922942249 ], [ -74.116850584786619, 4.746133395040204 ], [ -74.116852559697861, 4.746132543382203 ], [ -74.116854374529737, 4.746131390451353 ], [ -74.116855983416883, 4.746129959629968 ], [ -74.116857347688381, 4.746128294984886 ], [ -74.116858428673481, 4.746126431589573 ], [ -74.116859203889135, 4.746124420705485 ], [ -74.116859652650817, 4.746122312694638 ], [ -74.116859765965387, 4.746120497862762 ], [ -74.116859743482337, 4.746117571468801 ], [ -74.116852877158522, 4.745692804579335 ], [ -74.11685265412666, 4.745690594045755 ], [ -74.116852075862596, 4.745688450061948 ], [ -74.116851154956805, 4.745686430184662 ], [ -74.116849918388994, 4.745684587473762 ], [ -74.116848397635408, 4.745682973190696 ], [ -74.11684663586351, 4.745681627804913 ], [ -74.116844678938719, 4.745680589987273 ], [ -74.11684257722311, 4.745679888516065 ], [ -74.116840391870539, 4.745679537780518 ], [ -74.11687062797705, 4.745678967610332 ], [ -74.116901019666273, 4.745678396540824 ], [ -74.116898691321524, 4.745678643854375 ], [ -74.116896440318442, 4.74567929046691 ], [ -74.116894334106178, 4.745680317492712 ], [ -74.116892436536659, 4.745681694354744 ], [ -74.116890803367824, 4.745683377885654 ], [ -74.116889486760385, 4.745685319521954 ], [ -74.116888521787814, 4.745687462606384 ], [ -74.116887939926471, 4.745689737891155 ], [ -74.116887760062014, 4.745692079725757 ], [ -74.11688776186071, 4.745692208328819 ], [ -74.116895877342813, 4.746126024196712 ], [ -74.116896120159765, 4.746128344447583 ], [ -74.116896756879783, 4.746130587356788 ], [ -74.116897767717774, 4.746132689971717 ], [ -74.116899122096754, 4.746134586641915 ], [ -74.116900780446599, 4.74613622160939 ], [ -74.11690269420393, 4.746137548109402 ], [ -74.116904805812112, 4.74613852477313 ], [ -74.116907053217915, 4.746139124620925 ], [ -74.116884714957564, 4.746137280111442 ], [ -74.116857982609758, 4.74613507047718 ] ] ] } },
{ "type": "Feature", "properties": { "OBJECTID_1": 530, "id_interve": "11007613", "nomenclatu": "KR 118B", "tipo_inter": 1, "loccodigo": "11", "barrio_leg": "LA CAROLINA III", "numero_con": 628, "año_contr": 2023, "numero_c_1": 591, "año_con_1": 2023, "tipo_contr": 1, "estado_con": 0, "entidad_co": 1, "enlace_con": null, "id_element": 0, "tipo_eleme": 0, "funcion_el": 0, "area_eleme": 0.0, "SHAPE_Leng": 0.0, "Shape_Area": 3.1257016144800003e-08 }, "geometry": { "type": "Polygon", "coordinates": [ [ [ -74.104106773208969, 4.729117368471805 ], [ -74.104104641815752, 4.729104913760807 ], [ -74.103943494996258, 4.728162882011417 ], [ -74.103943293548127, 4.728159041906281 ], [ -74.103941225107405, 4.728145404586827 ], [ -74.103937080132084, 4.728132250203259 ], [ -74.103930959346258, 4.728119897115619 ], [ -74.103923008440063, 4.72810864120089 ], [ -74.103953268828263, 4.728117024681012 ], [ -74.103985264908033, 4.728125889298382 ], [ -74.10398311013239, 4.728125748104844 ], [ -74.103980959853402, 4.728125952250934 ], [ -74.103978792487226, 4.728126525119079 ], [ -74.10397674832825, 4.72812744872283 ], [ -74.103974884932938, 4.728128699679814 ], [ -74.103973252663422, 4.728130242017131 ], [ -74.103971897385122, 4.728132033466635 ], [ -74.103970857768843, 4.728134025464954 ], [ -74.103970237236638, 4.728135843894107 ], [ -74.103969882903755, 4.728137733369749 ], [ -74.103969793870874, 4.728139654321637 ], [ -74.103969979131193, 4.728141568078968 ], [ -74.104131817529321, 4.72908519522565 ], [ -74.104134151270046, 4.729099325373625 ], [ -74.104135779942226, 4.729109186439871 ], [ -74.104136952658223, 4.729111727024645 ], [ -74.104138519277228, 4.729114043678238 ], [ -74.104140436631781, 4.729116077944695 ], [ -74.104142656158615, 4.729117774066083 ], [ -74.104145119401721, 4.729119089774201 ], [ -74.104147761609852, 4.729119989096262 ], [ -74.10415051443465, 4.729120450448477 ], [ -74.104153304131614, 4.729120460340994 ], [ -74.104124420605501, 4.729135647192435 ], [ -74.10409853991564, 4.729149254834283 ], [ -74.104101449222469, 4.729147323989878 ], [ -74.104104000599136, 4.72914493539048 ], [ -74.104106122999156, 4.729142158284048 ], [ -74.104107757966631, 4.729139065515483 ], [ -74.104108860535462, 4.729135744319195 ], [ -74.104109399229344, 4.72913228642591 ], [ -74.104109362357121, 4.729128786264539 ], [ -74.104108748120211, 4.729125340062466 ], [ -74.104107572706255, 4.72912204404713 ], [ -74.104106773208969, 4.729117368471805 ] ] ] } },
{ "type": "Feature", "properties": { "OBJECTID_1": 531, "id_interve": "11002760", "nomenclatu": "CL 138A", "tipo_inter": 1, "loccodigo": "11", "barrio_leg": "SAN PEDRO DE TIBABUYES", "numero_con": 628, "año_contr": 2023, "numero_c_1": 591, "año_con_1": 2023, "tipo_contr": 1, "estado_con": 0, "entidad_co": 1, "enlace_con": null, "id_element": 0, "tipo_eleme": 0, "funcion_el": 0, "area_eleme": 0.0, "SHAPE_Leng": 0.0, "Shape_Area": 7.2546384367699997e-09 }, "geometry": { "type": "Polygon", "coordinates": [ [ [ -74.116955789278222, 4.746910500119554 ], [ -74.117159940778606, 4.746884486330033 ], [ -74.117220256509597, 4.74687679982452 ], [ -74.117220864451269, 4.746905647377787 ], [ -74.11719659444725, 4.746908413692382 ], [ -74.116976647254432, 4.746933484992383 ], [ -74.116974893576412, 4.746933802453042 ], [ -74.116973195656442, 4.746934348341541 ], [ -74.116971585869976, 4.746935115463259 ], [ -74.11697008939808, 4.746936085831749 ], [ -74.116953067929728, 4.746938147977176 ], [ -74.116955789278222, 4.746910500119554 ] ] ] } },
{ "type": "Feature", "properties": { "OBJECTID_1": 532, "id_interve": "11002722", "nomenclatu": "CL 138A", "tipo_inter": 1, "loccodigo": "11", "barrio_leg": "SAN PEDRO DE TIBABUYES", "numero_con": 628, "año_contr": 2023, "numero_c_1": 591, "año_con_1": 2023, "tipo_contr": 1, "estado_con": 0, "entidad_co": 1, "enlace_con": null, "id_element": 0, "tipo_eleme": 0, "funcion_el": 0, "area_eleme": 0.0, "SHAPE_Leng": 0.0, "Shape_Area": 6.8919768001999997e-09 }, "geometry": { "type": "Polygon", "coordinates": [ [ [ -74.116418815775717, 4.746988219530749 ], [ -74.116421042497052, 4.746956125424901 ], [ -74.116421388736057, 4.746960224534803 ], [ -74.11642237349372, 4.746964220222651 ], [ -74.116423972488292, 4.746968009965713 ], [ -74.116426145250387, 4.746971501133941 ], [ -74.116428837820592, 4.746974604694287 ], [ -74.116431983649079, 4.746977246902475 ], [ -74.116433114996198, 4.746977102111599 ], [ -74.116679562511763, 4.746945698685067 ], [ -74.11667648413237, 4.746977517598395 ], [ -74.116651012634065, 4.746979717340139 ], [ -74.116650643912067, 4.746979743420469 ], [ -74.11645869801049, 4.746996330516311 ], [ -74.116428447514807, 4.746998944845473 ], [ -74.116426108378164, 4.74699928568856 ], [ -74.116423148709316, 4.747000133749226 ], [ -74.116420351817737, 4.747001420679055 ], [ -74.116417780656036, 4.747003118599081 ], [ -74.116418815775717, 4.746988219530749 ] ] ] } },
{ "type": "Feature", "properties": { "OBJECTID_1": 533, "id_interve": "11002747", "nomenclatu": "KR 144B", "tipo_inter": 1, "loccodigo": "11", "barrio_leg": "BARRIO BERLIN", "numero_con": 628, "año_contr": 2023, "numero_c_1": 591, "año_con_1": 2023, "tipo_contr": 1, "estado_con": 0, "entidad_co": 1, "enlace_con": null, "id_element": 0, "tipo_eleme": 0, "funcion_el": 0, "area_eleme": 0.0, "SHAPE_Leng": 0.0, "Shape_Area": 5.7811787970400001e-09 }, "geometry": { "type": "Polygon", "coordinates": [ [ [ -74.116930285404294, 4.74715128820145 ], [ -74.116910194549803, 4.747149279116002 ], [ -74.116912052549139, 4.747148330331242 ], [ -74.116913742375289, 4.747147104555267 ], [ -74.116915225357332, 4.747145632365118 ], [ -74.116916463723783, 4.747143949733528 ], [ -74.116917429595674, 4.747142094432149 ], [ -74.116918100489897, 4.74714011232635 ], [ -74.116918459319379, 4.747138052878882 ], [ -74.11693791435323, 4.746957205510683 ], [ -74.116938052848809, 4.746955422155054 ], [ -74.11693795752069, 4.746953635202146 ], [ -74.116937474584745, 4.746951328441129 ], [ -74.116936599544374, 4.7469491385919 ], [ -74.116935359379283, 4.746947135801747 ], [ -74.116933793659598, 4.746945378526448 ], [ -74.116931948250794, 4.746943919826093 ], [ -74.116929878910753, 4.746942804666731 ], [ -74.116927646793442, 4.746942064524717 ], [ -74.116925320247276, 4.74694172458095 ], [ -74.116922972117436, 4.746941792929476 ], [ -74.116953067929728, 4.746938147977176 ], [ -74.11697008939808, 4.746936085831749 ], [ -74.11696840226989, 4.746937581404324 ], [ -74.116966987636317, 4.746939338679566 ], [ -74.116965881470207, 4.746941304597556 ], [ -74.116965117046448, 4.746943427896952 ], [ -74.116964713250866, 4.746945649222369 ], [ -74.116964429964412, 4.746948524354991 ], [ -74.116945648522801, 4.747139197715853 ], [ -74.116945621543152, 4.747141561134185 ], [ -74.116946001057045, 4.74714389307627 ], [ -74.116946781668616, 4.747146124294261 ], [ -74.116947934599466, 4.747148185540368 ], [ -74.116949426574763, 4.747150012962776 ], [ -74.116951212628294, 4.747151553501453 ], [ -74.116953239700194, 4.747152761290977 ], [ -74.116955443938537, 4.74715359496247 ], [ -74.11695775699485, 4.747154033831634 ], [ -74.116930285404294, 4.74715128820145 ] ] ] } },
{ "type": "Feature", "properties": { "OBJECTID_1": 534, "id_interve": "11007571", "nomenclatu": "KR 118D BIS", "tipo_inter": 1, "loccodigo": "11", "barrio_leg": "LA CAROLINA III", "numero_con": 628, "año_contr": 2023, "numero_c_1": 591, "año_con_1": 2023, "tipo_contr": 1, "estado_con": 0, "entidad_co": 1, "enlace_con": null, "id_element": 0, "tipo_eleme": 0, "funcion_el": 0, "area_eleme": 0.0, "SHAPE_Leng": 0.0, "Shape_Area": 1.08368336009e-08 }, "geometry": { "type": "Polygon", "coordinates": [ [ [ -74.104558256258485, 4.728767800193851 ], [ -74.104495405338639, 4.728359771486339 ], [ -74.104513154358528, 4.728366869835214 ], [ -74.104535588846318, 4.728375840572653 ], [ -74.104533558177138, 4.728375406200087 ], [ -74.104531486139138, 4.728375288388918 ], [ -74.104529418597735, 4.728375490736369 ], [ -74.104527208064155, 4.728376080691646 ], [ -74.104525126133638, 4.728377034872324 ], [ -74.104523235758677, 4.728378327198073 ], [ -74.104521589999365, 4.728379921696102 ], [ -74.104520235620328, 4.728381770702185 ], [ -74.10451921219186, 4.728383822955095 ], [ -74.104518609646107, 4.728385743007663 ], [ -74.104518296681988, 4.728387729610063 ], [ -74.104518279594913, 4.728389744091487 ], [ -74.104518561082671, 4.728391736089804 ], [ -74.1045890274616, 4.728745136378961 ], [ -74.104589502303668, 4.72874696560001 ], [ -74.104590227157246, 4.728748710284776 ], [ -74.104591186733842, 4.728750338057694 ], [ -74.104592363946381, 4.728751814744498 ], [ -74.104593614004045, 4.728753014440088 ], [ -74.104595007053888, 4.72875404236521 ], [ -74.104596518814276, 4.728754885029957 ], [ -74.104580099891677, 4.728767826274236 ], [ -74.10457524804923, 4.728771651090882 ], [ -74.104560095372051, 4.728783593188325 ], [ -74.104560022526982, 4.728780129899121 ], [ -74.10455950721547, 4.728776705280779 ], [ -74.104559437967623, 4.728775475907525 ], [ -74.104558256258485, 4.728767800193851 ] ] ] } },
{ "type": "Feature", "properties": { "OBJECTID_1": 535, "id_interve": "11003454", "nomenclatu": "KR 143A", "tipo_inter": 1, "loccodigo": "11", "barrio_leg": "LA ISABELA", "numero_con": 628, "año_contr": 2023, "numero_c_1": 591, "año_con_1": 2023, "tipo_contr": 1, "estado_con": 0, "entidad_co": 1, "enlace_con": null, "id_element": 0, "tipo_eleme": 0, "funcion_el": 0, "area_eleme": 0.0, "SHAPE_Leng": 0.0, "Shape_Area": 5.8786402477099996e-09 }, "geometry": { "type": "Polygon", "coordinates": [ [ [ -74.116525063480879, 4.745198151373643 ], [ -74.116524938475095, 4.745196374313251 ], [ -74.116548992641867, 4.745151712181837 ], [ -74.116627416222229, 4.745006100251373 ], [ -74.116627517845643, 4.745005910494399 ], [ -74.116628986438513, 4.745002493070673 ], [ -74.116629894753828, 4.744998884990593 ], [ -74.116630221207686, 4.744995178884437 ], [ -74.116629957706323, 4.744991467382363 ], [ -74.116629107847018, 4.744987844013849 ], [ -74.116627697710044, 4.744984401409056 ], [ -74.116625758771704, 4.744981228600864 ], [ -74.116623343192714, 4.744978404729636 ], [ -74.11664989207884, 4.744993463877279 ], [ -74.11668462209758, 4.745013164426041 ], [ -74.116678992341576, 4.745011556438215 ], [ -74.116673170130639, 4.745010946697902 ], [ -74.116667331731946, 4.745011355889403 ], [ -74.116661648915908, 4.745012768724337 ], [ -74.11665629794976, 4.745015146531841 ], [ -74.116651433516779, 4.745018412869513 ], [ -74.116647614995372, 4.745022017352255 ], [ -74.116644396321817, 4.745026170421454 ], [ -74.116562634457978, 4.745174219514696 ], [ -74.116551066478507, 4.745195165624466 ], [ -74.116550289464271, 4.7451967583238 ], [ -74.116549725589323, 4.745198440056014 ], [ -74.116549384746293, 4.745200181143503 ], [ -74.116549360464603, 4.745200575046566 ], [ -74.116525063480879, 4.745198151373643 ] ] ] } },
{ "type": "Feature", "properties": { "OBJECTID_1": 536, "id_interve": "11003347", "nomenclatu": "KR 143A", "tipo_inter": 1, "loccodigo": "11", "barrio_leg": "SAN PEDRO DE TIBABUYES", "numero_con": 628, "año_contr": 2023, "numero_c_1": 591, "año_con_1": 2023, "tipo_contr": 1, "estado_con": 0, "entidad_co": 1, "enlace_con": null, "id_element": 0, "tipo_eleme": 0, "funcion_el": 0, "area_eleme": 0.0, "SHAPE_Leng": 0.0, "Shape_Area": 2.7104390079200001e-09 }, "geometry": { "type": "Polygon", "coordinates": [ [ [ -74.116539476015987, 4.745331466873722 ], [ -74.116520604642176, 4.745329671826937 ], [ -74.11652271984758, 4.745329380446607 ], [ -74.116524763107293, 4.745328759015081 ], [ -74.116526684059181, 4.745327822820797 ], [ -74.116528434139866, 4.745326593447601 ], [ -74.116529969282624, 4.745325103270943 ], [ -74.116531250816536, 4.745323391861121 ], [ -74.116532247265354, 4.745321496989561 ], [ -74.11653293434739, 4.745319466320382 ], [ -74.116533241016214, 4.745317853835957 ], [ -74.116533348934865, 4.745316216170465 ], [ -74.116525063480879, 4.745198151373643 ], [ -74.116549360464603, 4.745200575046566 ], [ -74.116549275029001, 4.745201951009278 ], [ -74.116549940527307, 4.745320404313247 ], [ -74.116549942325946, 4.745320499641366 ], [ -74.116550145572717, 4.745322678698698 ], [ -74.116550695058493, 4.74532479480348 ], [ -74.116551578192741, 4.745326796694371 ], [ -74.116552768895133, 4.74532862861338 ], [ -74.1165542392867, 4.745330244695082 ], [ -74.116555949797203, 4.7453316026714 ], [ -74.116557854561279, 4.745332667468689 ], [ -74.116559905015549, 4.745333409409342 ], [ -74.116539476015987, 4.745331466873722 ] ] ] } },
{ "type": "Feature", "properties": { "OBJECTID_1": 537, "id_interve": "11003017", "nomenclatu": "CL 136", "tipo_inter": 1, "loccodigo": "11", "barrio_leg": "SAN PEDRO DE TIBABUYES", "numero_con": 628, "año_contr": 2023, "numero_c_1": 591, "año_con_1": 2023, "tipo_contr": 1, "estado_con": 0, "entidad_co": 1, "enlace_con": null, "id_element": 0, "tipo_eleme": 0, "funcion_el": 0, "area_eleme": 0.0, "SHAPE_Leng": 0.0, "Shape_Area": 1.6770255585100002e-08 }, "geometry": { "type": "Polygon", "coordinates": [ [ [ -74.117765237575611, 4.746031886762239 ], [ -74.118052206743926, 4.746025939545518 ], [ -74.118053757175119, 4.746089598955848 ], [ -74.118029671532099, 4.746090089985728 ], [ -74.118027998793082, 4.746088429837243 ], [ -74.11802606525066, 4.746087087149419 ], [ -74.118023928461469, 4.746086099693798 ], [ -74.118021652277378, 4.746085498946684 ], [ -74.118019309543456, 4.746085303793791 ], [ -74.117803015396817, 4.746087104236494 ], [ -74.117800946056775, 4.746087281402936 ], [ -74.117798929776768, 4.746087774231455 ], [ -74.117797012422159, 4.746088571030782 ], [ -74.117795238959047, 4.746089653814522 ], [ -74.117793651655688, 4.746090994703706 ], [ -74.117792287384134, 4.746092564020671 ], [ -74.117765742095287, 4.746093089224757 ], [ -74.117765237575611, 4.746031886762239 ] ] ] } },
{ "type": "Feature", "properties": { "OBJECTID_1": 538, "id_interve": "11003000", "nomenclatu": "KR 145A", "tipo_inter": 1, "loccodigo": "11", "barrio_leg": "SAN PEDRO DE TIBABUYES", "numero_con": 628, "año_contr": 2023, "numero_c_1": 591, "año_con_1": 2023, "tipo_contr": 1, "estado_con": 0, "entidad_co": 1, "enlace_con": null, "id_element": 0, "tipo_eleme": 0, "funcion_el": 0, "area_eleme": 0.0, "SHAPE_Leng": 0.0, "Shape_Area": 3.1996906214499998e-08 }, "geometry": { "type": "Polygon", "coordinates": [ [ [ -74.117471220420441, 4.746834948973743 ], [ -74.117456043461573, 4.746113595566044 ], [ -74.117455793450063, 4.746111261825321 ], [ -74.11745514234093, 4.746109007224959 ], [ -74.117454115315127, 4.746106897415416 ], [ -74.117452740251736, 4.746104997147937 ], [ -74.11745105941884, 4.746103364878422 ], [ -74.11744912407778, 4.746102046472288 ], [ -74.117446989087227, 4.746101082399093 ], [ -74.117444721896334, 4.746100501437014 ], [ -74.117442388155666, 4.746100325169891 ], [ -74.117478266608657, 4.746099565242787 ], [ -74.117507982907057, 4.746098935717384 ], [ -74.117506097928015, 4.7460998017645 ], [ -74.117504365833781, 4.746100945702153 ], [ -74.117502830691024, 4.746102341449955 ], [ -74.117501523976102, 4.746103957531659 ], [ -74.117500482561184, 4.7461057570751 ], [ -74.117499723533399, 4.746107690617464 ], [ -74.117499271174381, 4.746109721286643 ], [ -74.117499132678802, 4.746111796921923 ], [ -74.117499136276081, 4.746111930920904 ], [ -74.117513610864421, 4.746825955753308 ], [ -74.117513691803367, 4.7468271509523 ], [ -74.117514160350197, 4.746829464907933 ], [ -74.117515021900715, 4.746831661951661 ], [ -74.117516250374592, 4.746833675533765 ], [ -74.117517807101081, 4.74683544629886 ], [ -74.117519647113966, 4.746836917589746 ], [ -74.117521713756048, 4.746838048037546 ], [ -74.117523944974039, 4.746838799870773 ], [ -74.117526271520148, 4.746839154203656 ], [ -74.117528625945283, 4.746839096647022 ], [ -74.117493430077673, 4.746843108522683 ], [ -74.117467705869899, 4.746846039413243 ], [ -74.117468962222802, 4.746844437720654 ], [ -74.117469965866178, 4.746842664257599 ], [ -74.117470692518395, 4.746840761292162 ], [ -74.117471128689601, 4.746838768394468 ], [ -74.117471258191983, 4.74683673322869 ], [ -74.117471220420441, 4.746834948973743 ] ] ] } },
{ "type": "Feature", "properties": { "OBJECTID_1": 539, "id_interve": "11002769", "nomenclatu": "KR 145A", "tipo_inter": 1, "loccodigo": "11", "barrio_leg": "BARRIO BERLIN", "numero_con": 628, "año_contr": 2023, "numero_c_1": 591, "año_con_1": 2023, "tipo_contr": 1, "estado_con": 0, "entidad_co": 1, "enlace_con": null, "id_element": 0, "tipo_eleme": 0, "funcion_el": 0, "area_eleme": 0.0, "SHAPE_Leng": 0.0, "Shape_Area": 9.4994703110599993e-09 }, "geometry": { "type": "Polygon", "coordinates": [ [ [ -74.117467988257033, 4.747201921831277 ], [ -74.117441206446472, 4.747199573701436 ], [ -74.117443561770926, 4.747199573701436 ], [ -74.117445882921118, 4.74719916181192 ], [ -74.117448096152657, 4.74719835332138 ], [ -74.11745013761373, 4.747197172511562 ], [ -74.117451941653769, 4.747195652657296 ], [ -74.11745345521274, 4.747193842322019 ], [ -74.117454632425336, 4.747191794565707 ], [ -74.11745543911718, 4.747189573240234 ], [ -74.117455847409417, 4.747187246694125 ], [ -74.117481809038225, 4.746889176294474 ], [ -74.117481856702284, 4.746887739177851 ], [ -74.11748175507887, 4.746886303859866 ], [ -74.117481258653129, 4.74688399350157 ], [ -74.117480369223642, 4.746881806350358 ], [ -74.117479115568699, 4.746879804459469 ], [ -74.117477533661202, 4.746878052580087 ], [ -74.117475671165266, 4.746876602872987 ], [ -74.117473588335372, 4.746875499404837 ], [ -74.117471347224864, 4.746874776349898 ], [ -74.11746901348414, 4.746874454392582 ], [ -74.117466658159685, 4.746874543425463 ], [ -74.117494017334991, 4.746871090928153 ], [ -74.117521770413362, 4.746867589867406 ], [ -74.117519635422809, 4.746868457713219 ], [ -74.117517675800059, 4.74686967809322 ], [ -74.117515955396982, 4.746871215034616 ], [ -74.117514518280359, 4.746873022671934 ], [ -74.11751340851697, 4.746875047945139 ], [ -74.117512656683743, 4.74687723329771 ], [ -74.117512287961688, 4.746879516676415 ], [ -74.117512053238613, 4.746881938550643 ], [ -74.11748238190637, 4.747189597521981 ], [ -74.11748233783959, 4.747191725317919 ], [ -74.117482625622642, 4.747193833328766 ], [ -74.11748323896029, 4.74719587119256 ], [ -74.11748416256404, 4.74719778764785 ], [ -74.117485371252826, 4.747199534131254 ], [ -74.117486839845753, 4.747201071072596 ], [ -74.117488530571165, 4.747202356203843 ], [ -74.117490398463076, 4.74720336164586 ], [ -74.117492403051926, 4.747204061318428 ], [ -74.117467988257033, 4.747201921831277 ] ] ] } },
{ "type": "Feature", "properties": { "OBJECTID_1": 540, "id_interve": "11002999", "nomenclatu": "CL136", "tipo_inter": 1, "loccodigo": "11", "barrio_leg": "SAN PEDRO DE TIBABUYES", "numero_con": 628, "año_contr": 2023, "numero_c_1": 591, "año_con_1": 2023, "tipo_contr": 1, "estado_con": 0, "entidad_co": 1, "enlace_con": null, "id_element": 0, "tipo_eleme": 0, "funcion_el": 0, "area_eleme": 0.0, "SHAPE_Leng": 0.0, "Shape_Area": 1.64903681351e-08 }, "geometry": { "type": "Polygon", "coordinates": [ [ [ -74.117211855043024, 4.746072757351897 ], [ -74.117211059143017, 4.746035004711757 ], [ -74.117212133832879, 4.746036990414836 ], [ -74.117213521486804, 4.74603876927381 ], [ -74.117215182534608, 4.746040293624675 ], [ -74.117217073808888, 4.74604151940065 ], [ -74.117219141350233, 4.746042412427414 ], [ -74.11722132940082, 4.746042949322714 ], [ -74.117223575007927, 4.746043113898622 ], [ -74.117223713503563, 4.746043110301343 ], [ -74.11747701565173, 4.746037860059232 ], [ -74.117478266608657, 4.746099565242787 ], [ -74.117442388155666, 4.746100325169891 ], [ -74.11722604814355, 4.746104903618459 ], [ -74.117223721597441, 4.746105156327928 ], [ -74.117221474191638, 4.746105808336438 ], [ -74.117219371576709, 4.74610683895952 ], [ -74.11721747760447, 4.746108217620189 ], [ -74.117215849831553, 4.74610990474838 ], [ -74.117214535922074, 4.746111846384679 ], [ -74.117213575446101, 4.746113988569789 ], [ -74.117212997182037, 4.74611626295524 ], [ -74.117212820914915, 4.746118603890523 ], [ -74.117211855043024, 4.746072757351897 ] ] ] } },
{ "type": "Feature", "properties": { "OBJECTID_1": 541, "id_interve": "11003159", "nomenclatu": "CL 135", "tipo_inter": 1, "loccodigo": "11", "barrio_leg": "SAN PEDRO DE TIBABUYES", "numero_con": 628, "año_contr": 2023, "numero_c_1": 591, "año_con_1": 2023, "tipo_contr": 1, "estado_con": 0, "entidad_co": 1, "enlace_con": null, "id_element": 0, "tipo_eleme": 0, "funcion_el": 0, "area_eleme": 0.0, "SHAPE_Leng": 0.0, "Shape_Area": 1.6330343239699999e-08 }, "geometry": { "type": "Polygon", "coordinates": [ [ [ -74.117117228377367, 4.745674327108532 ], [ -74.116901019666273, 4.745678396540824 ], [ -74.11687062797705, 4.745678967610332 ], [ -74.116869465153627, 4.745616798376602 ], [ -74.117117306618354, 4.745611504967031 ], [ -74.117119493769565, 4.745611278337889 ], [ -74.117121615270264, 4.745610700073825 ], [ -74.117123615362516, 4.745609783664633 ], [ -74.117125440986285, 4.74560855249274 ], [ -74.117127042678817, 4.745607042531048 ], [ -74.117128379970723, 4.745605291550987 ], [ -74.117129415989723, 4.74560334451877 ], [ -74.117130159729072, 4.745643069372193 ], [ -74.117130993400565, 4.745687628081612 ], [ -74.117130747885653, 4.745685290743608 ], [ -74.117130103071759, 4.74568303164665 ], [ -74.117129077844652, 4.745680920937787 ], [ -74.117127706378483, 4.745679015274391 ], [ -74.117126027344227, 4.745677378508277 ], [ -74.117124092003223, 4.745676055605542 ], [ -74.117121957911991, 4.745675087935012 ], [ -74.117119689821777, 4.74567450607367 ], [ -74.117117354282414, 4.745674323511253 ], [ -74.117117228377367, 4.745674327108532 ] ] ] } },
{ "type": "Feature", "properties": { "OBJECTID_1": 542, "id_interve": "11002819", "nomenclatu": "CL 138", "tipo_inter": 1, "loccodigo": "11", "barrio_leg": "SAN PEDRO DE TIBABUYES", "numero_con": 628, "año_contr": 2023, "numero_c_1": 591, "año_con_1": 2023, "tipo_contr": 1, "estado_con": 0, "entidad_co": 1, "enlace_con": null, "id_element": 0, "tipo_eleme": 0, "funcion_el": 0, "area_eleme": 0.0, "SHAPE_Leng": 0.0, "Shape_Area": 2.11163201281e-08 }, "geometry": { "type": "Polygon", "coordinates": [ [ [ -74.116746614164867, 4.746650834368552 ], [ -74.116745812868942, 4.746652477429961 ], [ -74.116745237302837, 4.746654212222154 ], [ -74.116744900057029, 4.746656011765594 ], [ -74.116744808326189, 4.746657835590668 ], [ -74.116745046646543, 4.746660150445621 ], [ -74.116745673473986, 4.746662390656866 ], [ -74.11674667531878, 4.746664489674516 ], [ -74.116748018006604, 4.746666386344714 ], [ -74.116749664665235, 4.746668024010148 ], [ -74.116750546000844, 4.746668640045754 ], [ -74.116751567630729, 4.746669355006759 ], [ -74.116753667547698, 4.746670339764421 ], [ -74.116755905060927, 4.746670951303429 ], [ -74.116758213620642, 4.746671167140675 ], [ -74.117164376234939, 4.746664355675534 ], [ -74.117166486943802, 4.746664128147018 ], [ -74.117168533800736, 4.746663571466684 ], [ -74.117170469141797, 4.746662700023649 ], [ -74.117172246202188, 4.746661535401585 ], [ -74.117173817317791, 4.746660108177479 ], [ -74.117175147415082, 4.746658448028995 ], [ -74.117176203219174, 4.746656601720815 ], [ -74.11717695595172, 4.746654611521137 ], [ -74.117177393022246, 4.746652528691301 ], [ -74.117177494645603, 4.746650402694002 ], [ -74.117178600811712, 4.746688590606027 ], [ -74.117179360738874, 4.746714877789429 ], [ -74.117177842683247, 4.746713601651436 ], [ -74.117176152857155, 4.746712560236517 ], [ -74.117174330830665, 4.746711778725683 ], [ -74.117172413476055, 4.746711274206007 ], [ -74.117170443960788, 4.746711055670744 ], [ -74.11716996911872, 4.74671104757681 ], [ -74.116700929504248, 4.746715644011829 ], [ -74.116746614164867, 4.746650834368552 ] ] ] } },
{ "type": "Feature", "properties": { "OBJECTID_1": 543, "id_interve": "11003008", "nomenclatu": "CL 136", "tipo_inter": 1, "loccodigo": "11", "barrio_leg": "SAN PEDRO DE TIBABUYES", "numero_con": 628, "año_contr": 2023, "numero_c_1": 591, "año_con_1": 2023, "tipo_contr": 1, "estado_con": 0, "entidad_co": 1, "enlace_con": null, "id_element": 0, "tipo_eleme": 0, "funcion_el": 0, "area_eleme": 0.0, "SHAPE_Leng": 0.0, "Shape_Area": 1.7606214356000001e-08 }, "geometry": { "type": "Polygon", "coordinates": [ [ [ -74.11747701565173, 4.746037860059232 ], [ -74.117765237575611, 4.746031886762239 ], [ -74.117765742095287, 4.746093089224757 ], [ -74.117728718805267, 4.746093823071533 ], [ -74.117512491208458, 4.746098103844474 ], [ -74.117510200635195, 4.746098326876336 ], [ -74.117507982907057, 4.746098935717384 ], [ -74.117478266608657, 4.746099565242787 ], [ -74.11747701565173, 4.746037860059232 ] ] ] } },
{ "type": "Feature", "properties": { "OBJECTID_1": 544, "id_interve": "11002891", "nomenclatu": "TV 144 BIS", "tipo_inter": 1, "loccodigo": "11", "barrio_leg": "SAN PEDRO DE TIBABUYES", "numero_con": 628, "año_contr": 2023, "numero_c_1": 591, "año_con_1": 2023, "tipo_contr": 1, "estado_con": 0, "entidad_co": 1, "enlace_con": null, "id_element": 0, "tipo_eleme": 0, "funcion_el": 0, "area_eleme": 0.0, "SHAPE_Leng": 0.0, "Shape_Area": 1.19530420545e-08 }, "geometry": { "type": "Polygon", "coordinates": [ [ [ -74.116900348772049, 4.746382106149327 ], [ -74.116936702966427, 4.74638117175374 ], [ -74.116900489965587, 4.746432545525579 ], [ -74.11674805218081, 4.746648795605495 ], [ -74.116747286857787, 4.746649782161739 ], [ -74.116746614164867, 4.746650834368552 ], [ -74.116700929504248, 4.746715644011829 ], [ -74.116664839710552, 4.746715997445391 ], [ -74.116665897313283, 4.746714497376217 ], [ -74.116900105955096, 4.746382451489012 ], [ -74.116900348772049, 4.746382106149327 ] ] ] } },
{ "type": "Feature", "properties": { "OBJECTID_1": 545, "id_interve": "11003154", "nomenclatu": "CL 135", "tipo_inter": 1, "loccodigo": "11", "barrio_leg": "SAN PEDRO DE TIBABUYES", "numero_con": 628, "año_contr": 2023, "numero_c_1": 591, "año_con_1": 2023, "tipo_contr": 1, "estado_con": 0, "entidad_co": 1, "enlace_con": null, "id_element": 0, "tipo_eleme": 0, "funcion_el": 0, "area_eleme": 0.0, "SHAPE_Leng": 0.0, "Shape_Area": 1.7118324857e-08 }, "geometry": { "type": "Polygon", "coordinates": [ [ [ -74.116591840840726, 4.745622726707495 ], [ -74.116630720331443, 4.74562189663328 ], [ -74.116869465153627, 4.745616798376602 ], [ -74.11687062797705, 4.745678967610332 ], [ -74.116840391870539, 4.745679537780518 ], [ -74.11683923804037, 4.745679500008976 ], [ -74.116623157932338, 4.745683555052097 ], [ -74.116622906122188, 4.745683569441213 ], [ -74.116622847666235, 4.745683569441212 ], [ -74.116594123320112, 4.745684108135151 ], [ -74.116591840840726, 4.745622726707495 ] ] ] } },
{ "type": "Feature", "properties": { "OBJECTID_1": 546, "id_interve": "11002723", "nomenclatu": "KR 144A", "tipo_inter": 1, "loccodigo": "11", "barrio_leg": "BARRIO BERLIN", "numero_con": 628, "año_contr": 2023, "numero_c_1": 591, "año_con_1": 2023, "tipo_contr": 1, "estado_con": 0, "entidad_co": 1, "enlace_con": null, "id_element": 0, "tipo_eleme": 0, "funcion_el": 0, "area_eleme": 0.0, "SHAPE_Leng": 0.0, "Shape_Area": 4.4224221487e-09 }, "geometry": { "type": "Polygon", "coordinates": [ [ [ -74.116659976176948, 4.747126960640742 ], [ -74.116641130883465, 4.747125159298719 ], [ -74.116643050036714, 4.747122888510547 ], [ -74.116644564495004, 4.74712032904 ], [ -74.116645629292293, 4.747117550134874 ], [ -74.116646216549611, 4.747114631834847 ], [ -74.11664622014689, 4.747114599459223 ], [ -74.116660368281316, 4.746989770861263 ], [ -74.116660425837949, 4.746988883230415 ], [ -74.116660395261022, 4.746987995599567 ], [ -74.116660137155577, 4.7469864802419 ], [ -74.116659627239983, 4.746985030534802 ], [ -74.116658881701994, 4.746983688746297 ], [ -74.116657919427382, 4.746982491748668 ], [ -74.116656768295172, 4.746981477313398 ], [ -74.116655463378891, 4.746980673319456 ], [ -74.11665404155076, 4.74698010135063 ], [ -74.116652542380905, 4.746979780292691 ], [ -74.116651012634065, 4.746979717340139 ], [ -74.11667648413237, 4.746977517598395 ], [ -74.116690490173937, 4.746976307110912 ], [ -74.11668967179088, 4.746978506852656 ], [ -74.116689244612928, 4.746980818110331 ], [ -74.116688957729195, 4.746983789470334 ], [ -74.116676279986279, 4.747114893537571 ], [ -74.116676244013433, 4.747117021333509 ], [ -74.116676541689003, 4.747119127545773 ], [ -74.116677163120528, 4.747121163610871 ], [ -74.116678094818155, 4.747123074670186 ], [ -74.116679312500253, 4.747124816656991 ], [ -74.116680786489042, 4.747126347303152 ], [ -74.116682482610429, 4.747127627038424 ], [ -74.116684356797577, 4.747128623487242 ], [ -74.116686362285748, 4.747129315965196 ], [ -74.1166884523102, 4.747129682888612 ], [ -74.116659976176948, 4.747126960640742 ] ] ] } },
{ "type": "Feature", "properties": { "OBJECTID_1": 547, "id_interve": "11002746", "nomenclatu": "CL 138A", "tipo_inter": 1, "loccodigo": "11", "barrio_leg": "SAN PEDRO DE TIBABUYES", "numero_con": 628, "año_contr": 2023, "numero_c_1": 591, "año_con_1": 2023, "tipo_contr": 1, "estado_con": 0, "entidad_co": 1, "enlace_con": null, "id_element": 0, "tipo_eleme": 0, "funcion_el": 0, "area_eleme": 0.0, "SHAPE_Leng": 0.0, "Shape_Area": 7.4029357723500003e-09 }, "geometry": { "type": "Polygon", "coordinates": [ [ [ -74.116679562511763, 4.746945698685067 ], [ -74.116955789278222, 4.746910500119554 ], [ -74.116953067929728, 4.746938147977176 ], [ -74.116922972117436, 4.746941792929476 ], [ -74.116922865997424, 4.746941805519953 ], [ -74.116701131851698, 4.746968658376943 ], [ -74.116698902432347, 4.746969113433862 ], [ -74.116696779133008, 4.746969936313576 ], [ -74.116694825805553, 4.746971103633598 ], [ -74.116693093711262, 4.746972584817002 ], [ -74.116691635910229, 4.746974335797005 ], [ -74.116690490173937, 4.746976307110912 ], [ -74.11667648413237, 4.746977517598395 ], [ -74.116679562511763, 4.746945698685067 ] ] ] } },
{ "type": "Feature", "properties": { "OBJECTID_1": 548, "id_interve": "11003174", "nomenclatu": "CL 135", "tipo_inter": 1, "loccodigo": "11", "barrio_leg": "SAN PEDRO DE TIBABUYES", "numero_con": 628, "año_contr": 2023, "numero_c_1": 591, "año_con_1": 2023, "tipo_contr": 1, "estado_con": 0, "entidad_co": 1, "enlace_con": null, "id_element": 0, "tipo_eleme": 0, "funcion_el": 0, "area_eleme": 0.0, "SHAPE_Leng": 0.0, "Shape_Area": 1.8220077032899999e-08 }, "geometry": { "type": "Polygon", "coordinates": [ [ [ -74.116312140892546, 4.745643170995607 ], [ -74.116270209102822, 4.745631256777131 ], [ -74.116286931096965, 4.745571952783451 ], [ -74.116487860326458, 4.745627965258451 ], [ -74.116547658047921, 4.745631111986256 ], [ -74.116552860625973, 4.745630414112385 ], [ -74.116557868950451, 4.745628837600805 ], [ -74.116562535532523, 4.745626431914332 ], [ -74.116566727272584, 4.745623262703475 ], [ -74.116591840840726, 4.745622726707495 ], [ -74.116594123320112, 4.745684108135151 ], [ -74.11655759915385, 4.745684794317868 ], [ -74.116555687195159, 4.74568411263175 ], [ -74.116553694297522, 4.745683726822562 ], [ -74.116551667225622, 4.745683644084977 ], [ -74.116426320618189, 4.745672597712257 ], [ -74.116332680508776, 4.745643483060348 ], [ -74.116325875338816, 4.745642332827458 ], [ -74.116318975740114, 4.745642227606765 ], [ -74.116312140892546, 4.745643170995607 ] ] ] } },
{ "type": "Feature", "properties": { "OBJECTID_1": 549, "id_interve": "11007592", "nomenclatu": "KR 118C", "tipo_inter": 1, "loccodigo": "11", "barrio_leg": "LA CAROLINA III", "numero_con": 628, "año_contr": 2023, "numero_c_1": 591, "año_con_1": 2023, "tipo_contr": 1, "estado_con": 0, "entidad_co": 1, "enlace_con": null, "id_element": 0, "tipo_eleme": 0, "funcion_el": 0, "area_eleme": 0.0, "SHAPE_Leng": 0.0, "Shape_Area": 2.1002733837599998e-08 }, "geometry": { "type": "Polygon", "coordinates": [ [ [ -74.104332450881884, 4.728945400110149 ], [ -74.104213680117198, 4.728236996040607 ], [ -74.104212199833114, 4.728228603567231 ], [ -74.104232395008978, 4.728236494218891 ], [ -74.104233600999862, 4.728236964564302 ], [ -74.104263011528701, 4.728248452504147 ], [ -74.104261290226304, 4.728247935393938 ], [ -74.10425951496461, 4.728247651208164 ], [ -74.104257720817145, 4.728247606242063 ], [ -74.104255932964918, 4.728247799596318 ], [ -74.104253705344206, 4.728248394048194 ], [ -74.104251609923836, 4.728249360819405 ], [ -74.104249708757038, 4.728250669332965 ], [ -74.104248055803112, 4.728252284515349 ], [ -74.104246702323394, 4.728254156903859 ], [ -74.104245686089484, 4.728256234337778 ], [ -74.10424513120779, 4.728258016794086 ], [ -74.104244826337606, 4.728259860404308 ], [ -74.104244777774227, 4.728261728296162 ], [ -74.104244985517653, 4.728263585396177 ], [ -74.104330540721833, 4.728763420495512 ], [ -74.10436150797716, 4.728922864898323 ], [ -74.10436224811923, 4.728926678923131 ], [ -74.104362651914812, 4.728929285158415 ], [ -74.104363465801271, 4.728931792468301 ], [ -74.104364668194819, 4.728934138799502 ], [ -74.104366228518586, 4.728936261199522 ], [ -74.104367421918937, 4.728937499565973 ], [ -74.104368736727793, 4.728938607530779 ], [ -74.104369678317937, 4.728939371055162 ], [ -74.104370726028151, 4.728939980795531 ], [ -74.104371853777991, 4.728940423261975 ], [ -74.104373035487185, 4.728940687662657 ], [ -74.104374244175972, 4.728940767702341 ], [ -74.104375450166856, 4.728940662481648 ], [ -74.104376626480075, 4.728940372000635 ], [ -74.104377744337398, 4.728939906151822 ], [ -74.104359150854066, 4.728954440095379 ], [ -74.104333536363583, 4.728974459004121 ], [ -74.104334828689332, 4.728969937212868 ], [ -74.104335318819892, 4.728965259838901 ], [ -74.104334993265297, 4.7289605671765 ], [ -74.104334979775444, 4.7289604772443 ], [ -74.104332450881884, 4.728945400110149 ] ] ] } },
{ "type": "Feature", "properties": { "OBJECTID_1": 550, "id_interve": "11003023", "nomenclatu": "CL 136", "tipo_inter": 1, "loccodigo": "11", "barrio_leg": "SAN PEDRO DE TIBABUYES", "numero_con": 628, "año_contr": 2023, "numero_c_1": 591, "año_con_1": 2023, "tipo_contr": 1, "estado_con": 0, "entidad_co": 1, "enlace_con": null, "id_element": 0, "tipo_eleme": 0, "funcion_el": 0, "area_eleme": 0.0, "SHAPE_Leng": 0.0, "Shape_Area": 2.3996407546399999e-08 }, "geometry": { "type": "Polygon", "coordinates": [ [ [ -74.118425391218807, 4.746082037456119 ], [ -74.118088471905423, 4.746088893887418 ], [ -74.118053757175119, 4.746089598955848 ], [ -74.118052206743926, 4.746025939545518 ], [ -74.11840112391269, 4.746018706298287 ], [ -74.11840324451407, 4.74601848956172 ], [ -74.118405305760234, 4.746017941874585 ], [ -74.11840721142363, 4.746017099209837 ], [ -74.118408964202274, 4.746015973258579 ], [ -74.118410522727402, 4.74601459189995 ], [ -74.118411854623332, 4.746012984811443 ], [ -74.118412921219317, 4.746011191563298 ], [ -74.118413703629471, 4.746009255322917 ], [ -74.118425658317449, 4.746042657942382 ], [ -74.11842775103986, 4.746048506233649 ], [ -74.118442902817662, 4.746090844516914 ], [ -74.118442047562382, 4.746088960437249 ], [ -74.118440918913223, 4.746087228342958 ], [ -74.118439538453913, 4.746085687804282 ], [ -74.118437942157243, 4.746084378391402 ], [ -74.11843616329827, 4.746083327083909 ], [ -74.1184342477423, 4.74608255816355 ], [ -74.118432236858212, 4.746082094113376 ], [ -74.118430179209383, 4.746081940329304 ], [ -74.118425391218807, 4.746082037456119 ] ] ] } },
{ "type": "Feature", "properties": { "OBJECTID_1": 551, "id_interve": "11002680", "nomenclatu": "CL 143 BIS", "tipo_inter": 1, "loccodigo": "11", "barrio_leg": "BARRIO BERLIN", "numero_con": 628, "año_contr": 2023, "numero_c_1": 591, "año_con_1": 2023, "tipo_contr": 1, "estado_con": 0, "entidad_co": 1, "enlace_con": null, "id_element": 0, "tipo_eleme": 0, "funcion_el": 0, "area_eleme": 0.0, "SHAPE_Leng": 0.0, "Shape_Area": 4.0636950774199998e-08 }, "geometry": { "type": "Polygon", "coordinates": [ [ [ -74.116310775721672, 4.747765812941964 ], [ -74.116250379951055, 4.747759996126945 ], [ -74.116256975578949, 4.747757626413375 ], [ -74.116263063089832, 4.747754144238399 ], [ -74.116268457223498, 4.747749657520728 ], [ -74.116272995202507, 4.747744301158605 ], [ -74.116276539430714, 4.747738237030036 ], [ -74.11627898378805, 4.747731650395394 ], [ -74.116280254530068, 4.74772473640752 ], [ -74.11633226951858, 4.747178529565531 ], [ -74.116332289303671, 4.747176166147199 ], [ -74.116331898098565, 4.747173836003754 ], [ -74.116331109393172, 4.747171608383042 ], [ -74.116329948368389, 4.747169550734213 ], [ -74.116328447399894, 4.747167728707779 ], [ -74.116326655950388, 4.747166195363661 ], [ -74.116324625281209, 4.747164996567392 ], [ -74.116322418344907, 4.747164171889096 ], [ -74.116320100791995, 4.747163742013129 ], [ -74.116364301571195, 4.74716797781997 ], [ -74.116405178456205, 4.747171896166151 ], [ -74.116403354631075, 4.747173109351536 ], [ -74.116401751139847, 4.747174602226153 ], [ -74.116400406653383, 4.747176333421123 ], [ -74.116399357144587, 4.74717826066825 ], [ -74.116398634988968, 4.747180332706251 ], [ -74.116398252777117, 4.74718249467645 ], [ -74.116347377229658, 4.747723362243448 ], [ -74.116347278304204, 4.747730789744196 ], [ -74.116348365584543, 4.747738139003957 ], [ -74.116350614788985, 4.747745217567797 ], [ -74.116353966562258, 4.747751841973979 ], [ -74.116358333670121, 4.747757840452038 ], [ -74.116363602798003, 4.747763058318526 ], [ -74.116369639946868, 4.747767362473837 ], [ -74.116376285936781, 4.747770638704083 ], [ -74.116383368997219, 4.747772804271563 ], [ -74.116310775721672, 4.747765812941964 ] ] ] } },
{ "type": "Feature", "properties": { "OBJECTID_1": 552, "id_interve": "11002897", "nomenclatu": "CL 137A", "tipo_inter": 1, "loccodigo": "11", "barrio_leg": "SAN PEDRO DE TIBABUYES", "numero_con": 628, "año_contr": 2023, "numero_c_1": 591, "año_con_1": 2023, "tipo_contr": 1, "estado_con": 0, "entidad_co": 1, "enlace_con": null, "id_element": 0, "tipo_eleme": 0, "funcion_el": 0, "area_eleme": 0.0, "SHAPE_Leng": 0.0, "Shape_Area": 1.20996617668e-08 }, "geometry": { "type": "Polygon", "coordinates": [ [ [ -74.116936702966427, 4.74638117175374 ], [ -74.11715183339038, 4.746375649017011 ], [ -74.117152113079499, 4.746375641822453 ], [ -74.117154421639214, 4.74637537832109 ], [ -74.117156650159245, 4.746374723614679 ], [ -74.117158735687042, 4.746373692092278 ], [ -74.117160613471469, 4.746372321525484 ], [ -74.11716223045255, 4.746370646088508 ], [ -74.117163536268151, 4.746368717942005 ], [ -74.117164493146788, 4.746366593743346 ], [ -74.117165074108868, 4.746364338243665 ], [ -74.117165261167827, 4.746362014395516 ], [ -74.117165519273271, 4.746402303123831 ], [ -74.117165694641074, 4.746429825076405 ], [ -74.117164200867137, 4.746428939244197 ], [ -74.117162601872565, 4.74642825755808 ], [ -74.117160930032867, 4.746427792608586 ], [ -74.11715920962979, 4.746427552489592 ], [ -74.117157526098936, 4.746427552489592 ], [ -74.116920490887878, 4.746427596556373 ], [ -74.116910535392833, 4.746427597455693 ], [ -74.116908246618266, 4.746427861856375 ], [ -74.11690603338667, 4.746428513864885 ], [ -74.116903964946005, 4.746429533696072 ], [ -74.116902099752053, 4.746430889873692 ], [ -74.116900489965587, 4.746432545525579 ], [ -74.116936702966427, 4.74638117175374 ] ] ] } },
{ "type": "Feature", "properties": { "OBJECTID_1": 553, "id_interve": "19014772", "nomenclatu": "CL 62 S", "tipo_inter": 1, "loccodigo": "19", "barrio_leg": "URBANIZACION LAS HUERTAS", "numero_con": 633, "año_contr": 2023, "numero_c_1": 636, "año_con_1": 2023, "tipo_contr": 1, "estado_con": 0, "entidad_co": 1, "enlace_con": "https:\/\/community.secop.gov.co\/Public\/Tendering\/ContractDetailView\/Index?UniqueIdentifier=CO1.PCCNTR.5347399&AwardContractDetailId=3706520&IsFromMarketplace=False&IsFromContractNotice=True&isModal=tr*", "id_element": 0, "tipo_eleme": 0, "funcion_el": 0, "area_eleme": 0.0, "SHAPE_Leng": 0.0, "Shape_Area": 1.36232698806e-08 }, "geometry": { "type": "Polygon", "coordinates": [ [ [ -74.178033278413011, 4.590208319958037 ], [ -74.17804928364751, 4.590205322517647 ], [ -74.178058595227924, 4.59020357963152 ], [ -74.178063693484603, 4.590202623652203 ], [ -74.178064316714824, 4.590202506740354 ], [ -74.178257775276052, 4.590166273954424 ], [ -74.178260564973073, 4.590165750548977 ], [ -74.178266058032136, 4.590164721724591 ], [ -74.178268992519975, 4.590164172238815 ], [ -74.17827055823966, 4.590163879059844 ], [ -74.178312365023601, 4.590156049562097 ], [ -74.178317312194167, 4.590155122361068 ], [ -74.178322825937641, 4.590154089939347 ], [ -74.178326583305136, 4.590153386669499 ], [ -74.178327826168186, 4.590153152845801 ], [ -74.178385035640815, 4.590142439222234 ], [ -74.178359633390357, 4.590169200348384 ], [ -74.178338289780186, 4.590191686097512 ], [ -74.178332645635066, 4.590192803954778 ], [ -74.178188764899517, 4.590221291779244 ], [ -74.178070270226726, 4.590244753292779 ], [ -74.178058908192043, 4.590247003396541 ], [ -74.178041129494488, 4.590250524242322 ], [ -74.178033278413011, 4.590208319958037 ] ] ] } },
{ "type": "Feature", "properties": { "OBJECTID_1": 554, "id_interve": "19000865", "nomenclatu": "CL 62 S", "tipo_inter": 1, "loccodigo": "19", "barrio_leg": "URBANIZACION LAS HUERTAS", "numero_con": 633, "año_contr": 2023, "numero_c_1": 636, "año_con_1": 2023, "tipo_contr": 1, "estado_con": 0, "entidad_co": 1, "enlace_con": "https:\/\/community.secop.gov.co\/Public\/Tendering\/ContractDetailView\/Index?UniqueIdentifier=CO1.PCCNTR.5347399&AwardContractDetailId=3706520&IsFromMarketplace=False&IsFromContractNotice=True&isModal=tr*", "id_element": 0, "tipo_eleme": 0, "funcion_el": 0, "area_eleme": 0.0, "SHAPE_Leng": 0.0, "Shape_Area": 1.18783489005e-08 }, "geometry": { "type": "Polygon", "coordinates": [ [ [ -74.177769799536577, 4.590257667557353 ], [ -74.1777844485934, 4.590254923725809 ], [ -74.177785232802194, 4.590254777136295 ], [ -74.177792896824712, 4.590253341818311 ], [ -74.177796305255242, 4.590252702400335 ], [ -74.178001863295322, 4.590214204222207 ], [ -74.178006936370991, 4.590213253638808 ], [ -74.178014756875484, 4.590211789542479 ], [ -74.178033278413011, 4.590208319958037 ], [ -74.178041129494488, 4.590250524242322 ], [ -74.178025396754606, 4.590253638594618 ], [ -74.178014191201896, 4.590255857222076 ], [ -74.177814989570095, 4.590295300587684 ], [ -74.177802927862786, 4.590297688287706 ], [ -74.17777815603705, 4.590302593190188 ], [ -74.177769799536577, 4.590257667557353 ] ] ] } },
{ "type": "Feature", "properties": { "OBJECTID_1": 555, "id_interve": "19000847", "nomenclatu": "CL 62 S", "tipo_inter": 1, "loccodigo": "19", "barrio_leg": "URBANIZACION LAS HUERTAS", "numero_con": 633, "año_contr": 2023, "numero_c_1": 636, "año_con_1": 2023, "tipo_contr": 1, "estado_con": 0, "entidad_co": 1, "enlace_con": "https:\/\/community.secop.gov.co\/Public\/Tendering\/ContractDetailView\/Index?UniqueIdentifier=CO1.PCCNTR.5347399&AwardContractDetailId=3706520&IsFromMarketplace=False&IsFromContractNotice=True&isModal=tr*", "id_element": 0, "tipo_eleme": 0, "funcion_el": 0, "area_eleme": 0.0, "SHAPE_Leng": 0.0, "Shape_Area": 1.30565336228e-08 }, "geometry": { "type": "Polygon", "coordinates": [ [ [ -74.177248722450543, 4.590355261086472 ], [ -74.177262524345963, 4.590352676434918 ], [ -74.17726378969212, 4.590352439013884 ], [ -74.177269550749145, 4.590351359827423 ], [ -74.177474178890179, 4.590313034319138 ], [ -74.177478796009609, 4.590312170070661 ], [ -74.177486104799868, 4.590310801302508 ], [ -74.177506610241835, 4.590306961197371 ], [ -74.177515472161247, 4.590354604581364 ], [ -74.177502415803815, 4.590357189232918 ], [ -74.177494198698298, 4.590358816106516 ], [ -74.177284169228983, 4.590400400757915 ], [ -74.177276226416666, 4.590401973672215 ], [ -74.177263976751078, 4.590404399143779 ], [ -74.177258594308626, 4.590405464840387 ], [ -74.177248722450543, 4.590355261086472 ] ] ] } },
{ "type": "Feature", "properties": { "OBJECTID_1": 556, "id_interve": "19000858", "nomenclatu": "CL 62 S", "tipo_inter": 1, "loccodigo": "19", "barrio_leg": "URBANIZACION LAS HUERTAS", "numero_con": 633, "año_contr": 2023, "numero_c_1": 636, "año_con_1": 2023, "tipo_contr": 1, "estado_con": 0, "entidad_co": 1, "enlace_con": "https:\/\/community.secop.gov.co\/Public\/Tendering\/ContractDetailView\/Index?UniqueIdentifier=CO1.PCCNTR.5347399&AwardContractDetailId=3706520&IsFromMarketplace=False&IsFromContractNotice=True&isModal=tr*", "id_element": 0, "tipo_eleme": 0, "funcion_el": 0, "area_eleme": 0.0, "SHAPE_Leng": 0.0, "Shape_Area": 1.2605828404100001e-08 }, "geometry": { "type": "Polygon", "coordinates": [ [ [ -74.177506610241835, 4.590306961197371 ], [ -74.177521429270485, 4.590304184990202 ], [ -74.177529476404175, 4.59030267772647 ], [ -74.177534098020146, 4.590301812578616 ], [ -74.177740162378541, 4.59026321817305 ], [ -74.177742736238258, 4.590262736136424 ], [ -74.177753403996348, 4.590260737842812 ], [ -74.177769799536577, 4.590257667557353 ], [ -74.17777815603705, 4.590302593190188 ], [ -74.177769223071152, 4.590304361257324 ], [ -74.177761380083609, 4.590305914386477 ], [ -74.177750259067182, 4.590308116826179 ], [ -74.177747206768117, 4.590308720271253 ], [ -74.177547187652522, 4.590348323716228 ], [ -74.177539427402621, 4.590349861556888 ], [ -74.177515472161247, 4.590354604581364 ], [ -74.177506610241835, 4.590306961197371 ] ] ] } },
{ "type": "Feature", "properties": { "OBJECTID_1": 557, "id_interve": "19000831", "nomenclatu": "CL 62 S", "tipo_inter": 1, "loccodigo": "19", "barrio_leg": "URBANIZACION LAS HUERTAS", "numero_con": 633, "año_contr": 2023, "numero_c_1": 636, "año_con_1": 2023, "tipo_contr": 1, "estado_con": 0, "entidad_co": 1, "enlace_con": "https:\/\/community.secop.gov.co\/Public\/Tendering\/ContractDetailView\/Index?UniqueIdentifier=CO1.PCCNTR.5347399&AwardContractDetailId=3706520&IsFromMarketplace=False&IsFromContractNotice=True&isModal=tr*", "id_element": 0, "tipo_eleme": 0, "funcion_el": 0, "area_eleme": 0.0, "SHAPE_Leng": 0.0, "Shape_Area": 1.43534660535e-08 }, "geometry": { "type": "Polygon", "coordinates": [ [ [ -74.176980642642491, 4.590405470236306 ], [ -74.176993527229456, 4.590403056455955 ], [ -74.177000952931621, 4.590401666104071 ], [ -74.177005690560122, 4.590400778473224 ], [ -74.177218656315915, 4.590360892641115 ], [ -74.177225968703453, 4.590359522074323 ], [ -74.177232207300506, 4.590358354754301 ], [ -74.177248722450543, 4.590355261086472 ], [ -74.177258594308626, 4.590405464840387 ], [ -74.177243774380656, 4.590408400227545 ], [ -74.177234504169007, 4.590410235743832 ], [ -74.177233678591335, 4.590410399420421 ], [ -74.177022485399334, 4.590452215197615 ], [ -74.177021451178973, 4.590452419343706 ], [ -74.177011660259893, 4.590454357382725 ], [ -74.176990514500631, 4.590458544626188 ], [ -74.176980642642491, 4.590405470236306 ] ] ] } }
]
}
